austlang_code,primary_name,lat,lon,state_territory,location_info
K55,Unggarrangu,-16.69360094,123.6706818,WA,<p>Northeastern side of King Sound from east side of Stokes Bay north to Crawford Bay and the eastern islands of the sound from Helpman Island to Caffarelli; not on inshore islands east of Byron Island. On mainland they went inland only for about 10 miles (15 km.) (Tindale 1974).</p><p>All islands on east side of King George's Sound (Oates 1975:55). There was no direct information on the territorial associations of Unggurranggu in 2007. Bardi and Jawi owners however agreed that the eastern neighbours of Jawi were Unggurranggu and not Umiide (Bowern p.c. in Harvey AILEC 0802).</p>
E28,Wakka Wakka,-26.45133412,151.903029,QLD,"<p>Wakka Wakka is located in southeast Queensland, extending south to the Brisbane River, west to the Bunya Mountains and Boyne River, east to the Jimna Range and north to the Burnett River, Gayndah and Mundubbera (Kite & Wurm 2004:6).</p><p>Neighbouring languages include Gooreng Gooreng <a href=""/austlang/language/E32"">E32</a> to the north, Gubbi Gubbi <a href=""/austlang/language/E29"">E29</a> to the east,  Giabal <a href=""/austlang/language/D41"">D41</a> and Jarowair <a href=""/austlang/language/E81"">E81</a> to the south, Dalla <a href=""/austlang/language/E25"">E25</a>, Nalbo <a href=""/austlang/language/E90"">E90</a>, Duungidjawu <a href=""/austlang/language/E20"">E20</a>, Garumngar <a href=""/austlang/language/E88"">E88</a> to the southeast and Wuli Wuli <a href=""/austlang/language/E89"">E89</a>, Djagunda <a href=""/austlang/language/E27"">E27</a> and Barunggam <a href=""/austlang/language/D40"">D40</a> to the west.</p>"
A115,Nharnu,,,WA,"<p>spoken in the far north-east of Wajarri country, in the area north-west of Meekatharra, perhaps up around the small community of Yulga Jinna (Marmion 2015 p.c.)</p>"
Y4,Kulkalgaw Ya,-9.941779927,143.0394399,TSI,"<p>Kulkalgaw Ya is located on the islands of Aurid, Damut, Iama, Masig, Mauar, Naghir, Poruma and Warraber in Zenadth Kes (Torres Strait)(Torres Strait Traditional Language Centre 2026).</p><p>Neighbouring languages include Torres Strait Creole <a href=""P2"" rel=""noopener noreferrer"">P2</a>, Waru lag <a href=""Y227"" rel=""noopener noreferrer"">Y227</a> to the northeast, Kalaw Kawaw Ya <a href=""Y2"" rel=""noopener noreferrer"">Y2</a> to the northwest, Meriam Mir <a href=""Y3"" rel=""noopener noreferrer"">Y3</a> to the east, Kawalgaw Ya <a href=""Y5"" rel=""noopener noreferrer"">Y5</a> to the southwest and Mabuyag <a href=""Y239"" rel=""noopener noreferrer"">Y239</a> to the west.</p>"
A106,Najanaja,,,WA,<p>... located ocean side of Bidyadanga (McKelson & Dodd 2007:191).</p>
L69,Northern Dhirari,,,,<p>Killalpaninna (Austin 1981:4).</p>
N76,Ngalkbon,,,,
A108,Nankilakuthu,,,WA,<p>... the top of Nyiyaparli country [Pilbara] (Wangka Maya PALC 2012:ii).</p>
A109,Martuyitha,,,WA,
E27,Djagunda,-26.05034841,150.8351369,QLD,"<p>Djagunda is located in the area surrounding Kumbia in southeast Queensland, extending across the upper Boyne and Auburn Rivers, north to Hawkwood and south to the Great Dividing Range (Capell 1963:5; Tindale 1974:167).</p><p>Neighbouring languages include Wuli Wuli <a href=""/austlang/language/E89"" rel=""noopener noreferrer"">E89</a> to the north, Wakka Wakka <a href=""/austlang/language/E28"" rel=""noopener noreferrer"">E28</a> to the east, Barunggam <a href=""/austlang/language/D40"" rel=""noopener noreferrer"">D40</a> to the south and Yiman <a href=""/austlang/language/E31"" rel=""noopener noreferrer"">E31</a> to the west.</p>"
A114,Mileura Wajarri,,,WA,<p>Mileura station (Elefsiniotis 2007 p.c.)</p>
A111,Windaga,,,WA,<p>... from Norseman to Peak Charles (von Brandenstein 1980:2)</p>
L12,Wadigali,-29.26078824,141.2096483,"NSW,QLD,SA","<p>Yandama and Callabonna creeks; east to Milpa-rinka and Naryilco; at Lake Pinaroo, Tilcha, and Yandama (Tindale 1974).</p>"
D41,Giabal,-27.69038241,151.7555301,QLD,"<p>Giabal is located in the Darling Downs region, QLD. It extends from Ipswich in the east, south to Allora, west to Millmerran, north to Dalby and east to Toowoomba and Gatton (Capell 1963:6; Kite & Wurm 2004:6).</p><p>Neighbouring languages include Jarowair <a href=""/austlang/language/E81"">E81</a>, Garumngar <a href=""/austlang/language/E88"">E88</a> and Wakka Wakka <a href=""/austlang/language/E28"">E28</a> to the north, Yuggera <a href=""/austlang/language/E23"">E23</a> and Turrbal <a href=""/austlang/language/E86"">E86</a> to the east and south, and Bigambul <a href=""/austlang/language/D34"">D34</a> to the west.</p>"
A79,Yinhawangka,-24.45577843,119.0782641,WA,"<p>On Hardey River south of Rocklea; southeast along upper Ashburton River from Turee Creek upstream to Kunderong Range and Angelo River; south only a short distance from the main Ashburton River channel to the north of Mount Vernon Station (Tindale 1974).</p><p>On Lyons and North Lyons rivers west to near Mount Phillips and to Peedawarra Bluff; east to eastern end of Teano Range; south to about Mount Augustus (Tindale 1974 for Ninanu).</p><p>... in the inland Ashburton region on the upper plateau of the Hamersley Ranges. Nowadays traditional country includes low-lying areas from Palm Springs, to Bellary Springs and on to Paraburdoo, including sites near Seven Mile Creek and the Ashburton River. (Wangka Maya PALC 2008:iv).</p><p>Contemporary location: Onslow, Bellary Springs community, Warrkuthurni community. (Wangka Maya PALC 2008:iv). Tom Price, Ballary Springs, Port Hedland, Woodstock (Dixon 2011:44).</p>"
K30,Malngin,-17.23515381,129.3537164,"NT,WA","<p>Eastward limit: General limit was the drainage of Stirling Creek. Limbunya homestead was affiliated with Malngin. Midnight Yard was the easternmost extension of Malngin affiliations. Northward limit: There was no precise information on the northward limit in 2007. Bamboo Spring was affiliated with Malngin. The headwaters of the West Baines above Waterloo homestead. Waterloo homestead was affiliated with Nyiwanawu. Westward limit: There was no precise information on the westward limit in 2007. Spring Creek homestead, Mistake Creek homestead, New and Old Ord River homesteads were all affiliated with Malngin. The Bungle Bungle Range was affiliated with Gija. Southward limit: This is inferred on the basis of information Tsunoda provides on Djaru, and on the information for the northern limit of Wanyjirra (Harvey ASEDA 802).</p>"
E81,Jarowair,-27.21168959,151.6777654,QLD,"<p>Jarowair is located in the Darling Downs region, QLD. It extends north of Toowoomba and Oakey on the Rosalie Plains to Crows Nest, northwest to Bell, south to Dalby and along the western slopes of the Great Dividing Range (Tindale 1974:170; French 1989:13; Kite & Wurm 2004:6).</p><p>Neighbouring languages include Wakka Wakka <a href=""/austlang/language/E28"">E28</a> to the north and east, Giabal <a href=""/austlang/language/D41"">D41</a> to the south and Barunggam <a href=""/austlang/language/D40"">D40</a> to the west.</p>"
L1,Narungga/Nharangga,-34.48186913,137.5910412,SA,"<p>Yorke Peninsula; north to Port Broughton; east to Hummock Range; at Bute, Wallaroo, Ardrossan, Marion Bay, and Cape Spencer. Four named hordes are known (Tindale 1974).</p>"
Y181,Western Ayapathu,,,QLD,
E20,Duungidjawu,-26.97314864,152.5741404,QLD,"<p>Duungidjawu is located in southeast Queensland. It extends from Caboolture in the east through Gunundjin at the junction of the Stanley and Brisbane Rivers, including Durundur, Villeneuve and Woodford to Mt Kilcoy (Kite &amp; Wurm 2004:5). It also extends west to Moore and the Brisbane River and north to the Jimna Range (Kite &amp; Wurm 2004:5).</p><p>Neighbouring languages include Dalla <a href=""/austlang/language/E25"" rel=""noopener noreferrer"">E25</a> to the north, Ngoera / Nalbo <a href=""/austlang/language/E22"" rel=""noopener noreferrer"">E22</a> to the east, Garumngar <a href=""/austlang/language/E88"" rel=""noopener noreferrer"">E88</a> to the south and Wakka Wakka <a href=""/austlang/language/E28"" rel=""noopener noreferrer"">E28</a> to the west and northwest.</p>"
Y186,Mpakwithi,-12.28402216,141.9331705,QLD,"<p>Refer to 'Bakwithi' (map in Crowley, 1981).</p>"
Y195,Rimanggudinhma,-14.48683794,143.7825099,QLD,"<p>Dinner Creek and Five Mile River systems, abutting Morrabalama and Umpithamu to the north and Kuku Thaypan to the south (Sutton 2007 p.c.). The Bighurrnggudinh clan has countries to the north along the Annie River, starting at Ngawal where it has a shared 'company' interest. Their southern neighbours along the Five Mile River is the Badhorrnga clan, who spoke a variety of the same language - the latter was called Port Stewart Lamalama by Ken Hale (Rigsby 1992:356).</p>"
K21,Wanyjirra,-18.10586567,129.7059148,WA,"<p>The general associations were to the drainages into Nongra Lake and the section of Sturt Creek drainage around Inverway homestead (Harvey ASEDA 802).</p><p>The Wanyjirra language was traditionally spoken around Inverway and Birrindudu stations, Northern Territory (Tsunoda 1998) [...] However, Tsunoda's data was collected mainly in traditional Djaru territory, i.e. Halls Creek or Nicholson station, Western Australia. This is because many Wanyjirra people have moved from their traditional territory into surrounding areas. (Senge 2008:4).</p>"
Y197,Ogh Angkula,,,QLD,<p>Palmer River Valley & southwards (Oates 1975:291).</p><p>... near Rosser Creek [Cape York Peninsula] (West 1965 in Alpher 2016:42).</p>
T16,palawa kani,-42.1817,146.5,TAS,<p>Tasmania</p>
A22,Marawa,-28.77151428,125.3463879,WA,
E87,Dungibara,-27.22491848,152.4172253422103,QLD,"<p>Dungibara is located on the Upper Pine River and D'Auguilar Range, QLD (Tindale 1974:166). It extends north of Esk and on the western side of the Brisbane River, possibly as far north as Mt Stanley (Tindale 1974:267; Steele 1983:265).</p><p>Neighbouring languages include Buyibara <a href=""/austlang/language/E24"">E24</a> and Wakka Wakka <a href=""/austlang/language/E28"">E28</a> to the north, Duungidjawu <a href=""/austlang/language/E20"">E20</a> to the east, Garumngar <a href=""/austlang/language/E88"">E88</a> to the southeast, Giabal <a href=""/austlang/language/D41"">D41</a> to the south and Yiman <a href=""/austlang/language/E31"">E31</a> and Jarowair <a href=""/austlang/language/E81"">E81</a> to the west.</p>"
A27,Mudalga,-27.75221032,123.6548741,WA,
Y207,Uw El,-15.1455139,141.8282078,QLD,"<p>... at the far northwest of the Oykangand area (that would be, I guess, most downriver on the Mitchell) (Sommer according to Alpher 2007 p.c.).</p><p>Clay Hole on the north side of the Mitchell River (Sommer 2007 p.c.).</p>"
A28,Bunggura,-27.28614141,130.4633711,WA,
N95,Wurlaki,,,NT,<p>(Djinang)</p>
N98,Malarbardjuradj,,,NT,<p>(Dhuwala)</p>
N99,Wilingura,-15.70856193,135.9306831,NT,"<p>South of Mara (Basedow 1907:32).</p><p>The drainages of Bing Bong Creek, Pine Creek, and Rosie Creek. Bing Bong homestead was associated with Yanyuwa. There is no precise information on how far inland Wilangarra affiliations extended, but Lorella Spring appears to have been in the changeover zone to Marra (Harvey AILEC 0802).</p><p>... they came down onto the coast near present day Bing Bong Station and went up north to just to the north of west of Rosie Creek mouth, (Bradley 2007 p.c.).</p>"
Y20,Anguthimri,-12.37773248,141.8360942,QLD,"<p>... an area from the mouth of the Mission River, west to Duyfken Point, north to the Pennefather River, and as far as the southern and western banks of the Wenlock River between about Batavia Landing and Gibson Waterhole (Crowley 1981:149-150).</p>"
L3,Kaurna,-34.42714719,138.4084662,SA,"<p>Adelaide Plain (Amery 1995) Cape Jervis to Port Wakefield along eastern shore of Gulf St. Vincent; inland to near Crystal Brook, Snowtown, Blyth, Hoyleton, Hamley Bridge, Clarendon, Gawler, and Myponga; from the east side of the Hummock Range to Red Hill where northern hordes were sometimes known as the Nantuwara. Inland the Jultiwira or stringy bark forests of the Mount Lofty Ranges marked their boundary (Tindale 1974). The Map in Amery 2000 extends to north of Crystal Brook.</p>"
E22,Ngoera / Nalbo,-27.0690521,152.3593426,QLD,"<p>Ngoera / Nalbo is located on the Mary River plains, QLD. It extends from the headwaters of the Mary and Brisbane Rivers along the eastern slopes of the Blackall Range, north to Eumundi, south to Beerwah and Caboolture, including the Glasshouse Mountains (Tindale 1974:166; Langevad 1983:27; Jones 1990:7; Kite & Wurm 2004:5).</p><p>Neighbouring languages include Gubbi Gubbi <a href=""/austlang/language/E29"">E29</a> to the north and east, Duungidjawu <a href=""/austlang/language/E20"">E20</a> to the south and Dalla <a href=""/austlang/language/E25"">E25</a> to the west.</p>"
Y210,Kirka,-14.93100124,141.6657473,QLD,<p>South side of Chapman R. as /Palipan/ (1968).</p>
E24,Buyibara,-27.22108106,152.9281923,QLD,"<p>Buyibara is located in the South Burnett region, QLD, on Wakka Wakka <a href=""/austlang/language/E28"">E28</a> Country (Steele 1984:270). It extends from Kingaroy in the north, southeast to Esk and west along Blackbutt Range and the Bunya Mountains (Capell 1963:4; Steele 1984:270; Jones 2009:10).</p><p>Neigbouring languages include Wakka Wakka <a href=""/austlang/language/E28"">E28</a> to the north and east, Dungibara <a href=""/austlang/language/E87"">E87</a>, Jarowair <a href=""/austlang/language/E81"">E81</a> and Yiman <a href=""/austlang/language/E31"">E31</a> to the south and Djagunda <a href=""/austlang/language/E27"">E27</a> to the west.</p>"
P4,Aboriginal English,,,,<p>Varieties of Aboriginal English are spoken throughout Australia.</p>
E26,Guwar,-27.16768654,153.4003411,QLD,"<p>Guwar is located on Moreton Island, QLD. </p><p>Neighbouring languages include Moondjan <a href=""/austlang/language/E21"">E21</a> and Jandai <a href=""/austlang/language/E19"">E19</a> on Stradbroke Island to the south, and Yuggera <a href=""/austlang/language/E23"">E23</a> and Turrbal <a href=""/austlang/language/E86"">E86</a> on the mainland to the west. </p>"
L42,Yirandali,-21.1570842,144.2829284,QLD,"<p>On upper Dutton and Flinders rivers west of the Great Dividing Range, from near Mount Sturgeon south to Caledonia; west to near Richmond, Corfield, and east of Winton; on Torrens, Tower Hill, and Landsborough Creeks; at Lammermoor, Hughenden, and Tangorin (Tindale 1974).</p>"
Y231,Yaraytyana,-11.0918207,142.7056851,QLD,"<p>Between White Sands and Escape River along the Coral Sea coast was the original home of the Yadhaykenu and the Yaraytyana. The Yarattyana apparently occupied the coastal area to the north of Orford Bay. Ray's placement of Yaraytyana on his map around Bamaga (1907) is quite mistaken. Very early in the history of white settlement of the peninsula, the Yaraytyana and Yadhaykenu migrated to the Somerset area as the original Cape people became extinct (Crowley 1983:310-311).</p>"
S18,Ngintait,-34.37300823,141.1084427,SA,"<p>Principally on southern bank of Murray River from above Paringa, to near Mildura, Vic.; southern limits approximately 50 miles (80 km.) from river; at Ned Corner, Vic., and Salt Creek, N.S.W. (Tindale 1974). ... the country on both sides of the Murray River, below Salt Creek about Ned's Corner Station (Radcliffe-Brown 1918:247).</p>"
Y233,Wakaman,-17.21045196,144.5984228,QLD,"<p>Speakers of the Kuku Yalanji language traditionally inhabited an area of over 2000 sq km extending from the Mossman River in the south to the Annan River in the north, bordered by the Pacific Ocean in the east and extending inland to presumably just west of Mt Mulgrave (Patz 2002:6)</p>"
E29,Gubbi Gubbi,-26.0056033,152.6675373,QLD,"<p>Gubbi Gubbi is located in southeast Queensland. It extends southwards from Bundaberg and the Burnett District along the coast, including Hervey Bay and Wide Bay, ending around the Sunshine Coast and Nambour (Mathew 1880:312; Capell 1963:6; Tindale 1974:172; Holmer 1983:2). The westernmost points are Kilkivan and Childers (Capell 1963:6). This area includes Gympie, Maryborough, and Miva. </p><p>Neighbouring languages include Gooreng Gooreng <a href=""/austlang/language/E32"">E32</a>, Goeng Goeng <a href=""/austlang/language/E36"">E36</a>, and Taribelang <a href=""/austlang/language/E33"">E33</a> to the north, Butchulla <a href=""/austlang/language/E30"">E30</a> on K'Gari and the adjacent mainland in the east, Dalla <a href=""/austlang/language/E25"">E25</a> and Ngoera / Nalbo <a href=""/austlang/language/E22"">E22</a> to the south, and Wakka Wakka <a href=""/austlang/language/E28"">E28</a> to the west and southwest. </p>"
L50,Midlaliri,-29.18670533,135.3837715,SA,<p>the Stuart Range and adjacent tablelands area (Hercus 1994: 6)</p>
D63,Northern Dharawal,,,,"<p>Northern Dharawal is located in an area around the south of Botany Bay and the La Perouse area in Sydney, NSW. This includes the Kurnell Peninsula and possibly at the Georges River (Oates 1975:199). It may have extended across the majority of the Cronulla area and Sutherland Shire, west to Liverpool (Lawrence 1999:2).</p><p>Neighbouring languages include Eora <a href=""/austlang/language/S61"" rel=""noopener noreferrer"">S61</a> and Dharug / Darug <a href=""/austlang/language/S64"" rel=""noopener noreferrer"">S64</a> to the north, Dhurga <a href=""/austlang/language/S53"" rel=""noopener noreferrer"">S53</a> to the south and Gundungurra / Gandangara <a href=""/austlang/language/S60"" rel=""noopener noreferrer"">S60</a> to the west.</p>"
L57,Minkabari,-28.87314392,142.6017432,QLD,<p>At Bulloo Downs (Oates 1975:177).</p>
S1,Warki,-35.46000501,138.8509463,SA,<p>North and west of Lake Alexandrina from Grote Hill to Currency Creek; also on eastern and western extremities of Hindmarsh Island (Tindale 1974).</p>
S56,Dharamba,-35.15101581,150.3412006,NSW,"<p>Dharamba is located on the South Coast, NSW. It includes the localities of Braidwood, Ulladulla, Moruya, and Jervis Bay, NSW. It extends between the Shoalhaven River and Ulladulla, reaching inland to the Great Dividing Range (Besold 2012:4).</p><p>Neighbouring languages include Dharawal <a href=""/austlang/language/S59"" rel=""noopener noreferrer"">S59</a> to the north, and Dhurga <a href=""/austlang/language/S53"" rel=""noopener noreferrer"">S53</a> to the south, and Ngunawal / Ngunnawal <a href=""/austlang/language/D3"" rel=""noopener noreferrer"">D3</a> and Gundungurra / Gandangara <strong style=""color: oklch(0.437 0.078 188.216);""><a href=""https://aiatsis.gov.au/austlang/language/S60"" rel=""noopener noreferrer"">S60</a> </strong>to the west.</p>"
L5,Ngadjuri,-32.93016066,139.0812316,SA,"<p>From Angaston and Freeling north to Clare, Crystal Brook, Gladstone, Carrieton, and north of Waukaringa to Koonamore; east to Mannahill; in Orroroo, Peterborough, Burra, and Robertstown districts (Tindale 1974:214).</p>"
N116.X,Ngaymil,,,NT,<p>(Dhangu)</p>
Y40,Ndorndorin,,,,"<p>Aurukun Mission area, Q. (Oates & Oates 1970:199).</p><p>Eastern Cape York [SD54-03]. Traditionally spoken in Winda Winda Creek, between Archer and Mission Rivers. Following removals later spoken in the Northern Peninsula Area [SC54-15]: New Mapoon, Injinoo and Cowal Creek communities. (State Library of Queensland <http://www.slq.qld.gov.au/resources/atsi/languages/indigenous-languages-map?result_240451_result_page=5>).</p>"
N116.Y,Nungudulbuy,,,NT,
S96,Hawkesbury River - Broken Bay language,-33.50570358,151.2190358,NSW,"<p>Hawkesbury River - Broken Bay language is located on the Central Coast of NSW. It extends across the north side of Broken Bay and the lower region of the Hawkesbury River (Wafer &amp; Lissarrague 2008:144). This region is also described as Darkinyung <a href=""/austlang/language/S65"" rel=""noopener noreferrer"">S65</a> Country.</p><p>Neighbouring languages include Wanarruwa <a href=""/austlang/language/S63"" rel=""noopener noreferrer"">S63</a> to the north, Awabakal <a href=""/austlang/language/S66"" rel=""noopener noreferrer"">S66</a> to the east, Dharug / Darug <a href=""/austlang/language/S64"" rel=""noopener noreferrer"">S64</a> in the south and Wiradjuri <a href=""/austlang/language/D10"" rel=""noopener noreferrer"">D10</a> to the west.</p>"
Y52,Wik Epa,-13.8954436,141.7887661,QLD,<p>... countries on the middle Kirke River (Sutton 1978:37).</p>
N118,Dhay'yi,-13.37364795,135.7620122,NT,<p>Shores of Blue Mud Bay north to the Koolatong River and inland to an important source of implement stone at Ngilipidji (Tindale 1974).</p>
S99,Hunter River - Lake Macquarie language,,,NSW,"<p>The name of the Hunter River - Lake Macquarie language describes its regional distribution. See locations listed the various dialects: Awabakal (<a href=""/austlang/language/S66"">S66</a>), Wanarruwa (<a href=""/austlang/language/S63"">S63</a>), Kuringgai (<a href=""/austlang/language/S62"">S62</a>) and Kayawaykal (<a href=""/austlang/language/E1"">E1</a>).</p>"
S29,Wadawurrung,-37.83817245,143.9211996,VIC,"<p>... from the coast around Geelong inland to include Beaufort and Ballarat (Blake 1988:59). ... south of Geelong toward Lorne, north toward Ballarat and then south east to the Werribee River (Pascoe 2003:19). ... between the Werribee River, Mt Emu, the northern shores of Lake Corangamite and Birregurra, including the coast east of Cape Otway (Scarlett 1977:2).</p>"
A91,Nyardi,-18.62299162,125.2755039,WA,<p>Cf. map in Harvey (2008)</p>
N11,Pungupungu,-13.37733792,130.4467343,NT,"<p>... on the North bank of Daly River (Stanner 1933 as quoted by Tryon 1974). On both banks of the Daly River inland from the coastal Wogait (Tindale 1974). ... south of the Wogait, on the Daly river (Basedow 1907:2).</p><p>Traditional Pungu Pungu country was on the north bank of the Daly River, south of Batjamalh country (Green & Nordlinger, viewed November 2020).</p>"
D23,Gamilaraay / Gamilaroi / Kamilaroi,-29.72305819,149.8333724,NSW,"<p>Gamilaraay/Gamilaroi/Kamilaroi is located in northwest New South Wales. It is roughly bounded by Walgett, Goodooga, Mungindi, Goondiwindi, Ashford, Tamworth, Murrurundi and Coonabarabran (Ash, Giacon &amp; Lissarrague 2003:5).</p><p>Peter Austin (2008:38) describes the Gamilaraay / Gamilaroi / Kamilaroi region as a little broader, saying that it was spread &#39;over a vast area of New South Wales [...extending] west of the Great Dividing Range, apparently from as far south as near the current town of Murrurundi and the Page River, to the areas where are now located Tamworth, Narrabri, Moree, Boggabilla, Mugindi, Collarenebri, Walgett and Gunnedah.&#39;</p><p>Neighbouring languages include Yuwaalaraay <a href=""/austlang/language/D27"" rel=""noopener noreferrer"">D27</a> and Yuwaalayaay <a href=""/austlang/language/D54"" rel=""noopener noreferrer"">D54</a> to the west, Bigambul <a href=""/austlang/language/D34"" rel=""noopener noreferrer"">D34</a> to the north, Wayilwan <a href=""/austlang/language/D20"" rel=""noopener noreferrer"">D20</a> and Wiradjuri <a href=""/austlang/language/D10"" rel=""noopener noreferrer"">D10</a> to the south, and Bundjalung <a href=""/austlang/language/E12"" rel=""noopener noreferrer"">E12</a>, Ngarbal <a href=""/austlang/language/E68"" rel=""noopener noreferrer"">E68</a>, Gumbayngirr <a href=""/austlang/language/E7"" rel=""noopener noreferrer"">E7</a>, Southern Anaiwan <a href=""/austlang/language/D24"" rel=""noopener noreferrer"">D24</a>, Birrbay <a href=""/austlang/language/E3"" rel=""noopener noreferrer"">E3</a>, and Gweagal <a href=""/austlang/language/E1"" rel=""noopener noreferrer"">E1</a> to the east.</p>"
S36,Woiwurrung,-37.74220325,145.2932175,VIC,"<p>Yarra Valley from the catchment area down to Heidelberg (Wurundjeri-balluk tribe), south of the Yarra valley extending down to Dandenong, Cranbourne and the Koo-wee-rup Swamp (Buluk-wilam tribe), between Mount Macedon and Daylesford (Kunnung-willam baluk tribe), around Bacchus Marsh (Kurung-jang-baluk tribe), land to the west of the Maribyrnong with Sunbury as a centre (Marinbulluk or Boi-berrit tribe), between Maribyrnong and the Yarra (Kurnaje-berreing tribe) (Blake 1991:46-47).</p><p>Yarra and Maribynong watersheds, bounded on the north by the Dividing Range from Mt. Bawbaw westward to Mt. William and Mt. Macedon, and on west by the Werribee River, defined by Robinson and Howitt's Kulin informants as the boundary between Woi wurrung and Wada wurrung (Clark 1990:379).</p>"
D66,Wirraay-Wirraay,-28.21952692,148.197097,QLD,"<p>Wirraay-Wirraay is located around the Balonne River in South-Central Queensland, near the New South Wales border (Barlow 1873:174 in Wafer & Lissarrague 2008:219).</p>"
S31,Kurung,,,,<p>... west side of Port Phillip Bay between Werribee River and Geelong; inland up Moorabool River to Dividing Range; westward toward Ballarat; at Ballan (Tindale 1974).</p>
Y70,Yuwula,,,QLD,"<p>Juwula (Capell,1963: <a href=""/austlang/language/Y75"">Y75</a>)</p><p> Location: Headwaters of Hahn and Morehead Rivers and westwart across the Divide to headwaters of Alice R. (LMW). </p><p>Information: Studied by L. West from the last speaker.</p>"
D65,Wirraayaraay,-32.09839624,148.58653,NSW,"<p>Wirraayaraay is located in an area surrounding the Gwydir River, encompassing Moree, Bingara, Warialda, Yallaroi and Wallangra (Capell 1963:17; Tindale 1974:200). Wafer and Lissarrague (2008:218) argue that it was spoken &#39;south of Gamilaraay&#39;, placing it closer to Dubbo, Gilgandra, and Coonabaraban, bordering Wiradjuri <a href=""/austlang/language/D10"" rel=""noopener noreferrer"">D10</a>.</p>"
N161,Marri Tjevin,-13.89279577,129.8490531,NT,"<p>Swamplands at mouth of Moyle River and coastal country near Cape Dombey (Tindale 1974).</p><p>Marri Tjevin and Marri Ammu are two closely related dialects whose country lies along the coast north of the mouth of the Moyle River, extending up towards the Dashwood Plains. Marri Tjevin occupies the southern part of this area, with Magati Ke and Marri Ngarr to the south. Marri Ammu then has Menthe and Merranunggu to its north and north-east respectively. Their sister dialect Marrithiyel lies to their east. There are a number of active outstations on Marri Tjevin and Marri Ammu country proper, with Marri Tjevin and Marri Ammu communities also resident at Wadeye (Green & Nordlinger viewd November 2020).</p>"
Y75,A'ragu,,,,"<p>Between Laura and Cape Stakey, south of Princess Charlotte Bay, Q (Capell 1963, Oates & Oates 1970:202).</p><p>Laura area to Jack Lakes (West 1965).</p>"
A87,Wangkajunga,-20.57646586,126.5032336,WA,"<p>... north-eastern section of the Great Sandy Desert and the Canning Stock Route (Jones 2002). South and west of Lake Gregory (Oates 1975:126).</p><p>Contemporary location: Fitzroy Crossing, Christmas Creek Station, Bohemia Downs Station Fitzroy Valley (Jones 2002).</p>"
S44,Dhudhuroa,-36.36416851,147.6925952,VIC,"<p>Dhudhuroa is located in the Ovens Murray region, VIC. It extends on the Victorian side of the Murray River, from Albury in the east to Jingellic and Tintaldra in the west (Tindale 1974:204; Blake 1998:3; Eira 2008:152). This area includes the Mitta Mitta and Kiewa rivers. </p><p>Neighbouring languages include Wiradjuri <a href=""D10"" rel=""noopener noreferrer"">D10</a> to the north, Walgalu <a href=""S47"" rel=""noopener noreferrer"">S47</a> to the east, Gundungerre / Yaithmathang <a href=""S43"" rel=""noopener noreferrer"">S43</a> and Kurnai <a href=""S68"" rel=""noopener noreferrer"">S68</a> to the south, and Waywurru / Pallanganmiddang <a href=""S89"" rel=""noopener noreferrer"">S89</a> to the west.</p>"
A8,Murunitja,-30.30238579,126.0307175,WA,<p>Northern margin of Nullarbor Plain from Naretha to about north of Loongana; northward for about 100 miles (160 km.); at Rawlinna and Walawuluna Rockhole (Tindale 1974).</p>
Y91,Gonaniin,,,,"<p>... coast south of Nassau River, Q (Oates & Oates 1970:203).</p>"
A90,Nyanyany,,,,"<p>... between the south-east of Bohemia Downs and Sturt Creek, with the southernmost point Gregory Salt Lake (Barugu) (Kolig, nd: 2)</p>"
E84,Karunbara,-23.53207334,150.1000323,QLD,"<p>Karunbara is located in Rosewood, Central Queensland, on Darumbal <a href=""/austlang/language/E46"" rel=""noopener noreferrer"">E46</a> Country (Tindale 1974:21). Karunbara people are described as traditionally travelling to Morinish, Yaamba, Westwood, Rockhampton and along the Dawson River to Duaringa (Roth 1898 in Terrill 2002:13).</p><p>Neighbouring languages include Biri <a href=""/austlang/language/E56"" rel=""noopener noreferrer"">E56</a> varieties to the north and west, and Baiali <a href=""/austlang/language/E42"" rel=""noopener noreferrer"">E42</a> to the south.</p>"
A102,Pindiini,-29.46595664,127.7662611,WA,"<p>Northern margin of Nullarbor Plain from north of Hughes, So. Aust., to north of Loongana; northward from the plain margin for about 150 miles (240 km.) (Tindale 1974).</p>"
A97,Cheangwa language,-27.49908684,116.4015535,WA,<p>Cheangwa Hill' (Coordinates: 116.23 x 27.29).</p>
N184,Ilgar,-11.07092598,132.9074224,NT,<p>Grant Island near Croker Island (Harvey PMS 5822). The islands east of Croker Island including Darch Island (Harvey AILEC 802). ... situated among the islands in the vicinity of Croker (Marrala et al. 2008:viii)</p>
A101,Naaguja,-28.1355411,114.7644712,WA,"<p>Chapman Valley (Gratte, 1998)</p>"
E82,Wapabara,-23.19138657,150.9668473,QLD,"<p>Wapabara is located on the islands of Keppel Bay, QLD. This includes the islands of Konomie (North Keppel Island), Woppa (South / Great Keppel Island) and Burye (Humpy Island)(Terrill 2002:12; Woppaburra TUMRA 2020).</p><p>Neighbouring languages on the mainland include Darumbal <a href=""/austlang/language/E46"">E46</a> varieties to the east and Baiali <a href=""/austlang/language/E42"">E42</a> to the south.</p>"
S4,Ngaralda,-35.01894864,139.2284113,SA,"<p>On Murray River from Wood Hill to Port Mannum, to Bremer Creek, Palmer, Mt. Lofty Ranges, S.A. (Oates & Oates 1970:130, Capell 1963). the banks of the Murray River between Swanport and Mannum (Radcliffe-Brown 1918:243). Murray River from Wood Hill to Port Mannum; west to Bremer Creek, Palmer, and eastern scarp of Mount Lofty Ranges (Tindale 1974).</p>"
D70,Inuwon,,,,<p>West of the Range from Bundarra to Uralla. (MacPherson 1904:678)</p>
S64,Dharug / Darug,-33.81492894,150.9915266654264,NSW,"<p>Dharug / Darug is located in the Sydney region, NSW. The inland variety extends west of the Georges River, from the Hawkesbury River in the north to Appin in the south (Attenbrow 2010:35). This includes Parramatta, Lane Cove River and Berowra Creek, and extends as far west as the Blue Mountains (Steel &amp; Kohen 1996:223). The coastal variety extends from Port Jackson in the north, possibly as far as Broken Bay, to Botany Bay in the south and west to Parramatta (Attenbrow 2010:2010). This area is also described as Eora <a href=""/austlang/language/S61"" rel=""noopener noreferrer"">S61</a> Country.</p><p>Neighbouring languages include Darkinyung <a href=""/austlang/language/S65"" rel=""noopener noreferrer"">S65</a> and Kuringgai <a href=""/austlang/language/S62"" rel=""noopener noreferrer"">S62</a> to the north, Eora <a href=""/austlang/language/S61"" rel=""noopener noreferrer"">S61</a> to the east, Dharawal <a href=""/austlang/language/S59"" rel=""noopener noreferrer"">S59</a> and Gundungurra / Gandangara <a href=""/austlang/language/S60"" rel=""noopener noreferrer"">S60</a> to the south and Wiradjuri <a href=""/austlang/language/D10"" rel=""noopener noreferrer"">D10</a> to the west.</p>"
A103,Wangkatja,-29.86593028,122.698712,WA,"<p>Cundelee and Coonana (WA Handbook) Eastern Goldfields, around the Linden/Mulgabbie area, Cundelee (Fasolo 2008) Contemporary location The people spread to the towns of Laverton, Leonora, Menzies, and then on down to other Goldfields towns where many of them still live today. (Fasolo 2008:1)</p>"
A10,Ngurlu,,,WA,<p>Menzies to Malcolm; northwest to Mount Ida; east to Lake Raeside and Yerilla; at Lake Ballard. Their southern boundary lies at the change from their predominantly mulga country to the mallee Eucalypt country of the Maduwongga (Tindale 1974).</p>
C14,Alyawarr,-21.948371,135.5344463,NT,"<p>an area roughly bounded by Hatches Creek, Utopia, MacDonald Downs and Ooratippra (Yallop 1977:3) Sandover, Bundey, Ooratippra, and Fraser creeks; Mount Swan, northern face of Hart Range, Plenty River north and west of Ilbala, Jervois Range, Mount Playford, Elkedra River; at MacDonald Downs and Huckitta (Tindale 1974). The general territorial association was to the south-eastern drainages of the Davenport Ranges and thence eastwards to Argadargada waterhole. Eastward limit of associations in the Argadargada waterhole area where associations changed to Ayerrereng. Northern limit of associations along the drainage divide in the Davenport ranges from Skinner Creek to Yaddanilla Creek. Canteen Creek was associated with Wakaya. Western limit of associations was Skinner Creek drainage. Murray Downs was associated with Alyawarr. Ali Curung was associated with Kaytetye (Harvey ASEDA 802).</p>"
C18,Warumungu,-19.60271266,134.5051818,NT,"<p>Warumungu speakers live at Tennant Creek, to the north and east at Elliott, Kurntulpara, Ngurrara, Wogayala and Alroy Downs and on several oustations such as Likkapartta and Pingala; and to the south at Alekarenge and Karlinjarangi (Simpson 2002:3). Eastward limit: Bonney Creek and Kurrundi Creek drainages were associated with Warumungu. Whistleduck Creek drainage was associated with Wakaya. Rockhampton Downs homestead was associated with Warumungu. No14 bore was the western limit of Wakaya affiliations. Northward limit: There is no precise information on the northward limit. It was extrapolated on the basis of the information on the eastward and westward limits. Westward limit: The Ashburton Range south from Mt Grayling, The Whittington Range, The Short Range. Kartijirarrakanya Claypan appears to have been associated with Warlmanpa. Warrego Mine and Kunayungku OS were associated with Warumungu. The western associations extended south to approximately the level of the Davenport Ranges. Southward limit: Bonney Creek drainage was associated with Warumungu. Drainages heading southwards from the Younghusband and Davenport Ranges were associated with Kaytetye (Harvey ASEDA 802). Mount Grayling (Renner Springs) in the north; south to headwaters of Gosse River; east to Alroy and Rockhampton Downs, western boundary on edge of sand plain about 50 miles (80 km.), west of Tennant Creek (Tindale 1974).</p>"
N172,Gun.guluwala',,,NT,
A104,Pijikala,,,WA,<p>... to the north near Lake Waukarlykarly (Sharp 2004:4).</p>
A107,Nawurtu,,,WA,<p>... east of Bidyadanga (McKelson & Dodd 2007:191).</p>
A118,Ngarrka,,,WA,"<p>... east of Peak Hill (von Brandenstein, in Thieberger 1993).</p>"
A105,Nangu,,,WA,<p>... located south east of Bidyadanga (McKelson & Dodd 2007:190).</p>
C21,Pinkangarna,,,,<p>West of Lake Woods; east of upper Victoria River; principally in the parallel sand dune desert southwest to near a native place called Morerinju on Winnecke Creek (Tindale 1974:222).</p>
A121,Ngardi,,,WA,"<p>West of Walmanba, about WA border. East of Lake Gregory. (Oates 1975:133) ... about Lewis's Creek, immediately south of Sturt's Creek (Capell 1940:425).</p><p>The Ngardi speakers lived in an area roughly bounded by Balgo and the southern shore of Lake Gregory in the north, the NT-WA border in the east, the Mangkayi area (north of Lake Mackay) in the south and just east of the Canning Stock Route in the west (Cataldi ASEDA 0737).</p><p>Sandhill country west of the Tanami track, from Chilla Well, the Granites, and Gardiner Range extending west into Western Australia at Ima Ima (n.n. Ngaima ngaima) on Sturt Creek, to Balgo Hill (and the Pallotine Mission), also to Manggai, an unidentified water; they go south to near Milidjipi (129°40' E x 22°3'S) and to Tekkari, north of Lake Mackay (129°1'E x 21°50'S). These are two known native waters in otherwise unnamed country; at Lakes Hazlett, Lucas, White, and Wills. Some important but as yet unlocalized waters include Pinbin (near Lake Lucas), Lerauli, Ngandalara and Pinkatjana (near Emily Springs), Pindiri, Tjaldjiwan, Inindi (near Lake White), and Rabi (between Lakes Lucas and White). Their southern territory extends into large areas covered by mulga scrub (Tindale 1974).</p>"
Y2,Kalaw Kawaw Ya,-9.352026426,142.4788069,TSI,"<p>Kalaw Kawaw Ya is located on the islands of Saibai, Boigu and Dauan in Zenadth Kes (Torres Strait) and on the mainland in Seisia and Bamaga, QLD (Round &amp; Stirling 2015:253; Torres Strait Traditional Language Centre 2026).</p><p>Neighbouring languages include Torres Strait Creole <a href=""P2"" rel=""noopener noreferrer"">P2</a>, Waru lag <a href=""Y227"" rel=""noopener noreferrer"">Y227</a> to the northeast, Meriam Mir <a href=""Y3"" rel=""noopener noreferrer"">Y3</a> to the east, Mabuyag <a href=""Y239"" rel=""noopener noreferrer"">Y239</a> and Kawalgaw Ya <a href=""Y5"" rel=""noopener noreferrer"">Y5</a> to the south, and Kulkalgaw Ya <a href=""Y4"" rel=""noopener noreferrer"">Y4</a> to the southeast.</p>"
A110,Marlpa,,,WA,"<p>Rock-holes and soaks around Balladonia, reaching north to Kopai Cliffs with the Murrunidja as neighbours and south to Israelite Bay. The location given by Capell (1963) A.25 is correct. 14 speakers of varying quality left. (von Brandenstein 1970:3-4).</p>"
A20,Wilyara,-26.79961161,120.4156881,WA,
A95,Natingero,-29.37382415,118.3669993,WA,<p>Two hundred miles north-east of Newcastle (Adam 1886).</p>
D4,Wadi Wadi,-35.0866431,143.3704571,"NSW,VIC","<p>Wadi Wadi <a href=""D4"" rel=""noopener noreferrer"">D4</a> is located around Swan Hill, VIC. It extends north from Swan Hill to Tyntynder, west to Woorinen and Lake Tyrrell, northeast to Piangil and east to Stoney Crossing and Moolpa, NSW (Tindale 1974:208; Blake et. al. 2011:3-4; Tati Tati Kaiejin 2022).</p><p>The Wadi Wadi <a href=""D4"" rel=""noopener noreferrer"">D4</a> language of Swan Hill is more closely associated with the Victorian side of the Murray River, while Wadi Wadi (Piangil) <a href=""D67"" rel=""noopener noreferrer"">D67</a> is closely associated with the New South Wales side of the Murray River (Blake et. al. 2011:4).</p><p>Neighbouring languages include Dadi Dadi <a href=""S28"" rel=""noopener noreferrer"">S28</a> to the northwest, Mutti Mutti / Muthi Muthi <a href=""D8"" rel=""noopener noreferrer"">D8</a> and Nari Nari <a href=""D9"" rel=""noopener noreferrer"">D9</a> to the northeast, Wemba Wemba <a href=""D1"" rel=""noopener noreferrer"">D1</a> to the south and Wergaia <a href=""S17"" rel=""noopener noreferrer"">S17</a> to the west.</p>"
A112,Ngunuru,,,WA,"<p>Ngunuru Wajarri around Belele station (Elefsiniotis of Irra Wangga - Geraldton Language Programme, 2007 p.c.)</p>"
G51,Baringkirri,,,,<p>Headingly (Breen 1988:[1])</p>
A113,Byro Wajarri,,,WA,<p>Byro station (Elefsiniotis 2007 p.c.)</p>
D67,Wadi Wadi (Piangil),-35.05,143.3,VIC,"<p>Wadi Wadi (Piangil) <a href=""D67"" rel=""noopener noreferrer"">D67</a> is located around Piangil, VIC. It extends over the Murray River into New South Wales, around the Lower Lachlan and Murrumbidgee Rivers (Blake et. al. 2011:4). </p><p>The Wadi Wadi <a href=""D4"" rel=""noopener noreferrer"">D4</a> language of Swan Hill is more closely associated with the Victorian side of the Murray River, while Wadi Wadi (Piangil) <a href=""D67"" rel=""noopener noreferrer"">D67</a> is closely associated with the New South Wales side of the Murray River (Blake et. al. 2011:4). </p><p>Neighbouring languages include Dadi Dadi <a href=""S28"" rel=""noopener noreferrer"">S28</a> to the northwest, Mutti Mutti / Muthi Muthi <a href=""D8"" rel=""noopener noreferrer"">D8</a> and Nari Nari <a href=""D9"" rel=""noopener noreferrer"">D9</a> to the northeast, Wemba Wemba <a href=""D1"" rel=""noopener noreferrer"">D1</a> to the south and Wergaia <a href=""S17"" rel=""noopener noreferrer"">S17</a> to the west.</p>"
A11,Waljen,-29.231154,122.7229745,WA,"<p>East of Lake Raeside from Malcolm, Morgans, Laverton, and Burtville, southeast to Edjudina Soaks, n.n. ['I:tjuruna], ['tjortjor] or ['manda 'tjukur] (mopoke totem) and Lake Lightfoot; at Lake Carey; east to beyond Lake Minigwal and a native place, not fixed, called ['Winbalj]. In the 1890s they shifted south to Kalgoorlie in a general southwestward movement (Tindale 1974).</p>"
A34,Mangu,-25.57987993,119.7750311,WA,<p>Northeast of Peak Hill (map in Oates & Oates 1970). ... west of Laverton (Berndt 1942:328).</p>
D1,Wemba Wemba,-35.34122157,144.141905,"NSW,VIC","<p>Wemba Wemba is located in the Murray-Mallee region, in both New South Wales and Victoria. It extends from Booroorban and Moulamein in the north, south across the Murray River to Boort and Charlton in Victoria, east to Deniliquin and west to Swan Hill. This area includes Kerang, Lake Boga, the Loddon River and the Avoca River (Capell 1963:15).</p><p>Neighbouring languages include Nari Nari <a href=""D9"" rel=""noopener noreferrer"">D9</a> to the north, Barababaraba <a href=""D5"" rel=""noopener noreferrer"">D5</a> to the east, Wergaia <a href=""S17"" rel=""noopener noreferrer"">S17</a> to the south and Wadi Wadi <a href=""D4"" rel=""noopener noreferrer"">D4</a> to the west.</p>"
A122,Kakutu / Kakurtu,,,,"<p>... spoken to the north east, in an area adjacent to the Fitzroy river (McKelson, nd).</p>"
C37,Wurlayi,-16.34158581,129.6478241,NT,
C36,Western Mudburra,-16.76736404,131.4545549,NT,
T15,Little Swanport Tasmanian,-42.44063808,147.9564732,TAS,<p>TAS</p>
D5,Barababaraba,-35.6737029,144.6113764,"NSW,VIC","<p>Barababaraba is located in the Murray-Mallee region, NSW / VIC. Parts of this area are described as Wemba Wemba <a href=""D1"" rel=""noopener noreferrer"">D1</a> Country. It extends from Carrathool and Hay in the north, as far south as parts of Loddon and Campaspe, east to Brassi and Conargo, and west to Kerang and Lake Boga (Capell 1963:3; Barapa 2026). This area includes the southern tributaries of the Murrumbidgee River, Gannawarra and Gunbower.</p><p>Neighbouring languages include Wiradjuri <a href=""D10"" rel=""noopener noreferrer"">D10</a> to the north, Nari Nari <a href=""D9"" rel=""noopener noreferrer"">D9</a> to the northwest, Yorta Yorta <a href="" D2"" rel=""noopener noreferrer"">D2</a> to the east, Dja Dja Wurrung <a href=""S31.1"" rel=""noopener noreferrer"">S31.1</a> to the south and Wemba Wemba <a href=""D1"" rel=""noopener noreferrer"">D1</a> to the west.</p>"
C27,Ngarinyman,-16.59038008,130.2551773,NT,"<p>The general affiliation was to the drainage of Wickham and Humbert Rivers above Yarralin (Harvey ASEDA 802). Upper Victoria River, about Jasper Creek; west of Victoria River Downs; south to Mount Sanford (n.n. Mun-jan), west to Limbunya, chiefly on Wickham River. (Tindale 1974). Ngarinyman country traditionally extends across much of what is now called Judbarra/Gregory National Park, it includes areas such as Bullita, Yarralin, Lingara, Limestone Gorge, Bulla, Amanbidji, parts of Victoria River Downs, Humbert River, east Baines River and the Wickham River. (Widijburru et al. 2010:11).</p>"
A123,Ngulatu / Ngulartu,,,,"<p>... spoken southeast of [La Grange] mission (McKelson, MS 2687)</p>"
A16,Kuwarra,-28.1820317,120.3453645,WA,"<p>South of Agnew (on Liberman's map 1978). From Morgans and Leonora west to Mount Ida, Lake Barlee, and Sandstone; north to Gidgee, Mount Sir Samuel, and Lake Darlot; east to Mount Zephyr; northwestern boundary west of Sandstone (Tindale 1974).</p>"
A39,Wajarri,-26.10023039,116.9930825,WA,"<p>... the country originally inhabited by the Wajarri appears to have extended from between the Wooramel and Gascoyne Rivers south to between the Murchison River and the Geraldton-Mt. Magnet road; in the west it approached the coastal highway and in the east it extended to around Mileura Station (Marmion 1996:2).</p><p>North to the hills overlooking the head of the Lyons River, Teano Range, Mount Isabella, Waldburg Range; on upper Gascoyne River west of Three Rivers; at Erivilla and Milgun; south to Cheangwa and the Roderick and upper Sanford rivers (Tindale 1974).</p><p>... along the upper reaches of the Murchison river, from around Yallalong Station in the west, to near Meekatharra in the east, from north of Mt Augustus, to south of Talarang Peak (sic, gazetted as Tallering Peak) (Mackman 2011:231).</p><p>Contemporary location: Carnarvon, Geraldton, Mullewa, Northampton, Meekatharra, and Yulga Jinna Community and Pia Wadjarri on traditional Wajarri land (Mackman 2011:227).</p>"
S38,Jabulajabula / Yabula Yabula,-35.71096376,145.1071433,"VIC,NSW","<p>Jabulajabula / Yabula Yabula is located on the Murray River, NSW/VIC. It extends on both sides of the Murray River from Deniliquin, NSW, in the north to Yielima, VIC, in the south, Tocumwal in the east to Mathoura in the west (RH Mathews in Bowe &amp; Morey 1999:132).</p><p>Neighbouring languages include Wiradjuri <a href=""D10"" rel=""noopener noreferrer"">D10</a> to the northeast, Taungurung <a href=""S37"" rel=""noopener noreferrer"">S37</a> to the south and Bangerang <a href=""S40"" rel=""noopener noreferrer"">S40</a> and Yorta Yorta <a href=""D2"" rel=""noopener noreferrer"">D2</a> to the west.</p>"
A17,Nangadadjara / Nyanganyatjara,-28.68370166,124.8034463,WA,"<p>East of Lake Carey and Burtville to about Jubilee and Plumridge Lakes; northeast to Bailey, Virginia, and Newland Ranges. At Lakes Yeo and Rason and at Bartlett Soak. Moved westward, between 1890 and 1900, to Burtville and Laverton (Tindale 1974).</p>"
A52,Kiyajarra,-23.51038415,125.9526596,WA,"<p>Southeast of the Mandjildjara territory and south and east of the Potidjara, in territory not identified except as WESTERN AUSTRALIA extending east from Kolajuru which is unidentified except as being several days walk southeast of Tjundutjundu (Well 30) on Canning Stock Route. Their territory may extend as far east as longitude 127° or beyond since Ngadadjara have contact with people whom they call Mangawara (a general term for shifting people who carry treasures tied in their hair chignons (Tindale 1974).</p>"
C7,Kukatja,-24.04279506,131.4280677,,"<p>West of Gosse Range and Palm Valley on the south MacDonnell Ranges; south to Tempe Downs; southwest to Lake Amadeus, George Gill Range, Cleland Hills (Mer-andji), Inindi near Mount Forbes, and Thomas Reservoir (Alala); on upper Palmer, Walker, and Rudall creeks (Tindale 1974).</p>"
S97,Kwat Kwat,,,VIC,"<p>Kwat Kwat is located in the Murray-Goulburn region, VIC. It extends from the southern bank of the Murray River in the north, south to the junction of the King and Ovens rivers near Wangaratta, east to Barnawartha and Indigo Creek, and west to the junction of the Murray and Goulburn rivers (Tindale 1974:206; Cooper &amp; Urry 1981:81). </p><p>Neighbouring languages include Wiradjuri <a href=""D10"" rel=""noopener noreferrer"">D10</a> to the north, Gundungerre / Yaithmathang <a href=""S43"" rel=""noopener noreferrer"">S43</a> to the east, Taungurung <a href=""S37"" rel=""noopener noreferrer"">S37</a> to the south and Bangerang <a href=""S40"" rel=""noopener noreferrer"">S40</a> to the west.</p>"
A30,Ngadawanga,-26.40174013,119.5797048,WA,<p>Meekatharra north to Gascoyne River; at Mount Maitland and Robinson Range; east to Wiluna and Lakes Way and King; at Peak Hill and Murchison West (Tindale 1974).</p>
D58,Jeithi,-35.51201017,145.9813226,NSW,"<p>Jeithi is located roughly between the Murrumbidgee and Murray Rivers, NSW (Wafer &amp; Lissarrague 2008:222). The easternmost point is around Howlong, and the westernmost point is around Deniliquin, with the area also extending along the Yanco and Billabong creeks (Tindale 1974:193-194). Yanco, Urana, and Jerilderie are associated with Jeithi (Maclean in Curr v.3 1887:394-5).</p>"
A12,Wangkatha,-29.77825242,121.9180727,WA,<p>Mt Margaret and Leonora (WA Handbook)</p>
K64,Andajin,,,,"<p>... the country around Glenroy and Mornington cattle stations including part of the Fitzroy river, the Adcock river and the lower Hann River (Saunders 2007 p.c.).</p><p>The general territorial association extended from the King Leopold Ranges in the south to the eastern Philips Range in the north, from Lungra Yard in the west to around Tharlow Hill in the east. Lungra Yard, Glenroy, Mornington, Sir John Gorge, Fitzroy Gorge, Macnamara Creek were all associated with Andajin (Harvey AILEC 0802).</p>"
D10,Wiradjuri,-33.90918016,147.2573464,NSW,"<p>Wiradjuri is located within a large area in Central New South Wales, with a northernmost point around Dubbo, and southernmost around Albury (Wafer &amp; Lissarrague 2008:221). Hay, Booligal, and Condobolin are westernmost localities, and Mudgee, Bathurst, Cowra, and Gundagai are easternmost localities (Tindale 1974:201).</p><p>Neighbouring languages include Gamilaraay / Gamilaroi / Kamilaroi <a href=""/austlang/language/D23"" rel=""noopener noreferrer"">D23</a> to the north, Ngyiampaa / Ngempa <a href=""/austlang/language/D22"" rel=""noopener noreferrer"">D22</a> to the west, and Ngarigu / Ngarigo <a href=""/austlang/language/S46"" rel=""noopener noreferrer"">S46</a> to the east.</p>"
A56,Dargudi,-23.06937606,121.0457235,WA,"<p>Inland west of Robertson Range, head of Oakover River (Davidson according to Oates 1975:105)</p>"
S88,Wotjobaluk,-35.72406138,142.9995632,VIC,"<p>... between Boorung and Morton Plain (Clark 2005:21) [The map, Victorian Aboriginal Corporation for Languages. 2006. Aboriginal Languages of Victoria shows Wotjobaluk being south of Lake Tyrell]</p>"
A31,Tjupan,-27.11795547,120.5664224,WA,"<p>Possibly Meekatharra according to Oates and Oates description (Oates & Oates 1970:79) North of Yellirrie, Mt. Russell, Mt. Yagahong, west of Meekatharra, east of Wiluna on Liberman's map (Liberman 1978) (Berndt's map (1959) shows Djuban to be south of Lake Carnegie. The mapping of this language in AUSTLANG follows Liberman.) north of Mulga Queen (Berndt 1959, in Wangka Maya PALC 2008) Tjupan people are originally from the Wiluna area, from Darlot, Carnegie, Wongawol and Sandstone areas, and possibly through to the Menzies area. (Wangka Maya PALC 2008) Contemporary location Many Tjupan people have migrated to other locations throughout the Goldfield's regions. (Wangka Maya PACL 2008)</p>"
Y150,Walmalbarra,-18.05899607,145.9955792,QLD,
S89,Waywurru / Pallanganmiddang,-36.22978341,146.3074993,VIC,"<p>Waywurru / Pallanganmiddang is located in the Ovens and Kiewa Valley region, VIC. It extends from the Murray River near Wodonga in the north, east to Tangambalanga and the Kiewa River, possibly as far south as Barjarg, and west to Benalla and Wangaratta (Blake &amp; Reid 1999:16; Waywurru Women&#39;s Collective 2026). </p><p>Neighbouring languages include Wiradjuri <a href=""D10"" rel=""noopener noreferrer"">D10</a> to the north, Dhudhuroa <a href=""S44"" rel=""noopener noreferrer"">S44</a> to the east, Kurnai <a href=""S68"" rel=""noopener noreferrer"">S68</a> to the south, and Taungurung <a href=""S37"" rel=""noopener noreferrer"">S37</a> and Yorta Yorta <a href=""D2"" rel=""noopener noreferrer"">D2</a> to the west. </p>"
A33,Mantjintjarra,-27.25385788,126.0846168,WA,"<p>Sandhill country south of Warburton Range (not extending to this range), commencing at Papakula (Babba-goola Rockhole on maps); west to Lakes Gillen and Thros-sell; south to Amy Rocks and Saunders Range; east to Lenga:na, a ['wati 'walji 'tjukur] place probably east of Sydney Yeo Chasm; southeast to Wardadikanja (Tindale 1974).</p>"
A58,Nyamal,-21.22018938,120.029409,WA,"<p>On the Coongan and Shaw rivers to their headwaters and on the lower reaches of the de Grey River west of Barramine almost to Mulyie and Wodgina; at Marble Bar, Nullagine, Hillside, Bamboo Springs, and Warrawoona. Njamal also inhabit the headwaters of the Yule and Turner rivers east of Wodjina. They are the ['Pundju ] or 'heavy' speakers of Njamal (Tindale 1974).</p><p>Bundjuwanga: Area encompassing headwaters of Turner, Shaw and Coongan Rivers, Studied by von Brandenstein who termed it 'heavy' Njamal (Oates 1975:74).</p><p>Contemporary location: Yandeyarra, Port Hedland, Warralong (Dixon 2011:39).</p>"
A60,Widagari,-21.32798952,120.6393666,WA,<p>South of the Oakover river (Oates 1975:73). Nyamal: the hordes on the Nullagina River between Nullagine and Meentheena on the east and north to Callawa are distinguished as the ['Widagari] (they speak 'light' Njamal) (Tindale 1974).</p>
A98,Kuntal,,,,
A38.1,Widjandja,,,,
A73,Walyirli,-20.05851321,121.8962409,WA,"<p>Nyangumarta: Traditional: an area that stretched from south and east of lake Waukarlykarly (towards Telfer) northwards to a long string of claypans that lie east of Sandfire, and which reach over 120 km into the Great Sandy Desert. Many of the northern Nyangumarta people occupied the Eighty Mile Beach area (Sharp 2004:4) Present:northern Pilbara and southern Kimberley areas. The area extends to La Grange (Bidyadanga) and Broome and south-west to Port Hedland Also Marble Bar (Sharp 2004:12) In early historical time the Iparuka Njangamarda usurped the territory of the Ngolibardu tribe around Thros-sell Range. Including this, their territory extends from Rudall River northeast to ['Karbardi] near Swindell Field east of ['Tjandalkuru], (Tindalgoo on maps), thence west to near the eastern border of Warrawagine Station. The Kundal Njangamarda go from this line northwest to ['Man-da] (Munda Well on Munro Station) and west to Anna Plains Station, just south of Cape Missiessy, where ['Jawinja], situated beside the present Station homestead, was their northernmost water. Their southwestern boundary lay along the edge of the tableland north of de Grey and Oakover rivers to ['Jalalo] (Ulalling Hills on maps) (Tindale 1974)</p>"
A38,Ngaanyatjarra,-25.8004324,127.3534575,WA,"<p>Before the establishment of the Warburton Mission, Ngaanyatjarra was spoken in the region of Warburton and possibly as far east as the Jameson Range. Ngaatjatjarra [A43] was spoken in the Jameson and Blackstone ranges area, and as far as the Rawlinson Ranges to the north and to Lake Hopkins in the north-east. Pitjantjatjara [C6] was spoken at Wingellina in the Tomkinson Ranges, and in areas to the east and north-east. Ngaanyatjarra speakers have migrated to Cosmo Newbery and Laverton in the Eastern Goldfields of Western Australia (Glass & Hackett, 2003:1).</p><p>At Warburton Ranges, east to Fort Welcome, Blackstone Ranges, Murray Range, and Mount Hinckley; their southeasternmost water being Ero:tjo, just south of Wangalina; northeastward to Kudjuntari in the Schwerin Mural Crescent Range; at ['Julia] (Giles) in the Rawlinson Ranges. North to Hopkins Lake and Carnegie Range and beyond Christopher Lake; west to Tekateka and Jalara and about Alfred Marie Ranges (Tindale 1974 for Ngadadjara).</p>"
D28,Wiriyaraay,-29.11287083,150.6214094,NSW,"<p>Wiriyaraay, if it refers to Wirraayaraay <a href=""/austlang/language/D65"">D65</a>, is located around the Gwydir River, encompassing Moree, Bingara, Warialda, Yallaroi and Wallangra (Capell 1963:17; Tindale 1974:200). </p><p>Wiriyaraay, if it refers to Weraerai <a href=""/austlang/language/D57"">D57</a>, may be located around Walgett, Lightning Ridge and Narran Lake (Williams 1980:3; Austin, Williams & Wurm 1980:169), or in the Balonne River area (Barlow 1873:174 as quoted in Wafer & Lissarrague 2008:219).</p>"
A81,Mount Margaret,,,,<p>Mount Margaret</p>
D44,Mandandanji,-27.01765413,148.5017274,QLD,"<p>Maranoa and Balonne rivers north of St. George; west to Bollon and Wallam Creek; north to Donnybrook, Orallo, Yuleba, and the Dividing Range; east to Alton and Glenmorgan; at Mitchell, Roma, and Surat (Tindale 1974).</p>"
C11,Yumu,,,,"<p>Western MacDonnell Ranges from Mount Russell east to near Mount Zeil; north to southern vicinity of central Mount Wedge and Lake Bennett, south to Mounts Solitary and Udor; at Haast Bluff and Mounts Liebig and Peculiar (Tindale 1974).</p>"
S90,Minjambuta,-36.81018372,146.6341949,VIC,"<p>Minjambuta is located in the Ovens River Valley, VIC. It extends across the Buffalo, King, Ovens and Broken Rivers east of Violet Town, and south to the Great Dividing Range (Mathews 1909:278; Tindale 1974:206).</p><p>Neighbouring languages include Bangerang <a href=""S40"" rel=""noopener noreferrer"">S40</a> and Waywurru / Pallanganmiddang <a href=""S89"" rel=""noopener noreferrer"">S89</a> to the north, Dhudhuroa <a href=""S44"" rel=""noopener noreferrer"">S44</a> and Gundungerre / Yaithmathang <a href=""S43"" rel=""noopener noreferrer"">S43</a> to the east, Brabralung <a href=""S45"" rel=""noopener noreferrer"">S45</a> to the south and Taungurung <a href=""S37"" rel=""noopener noreferrer"">S37</a> to the west.</p>"
S95,Djilamatang,,,VIC,"<p>Djilamatang is located on the Upper Murray River, VIC. It extends west of Mt Kosciusko, NSW, to the upper headwaters of the Murray River (Blake &amp; Reid 1999:17), from Tom Groggin in the south to Tintaldra in the north, including the Pinnabar country west of the Murray River (Gardner 1997:20).</p><p>Neighbouring languages include Wiradjuri <a href=""D10"" rel=""noopener noreferrer"">D10</a> to the north, Walgalu <a href=""S47"" rel=""noopener noreferrer"">S47</a> and Ngarigu / Ngarigo <a href=""S46"" rel=""noopener noreferrer"">S46</a> to the east, Gundungerre / Yaithmathang <a href=""S43"" rel=""noopener noreferrer"">S43</a> and Kurnai <a href=""S68"" rel=""noopener noreferrer"">S68</a> to the south, and Waywurru / Pallanganmiddang <a href=""S89"" rel=""noopener noreferrer"">S89</a> to the west.</p>"
A41,Madoidja,,,,"<p>East of Three Rivers and Old Peak Hill to Lakes King and Nabberu. South to Cunyu and the northwestern border of Millrose (Tindale 1974) (This covers Konin <a href=""/austlang/language/A35"">A35</a> as well.)</p>"
C10,Pintupi,-23.37009684,127.5817031,NT,"<p>Pintubi: Lake Mackay, Lake Macdonald, Mount Russell, Ehrenberg Range, Kintore Range, Warman Rocks; west to near Winbaruku; south to about Johnstone Hill. Much of their country is still untraversed by us (Tindale 1974).</p><p>Ildawaongga: West of Lake Mackay to about Longitude 126°E; north toward a native place named Manggai which is tentatively identified as in the Stansmore Range. Manjil-djara say their country begins at Ngila, an unidentified place several days walk east of Liburu (Libral on maps, Canning Stock Route Well 37). South to about 23°30'S latitude (Tindale 1974).</p>"
D39,Gawambaraay,-28.6219307,150.3248956,"NSW,QLD","<p>Gawambaraay is located in an area around northwest New South Wales and southwest Queensland. </p><p>There are conflicting accounts of the exact location of Gawambaraay. Norman Tindale places it on the upper Castlereagh River in NSW, south to near Dubbo (1974:195). This location suggests that Gawambaraay people are connected with Wayilwan <a href=""/austlang/language/D20"">D20</a> people, which is supported by the contemporary Gulgargambone Community Working Party (Gulargambone CAP 2019:5). </p><p>RH Mathews places Gawambaraay 'on the Barwon River about Boggabilla, Boobera and Tulloona', north of Gamilaraay / Gamilaroi / Kamilaroi <a href=""/austlang/language/D23"">D23</a> and closer to the Queensland border (Mathews 1902:145). Linguists Jim Wafer and Amanda Lissarrague note that this is more likely to mean the MacIntyre River, not the Barwon (2008:220).</p><p>Linguists Peter Austin, Corinne Williams, and Stephen Wurm place Gawambaraay even further north, mostly into Queensland, between the Weir, MacIntyre and Dumaresq Rivers (1980:176). This would put it east of and bordering Guyinbaraay <a href=""/austlang/language/D15"">D15</a>.</p>"
N86,Gadjalivia,,,NT,"<p>Coast east of Liverpool River and near Tomkinson River (1963 <a href=""/austlang/language/N31"">N31</a>).</p><p>Inland west of Blyth River; almost extinct; the survivors on Cadell River have been absorbed lately among the Nakara (Tindale 1974).</p>"
W10,Balardong,-31.55554595,117.1316871,WA,"<p>York district and east to the vicinity of Tammin, Kununoppin, Waddouring Hill, and Bencubbin. North along the Avon River; at Toodyay, Goomalling, Wongan Hills, and northward to Kalannie where there is a native mine for white stone used for knives and multibarbed spears. South to Pingelly and Wickepin. Western boundary the Darling scarp (Tindale 1974).</p>"
W15,Thaagurda,-27.16965702,114.799097,,"<p>Middle Murchison River the S.E. border, Hamelin Pool area, south part of Shark's Bay (Oates 1975:83). Yallalong station would also have been Thaagurda country, and it seems to have extended down to (near?) Galena, where the highway crosses the Murchison River (Marmion 2007 p.c.).</p>"
W12,Amangu,-29.47328681,115.5298235,WA,"<p>... from Geraldton (Champion Bay) south to Hill River and inland to Mullwea (Blevins 2001:3). At Champion Bay; from Chapman River and the southern vicinity of Geraldton south to Hill River; inland to near Mullewa, Morawa, and Carnamah. Southeastern boundary not well defined, somewhere north of Moora (Tindale 1974).</p>"
A43,Ngaatjatjarra,-25.08112519,128.5419926,WA,"<p>Before the establishment of the Warburton Mission, Ngaanyatjarra was spoken in the region of Warburton and possibly as far east as the Jameson Range. Ngaatjatjarra [A43] was spoken in the Jameson and Blackstone ranges area, and as far as the Rawlinson Ranges to the north and to Lake Hopkins in the north-east. Pitjantjatjara [C6] was spoken at Wingellina in the Tomkinson Ranges, and in areas to the east and north-east (Glass & Hackett, 2003: 1).</p>"
D42,Margany,-27.27294762,144.5774105,QLD,"<p>Quilpie to Cheepie and Beechal, thence Paroo River to Eulo; on Bulloo River south to near Thargomindah; at Dynevor Downs and Ardoch (Tindale 1974).</p>"
L28,Karangura,-25.97487493,138.7338012,"QLD,SA","<p>... only the western, the Eleanor channel of the Diamantina tradionally belonged to Karangura. The eastern channel belonged to Yarluyandi people and to Ngamini people further south near Goyder's Lagoon, with Yawarawarrka people coming in from the east (Hercus 1991:141).</p>"
D43,Gunya,-26.78474267,146.1613436,QLD,<p>Warrego River from Cunnamulla north to Auga-thella and Burenda; west to between Cooladdi and Cheepie; east to Morven and Angellala Creek; at Charle-ville (Tindale 1974).</p>
A4,Kaalamaya,-30.26369153,119.0129788,WA,"<p>... between Merredin and Kalgoorlie (Douglas 1968:3). At Boorabbin and Southern Cross; east to Bullabull-ing, north to Youanmi, Lake Barlee, and Pigeon Rocks; west to Burracoppin, Mukinbudin, Kalannie, and Lake Moore; south to about Mount Holland in the Parker Range (Tindale 1974).</p>"
C17,Warlmanpa,-19.24962654,132.8710073,NT,"<p>Eastward limit: The Ashburton Range south from Mt Grayling, The Whittington Range, The Short Range. Kartijirarrakanya Claypan appears to have been associated with Warlmanpa. Warrego Mine and Kunayungku OS were associated with Warumungu. The eastern associations extended south to approximately the level of the Davenport Ranges. Northward limit: In the east, Renner Springs was associated with Warlmanpa. Powell Creek and Lake Woods were associated with Jingulu. There is no precise information on the western part of the northern associations of Warlmanpa. They are extrapolated as roughly level with the eastern part of the northward associations. Westward limit: There is no precise information on the westward limit. Green Swamp was associated with Warlmanpa. Winnecke Creek drainage was associated with Kartangarurru. Southward limit: There is no precise information on the southward limit. Warlmanpa was not associated with either the Hanson or Lander River drainages. As such, it appears that Warlmanpa associations extended south to approximately level with the Davenport Ranges (Harvey ASEDA 802).</p>"
A50,Nyiyaparli,-22.92418558,120.1964725,WA,"<p>Headwaters of Oakover and Davis rivers above their junction; middle waters of the Fortescue River; northwest to Roy Hill; on Weedi Wolli Creek north of the Ophthalmia Range; east to Talawana (Tindale 1974).</p><p>Contemporary location: Marble Bar, Port Hedland, Tom Price, Newman, Nullagine (Dixon 2011:40).</p>"
E63,Yetimarala / Yetimarla,-22.8938418,149.4836174,QLD,<p>The location given on Roth's map coincides closely with that given by Tindale for this dialect (Terrill 1998:77).</p><p>On Boomer and Broad Sound Ranges from Fitzroy River north to about Killarney; west to the Mackenzie and Isaac rivers. In my 1940 work this was listed only as a supposed part of either the Barada or Kabalbara tribes (Tindale 1974).</p>
W30,Nhuwala,-21.53883663,115.6860132,WA,"<p>Coastal plain from about Cape Preston near the mouth of Fortescue River southwest in a strip about 40 miles (65 km.) wide to a line running south from Onslow, but not extending to the Ashburton River, which is held by the Talandji (Tindale 1974).</p><p>Nowala were a small group round Onslow (Palmer in Sutton 1995:99).</p>"
D52,Thinuntu,-29.83928282,146.3256832,"NSW,QLD",<p>... just north of the junction of the Culgoa and the Barwon Rivers (Oates 1988:6).</p>
A51,Kartujarra,-23.28296268,122.0625362,WA,"<p>From Well 22 (n.n. Madaleri) on northern side of Lake Disappointment, southwestward to the vicinity of Canning Stock Route Well 12 (n.n. Pulpurumal), westward on the south side of the Rudall River to Robertson Range and eastern headwaters of the Jiggalong Creek, also the headwaters of Savory Creek; southwestern boundary not well known (Tindale 1974).</p><p>... areas from the south of Lake Disappointment toward Lake Carnegie (Marsh 1977).</p><p>Western side of Lake Disappointment, near Percival Lakes; Marsh (1990 p.c.) says Kartujarra country is west and north-west of Lake Disappointment, and may extend south-west of there as well (Thieberger, 1993:193). </p><p>Contemporary location: Strelley, Jigalong, Parnngurr, Wiluna, Newman, Nullagine (Dixon 2011:48).</p>"
C32,Eastern Ngarinyman,-16.55603846,130.5117546,NT,
E55,Yilba,-20.76682112,146.0479805,QLD,<p>On Cape River west to Dividing Range; north to about Pentland Hills and Seventy Mile Range; on Campaspe River; east to about Suttor River; south to Lake Buchanan; at Natal Downs (Tindale 1974:168).</p>
A53,Banyjima,-22.74313267,118.3730032,WA,"<p>... originally spoken in the tablelands of the Hamersley Range... today most of the speakers of the language live in the coastal town of Onslow. Others live in Roebourne and other Pilbara towns, and on a number of pastoral leases in the area (Dench 1991:125).</p><p>Upper plateau of the Hamersley Range south of the Fortescue River; east to Weediwolli Creek near Marillana; south to near Rocklea, on the upper branches of Turee Creek east to the Kunderong Range (Tindale 1974).</p><p>Bandjima should be east of Kurrama, Wittenoom and Tom Price (Palmer in Sutton 1995:99).</p><p>Banyjima country includes the territory from the upper plateau of the Hammersley Range south of the Fortescue River; east to Weeliwolli Creek near Marillana; south to Rocklea, on the upper branches of Turee Creek east to the Kunderong Range. Contemporary location: Speakers live in Tom Price, Port Hedland, Onslow and Roebourne (Wangka Maya Pilbara Aboriginal Language Centre 2010).</p>"
D6.1,Kureinji,-34.23140408,142.4216531,NSW,"<p>... the lower Murray from the Darling-Murray junction down to the Rugus River and Lake Victoria, and extended northwards on the Darling to Avoca (Hercus 1993:10).</p><p>... the country around the junction of the Darling and Murray rivers, apparently extending down the latter as far as Lake Victoria (Radcliffe-Brown 1918:248).</p><p>From Wentworth on northern bank of Murray River downstream to Chowilla and Ral Ral, So. Aust., on western and the Anabranch of the Darling River to Popilta Lake; on the main Darling River upsteam to Avoca (Tindale 1974).</p>"
C40,Warnayaka,-19.73870488,130.703069,NT,<p>In the Granites about Tanami Central-northern Warlpiri is called Warnayaka (Laughren 1996:2).</p>
A54,Putijarra,-24.29516289,122.6147595,WA,"<p>Different sources provide conflicting locations for this language: East of Wiluna based on the map given by Berndt (1959) and Liberman (MS 2302); and south of Jigalong based on the map by Wangka Maya, Tonkinson (1995) and a part of Tindale.</p><p>Jigalong people place Putijarra south of Savory Creek, which separates their territory, from the Nyiyaparli (Tonkinson in Sutton 1995:156).</p><p>Contemporary location: Wiluna, Jigalong, Newman (Dixon 2011:52).</p>"
Y124,Djiru,-17.90722366,146.0521375,QLD,
C1,Wirangu,-31.53598772,133.5220741,SA,"<p>The Mobile Languages Team locate Wirangu on the far west coast of South Australia, east of Mirning <a href=""/austlang/language/A9"">A9</a> language, south of Kokatha <a href=""/austlang/language/C3"">C3</a> language, and west of Nawu <a href=""/austlang/language/L2"">L2</a> and Barngarla <a href=""/austlang/language/L6"">L6</a> languages. In modern times Wirangu people live in many places including Yalata, Ceduna, and Koonibba.</p><p>Coast between Head of Bight (White Well), Cape Blanche, and Streaky Bay; inland to Ooldea, Kokatha, and Kondoolka. In earliest historic times they were contracting their boundaries southward before Kokata people. Their earliest remembered boundary is shown. By 1850 they had lost access to the area north of latitude 31 °. A native water at Putjukai (132°36'E x 30°27'S) is still remembered as a Wirangu water once well within their territory. Pi:la at Lake Bring also was in their traditions a Wirangu water. Ooldea was the dominant drought relief water used by all surrounding tribes within a radius of 200 miles (over 300 km.) (Tindale 1974).</p>"
C7.1,Luritja,-24.94708497,133.1519028,NT,"<p>Heffernan (1996) distinguishes two groups of Luritja communities. The southern groups are those that speak with a strong Yankunytjatjara (<a href=""/austlang/language/C4"">C4</a>) influence, and these, by and large, are made up of the communities south of Hermannsburg (including Jay Creek). The other group, Pintupi-Luritja, extends to the north-west and west of Hermannsburg.The major communities where Pintupi-Luritja is spoken are Haasts Bluff, Papunya, Mt Liebig and Kintore. (This roughly corresponds Tindale's location of Jumu (<a href=""/austlang/language/C11"">C11</a>), which doesn't seem to be a language name.)</p>"
D62,Canberra language,-35.47495744,148.9984957,ACT,"<p>The location of Canberra language is unclear. It may be located somewhere in the Monaro or Limestone Plains (present day Canberra and surrounds) and Alpine Region of ACT/NSW (Koch 2010:149).</p><p>Neighbouring languages include Ngunawal / Ngunnawal <a href=""/austlang/language/D3"" rel=""noopener noreferrer"">D3</a> to the north, the Yuin <a href=""/austlang/language/S67"" rel=""noopener noreferrer"">S67</a> languages to the east, Walgalu <a href=""/austlang/language/S47"" rel=""noopener noreferrer"">S47</a> and Ngarigu / Ngarigo <a href=""/austlang/language/S46"" rel=""noopener noreferrer"">S46</a> to the south and Wiradjuri <a href=""/austlang/language/D10"" rel=""noopener noreferrer"">D10</a> to the west.</p>"
W39,Kariyarra,-20.87080495,118.4788129,WA,"<p>The Kariyarra people originally lived around the Port Hedland region, from Port Hedland west to Sherlock River and south down to the Yule River. They were driving inland when white settlers invaded the area, and subsequently many coastal terms have been lost to current speakers (Wangka Maya 2001:7).</p><p>On the Peeawah, Yule, and Turner rivers and east to Port Hedland. Their western boundary, on divide between Peeawah and Ballaballa creeks extended south to foot of the scarp of the Hamersley tableland in the headwaters of the Yule River; at Mungaroon Range, Turner River area north of Wodgina, at Yandeyarra, and east to a line joining McPhee Hill, Tabba Tabba Homestead, and the mouth of Petermarer Creek 10 miles (16 km.) east of Port Hedland. The area east of Turner River was seldom visited for fear of the Njamal. The Indjibandi are claimed as being inland Kariara, who became separated by reason of their accept ance of the rite of circumcision. Kariara and Indjibandi were at enmity over this in immediately pre-European times. (Tindale 1974).</p><p>Kariera were much smaller [than the area on Davis's map] and confined to the coast (Palmer in Sutton 1995:99).</p><p>Contemporary location Port Hedland, Roebourne, Yandeyarra, Woodstock (Dixon 2011:34).</p>"
N7,Marrithiyel,-13.83464875,130.0129352,NT,"<p>... somewhere between Hermit Hill and Port Keats (Capell 1963 as quoted in Tryon). Between Daly and Moyle Rivers, Knuckey's Lagoon, Bulkanj, Wudi Gapil Diyerr (Green 1989).</p><p>Marrithiyel traditional country occupies a large central part of the hinterland between the lower Daly & Moyle Rivers. To the west, on the coast, are Marrithiyel’s sister dialects Marri Tjevin and Marri Ammu, with the Marri Dan dialect to the south. Also to the south are Marri Ngarr, Ngan'gikurunggurr <a href=""/austlang/language/N8"">N8</a> and Marramaninjsji, which is closely related to Marrithiyel. Matngele is then to the east, with the Merranj dialects to the north. The Marrithiyel community have a homelands base in their traditional country at ‘Woodykapildiya’ (Wudi Gapil Diyerr), but also live at Nauiyu and across the greater Darwin region. Only a few fully fluent, elderly speakers of Marrithiyel remain. However, Marrithiyel appears to have once been something of a lingua franca in the Daly, perhaps due to its central location, and there are many part speakers of it to be found across the region (Green & Nordlinger, viewed November 2020).</p>"
S27,Jardwadjali,-36.72332526,142.5688852,VIC,<p>Nothing in AUSTLANG.</p>
E56,Biri,-20.50810089,147.9886074,QLD,"<p>Beale gives the tribal area as the region encompassing Bowern, Ayr, Collinsville, and Nebo. Most sources agree with these, some adding Mackay and Cape Cleveland.</p><p>It is generally agreed that the Biri dialect was the language of the people of Bowern River. Tindale agrees with this (Terrill 1998:70).</p><p>On Bowen River north to junction with Burdekin River; east to Clarke Range; west to Leichhardt Range; south to Netherdale (Tindale 1974).</p><p>The Biri country mapped is for the Biri language not the Biri dialect. It includes the country of other Biri dialects.</p>"
D69,Himberrong,,,,"<p>East of the New England Range, at Walcha, Ingleba, &c. (MacPherson 1904:678)</p>"
C20,Gurindji,-17.46211282,129.8075984,NT,"<p>Gurindji proper starts to the south of this (Jiyiljurrung of Wattie Creek or 'Seale River' area), although Jiyiljurrung descendants now speak Gurindji and are considered Gurindji (McConvell in Sutton 1995:109). Victoria River District of the Northern Territory... Most Gurindji people now live on their traditional lands at Kalkaringi and Daguragu, remote Aboriginal communities situated on the Victoria rRver west of Wave Hill Station.</p>"
G5,Wangka-Yutjurru,-22.88173627,138.5657301,QLD,<p>At Glenormiston and Herbert Downs; on Malvina Creek; north toward Roxborough (Tindale 1974).</p>
A5,Nungara,-30.28873663,120.5950126,WA,<p>East of Kalgoorlie on Berndt's map (1940)</p>
E62,Yuru,-19.82716687,147.6745532,QLD,<p>From Bowen north to the Burdekin River at Home Hill; southwest to Bogie Range; at Upstart Bay; south to Mount Pleasant and Mount Abbot (Tindale 1974).</p>
N134,Wan.gurri,,,NT,"<p>(Dhangu) Yolngu lands occupy from the Wessel Islands in the north to Blue Med Bay in the south, from the Gulf of Carpentaria in the east to approxmately the Goyder River in the west. Although the Wangurri have claims to different sections of land throughout this area, their major estate centres around the river at Dhalinybuy in the north east of the mainland (McLellan 1992:2).</p>"
W67,Kongal-boyal,,,,"<p>... from Denmark and Albany in the far south, east probably as far as Esperance and Ravensthorpe, and north through what is now the wheat-belt.</p>"
D26,Barranbinya,-29.78022934,146.2686559,NSW,"<p>Bourke to Brewarrina on northern bank of Darling River (Tindale 1974).</p><p>... extended along the Darliing from Brewarrina to about Bourke. Mathews (1903a:57) says Barrabinya also comprised portions of the Bokhara, Bogan and the Culgoa Rivers for some distance above their respective junctions with the Darling. Tindale (1974) maps Barrabinya similarly, though he includes Collerina as a portion of the territory; my information would place Collerina in Muruwari country (Oates 1988:2).</p>"
E1,Geawegal,-32.51979857,151.211697,NSW,"<p>Northern tributaries of the Hunter River to Murru-rundi; at Muswellbrook, Aberdeen, Scone, and Mount Royal Range (Tindale 1974).</p><p>... part of the valley of the Hunter River extending to each lateral watershed, and from twenty-five to thirty miles along the valley on each side of Glendon (Fison & Howitt 1880:279 in Wafer & Lissarrague 2008:165).</p>"
Y176,Kugu Uwanh,-14.55886718,141.6512973,QLD,"<p>Kugu Nganhcara: between Kendall River and Moonkan Creek. Today, it is spoken chiefly at Edward River and Aurukun (Smith & Johnson 2000).</p>"
A62,Warnman,-22.2347888,123.0524111,WA,"<p>From the Rudall River area (Karlamilyi) north-west almost to Telfer. It goes up to Coolbro Creek in the west, and shares Cotton Creek and Parnngurr to the south. It includes Lake Blanche, Winifred, George and Auld to the east. It also includes Punmuu and Lake Dora, and extends into the Great Sandy Desert to the north-east (Wangka Maya 2003:5)</p><p>... with their territory stretching east as far as Lake Auld and Lake George, to the Canning Stock Route between wells 29 and 30, with the Manyilyjarra to the east (Tonkinson in Sutton 1995:156)</p><p>Contemporary location: Strelley, Punmu, Parnngurr, Jigalong, Nullagine, Bidyadanga (Dixon 2011:53)</p>"
G10,Warluwarra,-21.76218641,138.4285574,QLD,<p>From Roxborough Downs north to Carandotta and Urandangi on the Georgina River; on Moonah Creek to near Rochedale; southwest to Pituri Creek; at Wolga. (Tindale 1974). </p><p>... at Walgra and Urandangie (Breen 1970). ... it does not extend to Northern Territory. It also does not extend as far east or north as Tindale says. (Breen: 1970; this database adopts Breen's map.)</p>
Y27,Ntrwa'ngayth,-13.10072683,141.6381249,QLD,<p>... of the area south of Pera Head and at Norman River (Sutton 1995:135). Coast near False Pera Head (Tindale 1974).</p>
A65,Mangala,-19.63994907,123.9677472,WA,"<p>On the desert plateau about the McLarty Hills; north to Geegully Creek, n.n. ['Tjirkali], and headwaters of Edgar Range; northwest to plateau above Dampier Downs, extending no nearer than 50 miles (80 km.) to the coast; south to a known E-W line of salty waters along 21 ° latitude including Tandalgoo, n.n. ['Tjandalkuru]; east to a line about 40 miles (55 km.) east of Joanna Springs, n.n. ['Ka:lun] and ['Pikuragu] (Tindale 1974).</p><p>Contemporary location: Bidyadanga, Broome, Looma, Warralong, Strelley (Dixon 2011:30).</p>"
C9,Wanggamala,,,,"<p>Northwest of Annandale, at Kalidawarry, lower portion of Field and Hay rivers; north along the lower Plenty River and in eastern segment of Arunta (sometimes called Simpson) Desert, includes areas carrying ['pitjuri] (Duboisia hopwoodii) shrubs the leaves of which they exploited in trade (Tindale 1974).</p>"
A14,Badimaya,-28.59330827,117.1853249,WA,"<p>Badimaya was traditionally spoken across the large region spanning Lake Moore, Ningham Station and Paynes Find in the south, to Mt Magnet, Wynyangoo Station and Kirkalocka Station in the north. Badimaya country is bordered by Tjupan <a href=""/austlang/language/A31"">A31</a> and Wangkatja <a href=""/austlang/language/A103"">A103</a> to the east, Noongar <a href=""/austlang/language/W41"">W41</a> to the south-west and Wajarri <a href=""/austlang/language/A39"">A39</a> to the north-east (Bundiyarra - Irra Wangga LC and Yamaji Languages AC 2014: 7).</p><p>A large area around Lake Moore - Ninghan Station - Paynes Find. The traditional area of the Badimaya includes a large area south-west of the area recorded by Tindale (1974), although Tindale does indicate 'disputed territory' in this region. However, the territory around Lake Moore/Ninghan is attested, as my informant, Mr Joe Benjamin, can trace site ownership back three generations. Today, the Madimaya are scattered in towns throughout the Murchison Region in Mullewa, Cue, Mingenew, Mt Magnet, Yalgoo, Carnarvon, and Meekatharra. There are many people remaining of Badimaya descent, but if they speak a traditional language, it is usually Watjarri, otherwise known as the 'Murchison' or 'Yamadyi' language, which has become the dominant language of the region (Dunn 1988:20).</p><p>At Cue, Nannine, Mount Magnet; southwest almost to Yalgoo, northwestern boundary is on Sandford River divide (Tindale 1974).</p>"
E33,Taribelang,-24.80733136,152.0388992,QLD,"<p>Taribelang is located in and around Bundaberg, Central Queensland. It extends inland to Wallaville, and north to Avondale, Rosedale and Baffle Creek (Curr 1887:128; Capell 1963:5; Tindale 1974:185). </p><p>Neighbouring languages include Goeng Goeng <a href=""/austlang/language/E36"">E36</a> and Tulua <a href=""/austlang/language/E41"">E41</a> to the north, Gooreng Gooreng <a href=""/austlang/language/E32"">E32</a> to the west, Gubbi Gubbi <a href=""/austlang/language/E29"">E29</a> and Butchulla <a href=""/austlang/language/E30"">E30</a> to the south. </p>"
E31,Yiman,-25.58902937,149.5770984,QLD,"<p>Yiman is located in the Upper Dawson River region of southern QLD. It extends from Cockatoo Creek, Theodore and Cracow in the east, south along the Great Dividing Range, west to Baroondah, Durham Downs, Wandoan and Taroom, and north to the Upper Middle Dawson River and the Bigge Range (Tindale 1974:171). This region includes the Dawson River Sub Basin Drainage Area, the Burnett River Watershed and the Carnavon Range ridgeline (Iman People 4 Native Title 2018).</p><p>Neighbouring languages include Wadjigu <a href=""E39"" rel=""noopener noreferrer"">E39</a> to the north, Wuli Wuli <a href=""E89"" rel=""noopener noreferrer"">E89</a> to the east, Barunggam <a href=""D40"" rel=""noopener noreferrer"">D40</a> to the southeast, Mandandanji <a href=""D44"" rel=""noopener noreferrer"">D44</a> to the southwest, and Garaynbal <a href=""E38"" rel=""noopener noreferrer"">E38</a> and Gungabula <a href=""E35"" rel=""noopener noreferrer"">E35</a> to the west.</p>"
N44,Mayali,-14.08032662,132.4536947,NT,"<p>Barunga to Pine Creek, Manyallaluk Mayali in Jawoyn country (Evans 2003:20).</p>"
A68,Kukatja,-20.4894475,127.0238704,WA,"<p>Gregory Hills Area, Balgo Hills area,127° 51'E x 20°09'S on the fringe of Great Sandy Desert (Peile according to Oates) About Gregory Lake and east to the area of the Pallotine Mission at Balgo North to Billiluna with a boundary water shared with the Djaru at Ngaimangaima, 12 miles (20 km.) south of Kandimalal (Wolf Creek Meteorite Crater); west to the Canning Stock Route wells from Godfrey Tank, n.n. ['Koninara], south to Well 40, n.n. ['Marawuru] (Tindale 1974). Contemporary location: Kunawarritji, Balgo (Dixon 2011:49).</p>"
E38,Garaynbal,-23.33016135,149.1337003,QLD,"<p>Breen concludes that the location of Karingbal (<a href=""/austlang/language/E38"">E38</a>) given by Tindale (1974:174) is incorrect; he places it in the western part of McIntosh's 'Kaangooloo' territory, centering on Jellinbah, which is equivalent of the northern and eastern part of Tindale's Kanolu (<a href=""/austlang/language/E64"">E64</a>) territory (2009:231)</p>"
K67,Eastern Bunuba,,,,"<p>... the eastern regions, including the territory in and around the township of Fitzroy Crossing (Knight 2004:4).</p>"
E30,Butchulla,-25.33722004,153.0328201,QLD,"<p>Butchulla is located on K'gari and the adjacent mainland, QLD. </p><p>Its location on the mainland extends north to Burrum Heads, south to Rainbow Beach, Kauri Creek, and Wolf Rock, and west to Tiaro, Maryborough, Torbanlea, and Mount Bauple (Butchulla Native Title Aboriginal Corporation 2023; Steele 1984:187). </p><p>Neighbouring languages include Gubbi Gubbi <a href=""/austlang/language/E29"">E29</a> in the west on the mainland, Gooreng Gooreng <a href=""/austlang/language/E32"">E32</a>, Goeng Goeng <a href=""/austlang/language/E36"">E36</a>, and Taribelang <a href=""/austlang/language/E33"">E33</a> to the north, Dalla <a href=""/austlang/language/E25"">E25</a> and Ngoera / Nalbo <a href=""/austlang/language/E22"">E22</a> to the south, and Wakka Wakka <a href=""/austlang/language/E28"">E28</a> to the west and southwest. </p>"
A61, Nyangumarta,-20.47942077,122.0289589,WA,"<p>In early historical time the Iparuka Njangamarda usurped the territory of the Ngolibardu tribe around Thros-sell Range. Including this, their territory extends from Rudall River northeast to ['Karbardi] near Swindell Field east of ['Tjandalkuru], (Tindalgoo on maps), thence west to near the eastern border of Warrawagine Station. The Kundal Njangamarda go from this line northwest to ['Man-da] (Munda Well on Munro Station) and west to Anna Plains Station, just south of Cape Missiessy, where ['Jawinja], situated beside the present Station homestead, was their northernmost water. Their southwestern boundary lay along the edge of the tableland north of de Grey and Oakover rivers to ['Jalalo] (Ulalling Hills on maps) (Tindale 1974).</p><p>Traditional: an area that stretched from south and east of lake Waukarlykarly (towards Telfer) northwards to a long string of claypans that lie east of Sandfire, and which reach over 120 km into the Great Sandy Desert. Many of the northern Nyangumarta people occupied the Eighty Mile Beach area (Sharp 2004:4).</p><p>Great Sandy Desert, around Lake Waukarlykarly (near Telfer), and through Sandfire to Eighty Mile Beach along the Pilbara coast. (Geytenbeek 2011). Contemporary location: northern Pilbara and southern Kimberley areas. The area extends to La Grange (Bidyadanga) and Broome and south-west to Port Hedland Also Marble Bar (Sharp 2004:12). Bidyadanga, Port Hedland, Marble Bar, Yandeyarra, Strelley, Warralong, Woodstock (Dixon 2011:31).</p>"
A69,Bunara,-20.70930386,129.0464562,WA,"<p>Sturt Creek south of Gregory Salt Sea, WA (Capell 1963). ... the region surrounding Bililuna station at the terminus of Sturt Creek (Capell 1940:423). O'Grady's well (Robinson 1999:94) Flora Valley, Halls Creek, Gregory's Sea, Bililuna station (Terry 1926:193-94).</p>"
D14,Thangkaali,-33.19407773,140.5364068,"NSW,SA","<p>West of the Darling, It extends along the range of hills from Mount Bryant to the Darling near Laidley's Ponds, and forms in its variations the language of the Darling itself (Hercus 1993:7).</p><p>Plains southwest of Broken Hill from near Tandou Lake, southwestward to Mount Bryan and Burra Creek, northwest of Morgan, SA, chiefly in the more arid country extending generally eastward to within a few miles of the Darling River (Tindale 1974).</p>"
G15,Wakabunga,-19.53889197,139.0648189,QLD,<p>Upper Leichhardt River and Gunpowder Creek. They are related to the Kalkadunga and ranged as far west as Morstone and head of Gregory Creek (Tindale 1974).</p>
E45,Gabulbarra,-22.86863759,148.7252279,QLD,<p>West of Mackenzie and Isaac rivers to Peak Range; north nearly to Cotherstone (Tindale 1974).</p>
E41,Tulua,-24.38985217,150.9990002,QLD,"<p>Tulua is located in the Gladstone region near Rockhampton, QLD. It extends from Port Curtis in the north to Gladstone in the east, south to Miriam Vale and Many Peaks, possibly as far as Coast Range (Burnett Range), and west to Biloela (Capell 1963:6; Kite & Wurm 2004:7).</p><p>Neighbouring languages include Biri <a href=""/austlang/language/E56"">E56</a> varieties to the north, Baiali <a href=""/austlang/language/E42"">E42</a> to the northeast, Wuli Wuli <a href=""/austlang/language/E89"">E89</a> and Gooreng Gooreng <a href=""/austlang/language/E32"">E32</a> to the south and Wadjigu <a href=""/austlang/language/E39"">E39</a> to the west.</p>"
E44,Gayiri,-23.79398017,147.8977311,QLD,"<p>Curr 156i 'Nogoa River' appears to be from the Gayiri dialect, judging both by the given location, which matches that given by Tindale for Gayiri, and by linguistic evidence (Terrill 1998:94). From the Great Dividing Range south of Springsure north to Capella; west to Drummond Range; east to Comet and upper Mackenzie (Nogoa) rivers (Tindale 1974:173).</p>"
E16,Wiyabal,-29.30802878,152.2282249,NSW,"<p> ... Wiyabal was spoken around Lismore, Alstonville, Dunoon and Nimbin (Crowley, 1978:152).</p><p>Widjabal: Upper Richmond River from Kyogle south to Casino, east to Coraki; an inland tribe; Wijabal: Clarence and Richmond Rivers (Capell, 1966).</p>"
E69,Nulla Nulla,,,,"<p>Upper Macleay River, NSW (Oates & Oates 1970:159)</p>"
A6,Maduwongga,-30.17413476,121.5137411,WA,"<p>From Pinjin on Lake Rebecca west to Mulline; from a few miles south of Menzies to Kalgoorlie, Coolgardie, Kanowna, Kurnalpi, and Siberia (Tindale 1974). There is a native title claim made by Maduwongga people for the area between Menzies and Kalgoorlie.</p>"
E49,Guwinmal,-22.2796681,149.7961573,QLD,"<p>Guwinmal is located in Central Queensland on Darumbal <a href=""/austlang/language/E46"">E46</a> Country. It extends from Cape Palmerston, south along the coast to Emu Park. This includes Saint Lawrence, Torilla and Normanby Range, extending west to Rockhampton, Yaamba and Marlborough (Tindale 1974:176; Roth 1898 in Terrill 2002:13).</p><p>Neighbouring languages include Biri <a href=""/austlang/language/E56"">E56</a> varieties to the north and west, and Baiali <a href=""/austlang/language/E42"">E42</a> to the south.</p>"
E47,Wangan,-22.79716328,147.6085897,QLD,<p>Capella north to near Blair Athol; east to Peak Ranges; west to Drummond Range; at Peak Downs (Tindale 1974).</p>
K68,Western Bunuba,,,,<p>... predominantly in the ranges in the western regions of Bunuba territory (Knight 2004:4).</p>
A72,Ngurlipartu,-21.24327236,122.3284999,WA,"<p>Nyangumarta: Traditional: an area that stretched from south and east of lake Waukarlykarly (towards Telfer) northwards to a long string of claypans that lie east of Sandfire, and which reach over 120 km into the Great Sandy Desert. Many of the northern Nyangumarta people occupied the Eighty Mile Beach area (Sharp 2004:4) Nyangumarta: Present: northern Pilbara and southern Kimberley areas. The area extends to La Grange (Bidyadanga) and Broome and south-west to Port Hedland Also Marble Bar (Sharp 2004:12) In early historical time the Iparuka Njangamarda usurped the territory of the Ngolibardu tribe around Thros-sell Range. Including this, their territory extends from Rudall River northeast to ['Karbardi] near Swindell Field east of ['Tjandalkuru], (Tindalgoo on maps), thence west to near the eastern border of Warrawagine Station. The Kundal Njangamarda go from this line northwest to ['Man-da] (Munda Well on Munro Station) and west to Anna Plains Station, just south of Cape Missiessy, where ['Jawinja], situated beside the present Station homestead, was their northernmost water. Their southwestern boundary lay along the edge of the tableland north of de Grey and Oakover rivers to ['Jalalo] (Ulalling Hills on maps). (Tindale) According to the map in the biography of Billy Dunn, who is about the only descendant left of the Ngulipartu mob, their territory stretched from just east of the Rabbit Proof Fence (RPF), at a point east of Skull Springs at its most northerly, and east of a line drawn from Roy Hill Statation at its south end near the RPF, east to Lake Dora on the northern side, not as far east as the Ruddal River (where Davis has it), and back towards the west as Davis does show it, in a west-north-west direction to the RPF. It centres on theuplands south of the Throssell Range and I doubt that it goes as far east into the sandhill country as Billy Dunn's map shows (Tonkinson in Sutton 1995:156)</p>"
D54,Yuwaalayaay,-29.60440833,147.5403442,NSW,"<p>Yuwaalayaay is located on the Narran River at the NSW/QLD border. It extends north &#39;over 100 kilometres&#39; into southern QLD (Giacon 2017:1), towards the basin of the Moonie River (Williams 1980:3) and the Balonne River (Yuwaalaraay Euahlayi Aboriginal Corporation 2025). Its eastern boundary is &#39;almost to Collarenebri&#39; (1980:3), and the western boundary between the Culgoa and Birrie Rivers (Tindale 1974:199). To the southwest is Brewarrina, and to the southeast is Walgett (Tindale 1974:199; Williams 1980:3).</p><p>Neighbouring languages include Wirraay-Wirraay <a href=""/austlang/language/D66"" rel=""noopener noreferrer"">D66</a> to the north, Gamilaraay / Gamilaroi / Kamilaroi <a href=""/austlang/language/D23"" rel=""noopener noreferrer"">D23</a>, Guyinbaraay <a href=""/austlang/language/D15"" rel=""noopener noreferrer"">D15</a>, and Gawambaraay <a href=""/austlang/language/D39"" rel=""noopener noreferrer"">D39</a> to the east. It is unclear what the boundaries are between Yuwaalayaay and Yuwaalaraay <a href=""/austlang/language/D27"" rel=""noopener noreferrer"">D27</a>, although Williams (1980:3) suggests that Yuwaalayaay land was predominantly to the north of Yuwaalaraay <a href=""/austlang/language/D27"" rel=""noopener noreferrer"">D27</a>.</p>"
Y125,Tagalaka,-18.19732763,142.9612272,QLD,<p>Middle Gilbert River; north nearly to Einasleigh River; south to Gregory Range; at Forest Home; east to Georgetown and Forsayth; west to near Croydon (Tindale 1974:185).</p><p>... Lynd River to the south of the Mitchell (Alpher 2016:42).</p>
E52,Yangga,-20.92842179,147.2562885,QLD,<p>Eastern headwaters of Suttor River; south to Glen Avon; at Yacamunda and Hidden Valley; northern boundary unknown (Tindale 1974:170).</p>
A78,Ju'una,-22.00076296,119.4554131,WA,"<p>Area S. of Njamal, bounded in S. by Yule R., in W. by Cariera & Ngarla territory & in E. by Bamboo Springs station (Oates 1975:128)</p>"
A76,Pantikura,-22.55780241,118.5042538,WA,<p>... was spoken on the higher plateaus of the Hamersley Range (Dench 1991:126).</p>
E68,Ngarbal,-29.5277933,151.7814606,NSW,"<p>... a group extending from Glencoe to Bolivia (Sharpe 2007 p.c.)</p><p>... covering the territory from Stonehenge to Bolivia, including Glen Innes, Wellingrove and Deepwater (Crowley 1976: 21).</p>"
S33,Weki Weki,-35.0367157,143.3622313,"NSW,VIC","<p>Weki Weki is placed in two locations. </p><p>The first is around Piangil, VIC (Blake et. al. 2011:3). This area is also described as Wadi Wadi (Piangil) <a href=""D67"" rel=""noopener noreferrer"">D67</a> Country.</p><p>The second is around Tyrrell Creek, VIC. This extends south of Swan Hill and Piangil, from Lake Tyrrell, southeast to Tyrrell Creek, west to Birchip, Morton Plains and Warracknabeal, and north to Hopetoun (Capell 1963:16). This area is also described as Wadi Wadi <a href=""D4"" rel=""noopener noreferrer"">D4</a> and Wergaia <a href=""S17"" rel=""noopener noreferrer"">S17</a> Country.</p><p>Neighbouring languages include Wadi Wadi <a href=""D4"" rel=""noopener noreferrer"">D4</a> and Wadi Wadi (Piangil) <a href=""D67"" rel=""noopener noreferrer"">D67</a> to the north, Wemba Wemba <a href=""D1"" rel=""noopener noreferrer"">D1</a> to the east and Wergaia <a href=""S17"" rel=""noopener noreferrer"">S17</a> to the south and west.</p>"
A82,Wirdjaragandja,-26.30487938,131.9110761,WA,<p>Musgrave Ranges (Love 1935).</p>
Y132,Agwamin,-17.67566995,144.1668057,QLD,"<p>Head of Einasleigh and Copperfield rivers; north to Georgetown, Mount Surprise, and Lancewood; east to Dividing Range; west to headwaters of Percy River; at Oak Park and Forsayth, also on the ranges; at Einasleigh (Tindale 1974).</p>"
G24,Mayi-Kutuna,-19.12082465,139.8962502,QLD,<p>Middle Leichhardt River; north to Augustus Downs; south to Mount Cuthbert; western boundary on edge of inland plateau (Tindale 1974).</p>
E11,Yugambal,-29.75744124,151.0501143,NSW,"<p>... originally spoken in the area between Boggy Creek and Inverell, with Bingara, Bundarra and Tingha being on the extremities of the territory covered by this language (Crowley 1976:21).</p><p>... the language of the Tenterfield area (Sharpe 2005:2).</p>"
Y132.1,Wamin,-18.78142258,144.1411973,QLD,"<p>Copperfield area, south of Agwamin territory (Oates 1975:297).</p>"
A85,Kurajarra,-22.9095914,122.3629167,WA,"<p>Centred on the McKay ranges and the southwestern headwaters of the Ruddal River, with Warnman to the north-east and Kartujarra to the east in the vicinity of the Canning Stock Route (Tonkinson in Sutton 1995:156).</p>"
Y131,Yanga,-19.08582079,143.4654884,QLD,"<p>Head of Gilbert River, south of Forsayth to Gilber-ton and Gregory Range; east to near Oak Park, Percyville, and headwaters of Copperfield River; west to Glenora (Tindale 1974).</p>"
A96,Mandara,-23.36443632,119.2811247,WA,<p>A small tribe on Ophthalmia Range and on the plateau at the head of Turee and Weediwolli creeks; south to Prairie Downs. Driven north to the Fortescue River by a southeastward movement of the Pandjima and absorbed among the Niabali and Pandjima (Tindale 1974:247).</p>
E73,Casino language,-28.85403056,152.9873744,NSW,"<p>Crowley estimates '... north of the Richmond River as far as Galibal (that is before Kyogle) and as far south as Bandjalang (that is before Coraki). On the east and west, it would presumably have bordered on Wiyabal and Waalubal (1978:156).</p>"
K25,Munumburu,-15.27784587,127.5277025,WA,<p>... about the Upper Hann River (Capell & Coate 1984:3).</p>
Y13,Unjadi,,,,"<p>... the country between the Ducie and Dulhuntly belonged to the O'yungo or Yungokurra, which takes its name from yungo, a specifies of large yam said to be characteristic of the inland country (Thomson 1934: 219).</p>"
A99,Norseman,-32.24150202,121.7626144,WA,<p>From Norseman to Fraser Range (von Brandenstein 1980:2).</p>
Y67,Flinders Island language,,,QLD,"<p>The Flinders Group National Parkin North Queensland comprises seven islands-Flinders (Wurriima), Stanley (Yindayin), Blackwood, Maclear, Denham, King and Clack (Ngurromo) islands.</p>"
D24,Southern Anaiwan,-30.7098681,151.3524683,NSW,"<p>New England tableland from Guyra and Ben Lomond south to Uralla and Moombi Range; northwest to Tingha; at Bendemeer and Armidale (Tindale 1974). (Tindale's location includes the location of Enneewin. This location is excluded in mapping the the location of Nganyaywana.)</p><p>... the Armidale-Uralla area of the Northern Tablelands (ALRRC)</p><p>MacPherson recognises two groups: (1) 'Himberrong': around Walcha, Ingleba, etc: (2)'Inuwon': from Bundarra to Uralla, including Armidale (Crowley 1976:22-23).</p>"
D31,Budjari / Badjiri,-28.43364116,145.2278033,"NSW,QLD","<p>From near Hungerford to Eulo on the Paroo River; east to near Barringun, Tinnenburra, Tuen, and Cunna-mulla; at Caiwarro and eastern side of Currawinya. Not extending very far west of Paroo River (Tindale 1974).</p>"
L21,Waidjinga,,,,<p>Macumba River (Oates & Oates 1970:120).</p>
D35,Guyambal,-29.34051588,151.2486019,"NSW,QLD","<p>Lower Severn River, Fraser Creek, and Ashford (Tindale 1974).</p><p>... on the Bundarra River, tributary of the Gwyder (Radcliffe-Brown 1926-1931).</p><p>Weir and Moonie Rivers, east of Nindigully, Q'land; at Talwood, Q'land., Maclntyre River from east of Boomi to Texas; at Yetman, Boggabilla and Middle Creek. (Capell 1963).</p>"
E86,Turrbal,-27.50740343,153.0519336,QLD,"<p>Turrbal is located on the Brisbane River, QLD. The traditional location of Turrbal has been debated.</p><p>Community locate Turrbal in the City of Brisbane, as well as the Moreton Bay region, north to Elimbah Creek. This is consistent with the assessment of anthropologist Gaynor MacDonald (2009:82), who locates Turrbal boundaries as the Oxley, Redlands, Lower Brisbane, Pine, and Caboolture catchments of Brisbane, as well as the Pumicestone catchment north to Elimbah. This area is bounded on the northwest and west by the Bremer River catchment and on the south by the Logan catchment.</p><p>Turrbal has also been placed more generally within metropolitan Brisbane on the north side of the Brisbane River (Steele 1984:121). Prospector Thomas Petrie&#39;s daughter, Constance Campbell Petrie (1904), describes Turrbal as being located north towards North Pine, south to Logan, and west to Moggill and Gold Creek.</p><p>Neighbouring languages include Wakka Wakka <a href=""/austlang/language/E28"" rel=""noopener noreferrer"">E28</a> varieties to the north, Moondjan <a href=""/austlang/language/E21"" rel=""noopener noreferrer"">E21</a> and Jandai <a href=""/austlang/language/E19"" rel=""noopener noreferrer"">E19</a> on North Stradbroke Island to the east, Yugambeh <a href=""/austlang/language/E17"" rel=""noopener noreferrer"">E17</a> and Bundjalung <a href=""/austlang/language/E12"" rel=""noopener noreferrer"">E12</a> varieties to the south, Yuggera <a href=""/austlang/language/E23"" rel=""noopener noreferrer"">E23</a> to the west in Brisbane, and Giabal <a href=""/austlang/language/D41"" rel=""noopener noreferrer"">D41</a> to the west past Brisbane.</p>"
W56,West Ngarluma,,,,
E8,Baanbay,-30.05901234,152.1110868,NSW,"<p>Guyra, Ben Lomond, Wollomombi, and Kookarabooka (Kookabookra) (Mathews 1903 in Eades 1979).</p><p>... around Wollomombi, Oban, Ben Lomond and the catchment area of the Boyd and Mitchell River systems generally (Crowley 1976:19) ... area embracing Ben Lomond, Glencoe, Marowan, Mt. Mitchell and Kookabookra (MacPherson 1904:678)</p>"
N116.C,Birrkili,,,NT,<p>(Dhuwala)</p>
Y152,Gambilbarra Jirrbal,-17.6805349,145.3898073,QLD,
E89,Wuli Wuli,-25.30333447,150.6355846,QLD,"<p>Wuli Wuli is located on the eastern side of the Dawson River, QLD. It extends from Moura in the north to Theodore, Camboon and Cracow, east to Hawkwood and Eidsvold, west to Taroom and south to Cockatoo Creek, possibly as far south as Walloon (Tindale 1974:190; Holmer 1983:2). This includes Hawkwood Station and the headwaters of the Auburn River (Kite & Wurm 2004:6). </p><p>Neighbouring languages include Tulua <a href=""/austlang/language/E41"">E41</a> to the north, Gooreng Gooreng <a href=""/austlang/language/E32"">E32</a> to the east, Djagunda <a href=""/austlang/language/E27"">E27</a> to the south and Yiman <a href=""/austlang/language/E31"">E31</a> to the west.</p>"
D51,Purukuri,-29.72039488,144.2664624,"NSW,QLD",<p>... in the Wanaaring area (Oates 1988:6).</p>
E13,Arakwal,,,,"<p>From Lismore and northern bank of Richmond River to Cape Byron (Capell 1963:<a href=""/austlang/language/E1"">E1</a>).</p><p>From Ballina and northern bank of Richmond River to Cape Byron; south to Ballina where they met Widje hordes of the Badjelang; inland to Lismore, Casino, and Coraki (Tindale 1974).</p><p>The boundary of this tribe was from Moonam to the Richmond Range and from the Richmond River to the Clarence River (on 'The Coo-al tribe' in Science of Man 1900; v.3, No.9:151).</p>"
E19,Jandai,-27.56946938,153.4506192361622,QLD,"<p>Jandai is located on Minjerribah (North Stradbroke Island), QLD. This includes the settlements at Dunwich and Amity. Goenpul people traditionally live on the central and southern parts of the island (Curr 1886:222; Tindale 1974:175-6). However, they and the Noonuccal / Nunukul people <a href=""/austlang/language/E21"" rel=""noopener noreferrer"">E21</a>, who inhabit the northern portion of the island, were living amongst each other since before the division of Stradbroke Island in the late 19th century (Curr 1886:223).</p><p>Jandai is also located on the southern shores of Moreton Bay (Steele 1984:85).</p><p>Goenpul people form part of the Quandamooka People of Moreton Bay, which includes Minjerribah (North Stradbroke Island), Moorgumpin (Moreton Island), and the surrounding areas of Moreton Bay (Minjerribah Moorgumpin Elders in Council Aboriginal Corporation; Iselin 2011).</p><p>Neighbouring languages include Moondjan <a href=""/austlang/language/E21"" rel=""noopener noreferrer"">E21</a> to the north on North Stradbroke Island, Yugambeh <a href=""/austlang/language/E17"" rel=""noopener noreferrer"">E17</a> and Bundjalung <a href=""/austlang/language/E12"" rel=""noopener noreferrer"">E12</a> varieties to the south on the mainland, and Yuggera <a href=""/austlang/language/E23"" rel=""noopener noreferrer"">E23</a> and Turrbal <a href=""/austlang/language/E86"" rel=""noopener noreferrer"">E86</a> to the west around Brisbane.</p>"
Y158,China Camp,-16.0474928,145.2994583,QLD,"<p>-16° 3' 0.00"", +145° 18' 0.00"" (http://www.nrw.qld.gov.au/watershed/precomp/108003a/108003a.htm)</p>"
C13,Kaytetye,-21.01987409,134.0695025,NT,"<p>... approximately 300 kilometres to the north of Alice Springs. Its border to the south is near Stirling Station and to the north, the Devil's Marbles (Karlwe-karlwe). The main communities where Kaytetye is spoken are Artarre (Neutral Junction), Ilewarr (Stirling), Alekarenge (Ali Curung), Ankweleyelengkwe outstation, Barrow Creek and Mwengkart (McLaren Creek). There are also some speakers in neighbouring communities, Tennant Creek and in Alice Springs (Turpin 2000:2). West to Hanson River, East to Davenport Range, South to Stirling Swamp, and north to Devils Marble (Grace Koch 2008 p.c.).</p>"
C16,Wakaya,-20.15290759,136.1691472,NT,"<p>Wakaya country extends from the Rankin and James Rivers in the southeast, across the desert (now known as the Wakaya Desert) south of the Barkly Highway, to the northeast part of the Davenport Ranges and the lower Frew River, north to Alroy Downs on the Barkly Tableland and across the southern part of the tableland to near Alexandria. If Eastern Wakaya is a genuine dialect this area could be extended an indefinite distance further to the east (Breen, nd:29).</p>"
E99,Yirraygirr,,,NSW,
K26,Wolyamidi,-15.63688402,127.3644225,WA,
C19,Wambaya,-18.17305531,135.4310501,NT,"<p>There was no precise information on the limits of Wambaya affiliations in 2007. Wambaya was associated with Eva Downs homestead, Anthony Lagoon, and Brunette Downs. Walhallow was probably associated with Wambaya, but there was no definite information on this point. Cresswell Downs homestead was not associated with Wambaya (Harvey AILEC 0802).</p>"
K56,Winjarumi,-15.30243643,124.259401,WA,<p>Champagney Is. [sic] (Oates & Oates 1970:47)</p>
A117,Banyjima Padupadu,,,WA,
Y161,Kuku Jakandji,-16.64967605,145.2106641,QLD,"<p>Speakers of the Kuku Yalanji language traditionally inhabited an area of over 2000 sq km extending from the Mossman River in the south to the Annan River in the north, bordered by the Pacific Ocean in the east and extending inland to presumably just west of Mt Mulgrave (Patz 2002:6).</p>"
C25,Mudburra,-17.44031006,131.9096227,NT,"<p>... as we moved north they were increasingly mixed with sites of dual Mudbura/Jingili identity, particularly along Newcastle Creek and Bucket Creek. Only in an area north and north-west from Newcastle Waters homestead were there sites that were linguistically identified as Mudbura only (Sutton 1995:106). Armstrong River and upper Victoria River junction (n.n. ['Tjambutjambulani]), southeast of Pigeon Hole Station; south to Cattle Creek; west to the Camfield River and eastward almost to Newcastle Waters; north to Top Springs. Dwellers in the dense scrub country near and west of the place ['Murandjai] on the so-called Murranji Track (Tindale 1974).</p>"
T7,Ben Lomond,-41.51639687,147.802052,TAS,<p>TAS</p>
G16,Mayi-Thakurti / Mitakoodi,-19.94687087,140.6895015,QLD,"<p>Sharp seems to agree [with Tindale] but Curr's map has it extending further east, and Roth (1897:42) gives it the whole Cloncurry River basin as far north as the Dismal Creek junction (Breen 1981:3).</p><p>From Williams River and Cloncurry north to Canobie on Cloncurry River; east to the Julia Creek junction with Cloncurry River and to Mount Fort Bowen; at Dalgonally (Tindale 1974).</p><p>... upper Cloncurry River, Julia Creek, McGillivray's station on Eastern Creek, and halfway towards the Flinders (Palmer 1883:277).</p>"
Y165,Wanyurr,-17.3832302,145.9433328,QLD,"<p>Mouth of Russell River inland of Babinda, Q (Oates & Oates 1970:207).</p>"
C4,Yankunytjatjara,-26.62369368,132.2605529,SA,"<p>Musgrave Ranges east of Oparinna, on Officer Creek; north to near Mount Robert, east to Everard Ranges, south to latitude 28° 30' (Tindale 1974).</p>"
C39,Wawulya,-21.80471001,130.0438684,NT,<p>South-western Warlpiri is called Wawulya (Laughren 1996:2).</p>
C46,Pertame,,,NT,"<p>... belongs to the country around the Finke and Hugh Rivers, reaching from Running Waters and the Waterhouse Ranges to the community of Finke (Swan & Cousens 1993)</p>"
Y227,Waru Lag,-9.085769315,143.2063852322173,TSI,"<p>Waru Lag is traditionally located on Waru Lag (Daru Island), Papua New Guinea.</p><p>Today, Waiben People reside in Katatai Village and Katatai Community in Waru Lag (Daru Island), Papua New Guinea.</p><p>Neighbouring languages include Torres Strait Creole <a href=""P2"" rel=""noopener noreferrer"">P2</a>, Kalaw Kawaw Ya <a href=""Y2"" rel=""noopener noreferrer"">Y2</a>, Kulkalgaw Ya <a href=""Y4"" rel=""noopener noreferrer"">Y4</a> and Kawalgaw Ya <a href=""Y5"" rel=""noopener noreferrer"">Y5</a> to the southwest and Meriam Mir <a href=""Y3"" rel=""noopener noreferrer"">Y3</a> to the southeast.</p>"
C8,Arrernte,-23.91276975,134.2609232,NT,"<p>Main communities where Eastern and Central Arrernte are spoken are Alcoota (Alkwerte), Harts Range (Artetyerre), Bonya (Uthipe Atherre), Santa Teresa (Ltyentye Apurte), Amoonguna (Imengkwerne), and Alice Springs (Mparntwe) (Green 1994:2). The main communities where Eastern and Central Arrernte dialects are spoken are Alcoota, Harts Range (Artetyerre), Bonya (Uthipe Atherre), Santa Theresa (Ltyentye Apurte)), Amoonguna (Amengkwerne) and Alice Springs (Mparntwe) (Henderson & Dobson 1994). These languages are spoken mainly at Harts Range (Artetyere), Bonya (Uthipe Atherre), Santa Teresa (Ltyentye Apurte), Amoonguna (Imengkwerne) and Alice Springs (Mparntwe) (Central Lands Council, 2015).</p>"
G28,Kukatj,-18.13210146,140.3651155,QLD,"<p>From Donor Hills north to Gulf of Carpentaria; at Inverleigh; eastward to Flinders River (Tindale 1974). ... about the lower part of the Flinders River, which flows into the Gulf of Carpentaria about thirty miles west of Normanton ... (Breen, 1976:151).</p>"
Y178,Kugu Yi'anh,-14.4866989,141.6549121,QLD,"<p>Kugu Nganhcara: between Kendall River and Moonkan Creek. Today, it is spoken chiefly at Edward River and Aurukun (Smith & Johnson 2000).</p>"
D17,Pantyikali,-30.49041055,142.6846524,"NSW,SA",<p>... the Mootwingee and White Cliffs area (Hercus 1993:11).</p>
D16,Wilyakali,-31.94801137,140.9901883,"NSW,SA","<p>... in the Broken Hill area and as far west as the Olary district (Hercus 1993:10).</p><p>Barrier Range; west to Olary, So. Aust.; at Silverton, Mutooroo, Boolcoomata; northeast to Mootwingee, north to the southern limits of Sturt Meadows (Tindale 1974).</p>"
G50,Kok Nhang,,,QLD,<p>Mitchell River NQ (Sommer_B05)</p>
D30,Kullilli,-28.36614352,143.5314931,QLD,"<p>At Bulloo Downs; north to Orient, west to Grey Range; east to Clyde, south to Bulloo Lake floodplain)and Kalali (Eulo west to Thargomindah and Bulloo River; upstream to Norley; south to Orient, Clyde, and Curra-winya) (Tindale 1974)</p><p>The location in Bowern (2001) roughly matches the locations of Bitjara in Tindale (1974).</p>"
E5,Ngambaa,-30.81513541,152.8904795,NSW,"<p>Macksville town (Laves 1929:1131 - as quoted in Lissarrague 2000).</p><p>Tindale 1974 locates Ngambaa south of Ngaku, which contradicts the location shown on the map by Eades 1979.</p><p>Ngambar occupied the Nambucca River (Radcliffe-Brown (1929:400).</p><p>Ngambaa - Warrell Creek tribe (Morelli, 2008:100).</p>"
Y201,Ogh Awarrangg,-16.07308251,143.0043795,QLD,"<p>Mitchell River just below the Palmer (Sommer 2006:7). At Drumduff, at & about the junction of the Palmer & Mitchell Rivers (Oates 1975).</p>"
D33,Guwamu,-28.41455229,147.7249188,QLD,"<p>South of St. George on the Balonne River to Angledool, Hebel, and Brenda; west to Bollon and Nebine Creek; at Dirranbandi (Tindale 1974).</p>"
K5,Bunuba,-17.72474079,125.6051687,WA,"<p>The Bunuba language belongs to a large region in the sourthern Kimberley bounded (very roughly) by the Fitzroy River to the south-east, the Leopold Range to the north-east, the Oscar Range to the south-west, and the Napier Range to the north-west (Rumsey 2000:36). Most of Bunuba speakers currently live in Fitzroy Crossing, either at Junjuwa, a housing block on the Crossing town site about two kilometers to the south (Rumsey 2000:37).</p><p>The general territorial association was from the Oscar Range and Brooking Springs homestead in the south to Mt Broome and Stony Creek in the north.Sources in 2007 confirmed these boundaries, with the explicit addition that Fairfield homestead and Tunnel Creek were associated with Bunuba (Harvey AILEC 0802).</p>"
D49,Kungakuri,-29.10545282,146.3952077,"NSW,QLD","<p>... back country, west of the Culgoa River (Oates 1988:6).</p>"
N47,Amurdak,-11.95028736,132.8736123,NT,"<p>Traditionally spoken around Cooper Creek and Mount Borradaile, to the North and North-West of Oenpelli (Handelsmann 1991:1). There was little precise information on the limits of Amurdak country in 2007. The East Alligator River constituted one part of the southern limit. Amurdak affiliations extended to about 10km north of Oenpelli. Mt Borrodaile and Tor Rock were associated with Amurdak. The Cooper Creek drainage from about 20km upstream of Mt Borrodaile was associated with Amurdak. There was no precise information on the northern limits of Amurdak in 2007 (Harvey ASEDA 802). Eastern shores of Van Diemen Gulf, north of Murgenella Creek and about Cooper Creek; south toward East Alligator River (Tindale 1974). The country of the Amurdak-speaking people is located in northwestern Arnhem Land [...] on the eastern shore of Van Diemen Gulf, north of Murgenella Creek (Maburr) and around Cooper Creek (Malwayuda). (Mailhammer and Handelsmann 2009:1)</p>"
D36,Geynyan,-28.18347613,152.1836091,QLD,<p>Warwick/Allora region (Sharpe 2005:2).</p>
Y183,Atampaya,-11.58484929,142.32873,QLD,<p>Inland from the Angkamuthi in the MacDonald River and Cockatoo River area (Crowley 1983:310).</p>
D56,Muringam,,,,"<p>Muringam may be located in the Condamine River and Charleys Creek region, QLD (Curr 1887, vol. 3:220). Bannister (1977) locates Muringam to the immediate northwest of Barunggam <a href=""/austlang/language/D40"">D40</a> Country.</p><p>Neighbouring languages include Djagunda <a href=""/austlang/language/E27"">E27</a> to the north, Wakka Wakka <a href=""/austlang/language/E28"">E28</a> and Barunggam <a href=""/austlang/language/D40"">D40</a> to the east, Bigambul <a href=""/austlang/language/D34"">D34</a> to the south and Kogai <a href=""/austlang/language/D38"">D38</a> to the west.</p>"
Y184,Uradhi,-11.89059638,142.1590698,QLD,"<p>Crowely's map of Uradhi dialect locates it east of the coast strip to the north of Port Musgrove (Angkamuthi country) incorporating the mouth of the Ducie River, the lower reaches of the Dulhunty River and the upper reaches of the Skardon River in the north; on the western side of Cape York Peninsula (1983:306, 308, 311).</p>"
G4,Rakaya,-23.42426015,140.1372183,QLD,<p>At Coorabulka (Roth 1897 as quoted in Blake and Breen 1971:10). From Coorabulka west to the Georgina River and the eastern vicinity of Breadalbane (Tindale 1974).</p>
D64,Northern Anaiwan,-30.12755232,151.4762715,NSW,"<p>Tingha, Wandsworth, Ollera, Black Mountain and Guyra (Crowley 1976:22).</p>"
K8,Jabirr Jabirr,-17.23238857,122.5274129,WA,"<p>West coast of Dampier Peninsula from Sandy Point on Beagle Bay south to Cape Bertholet; inland for about 30 miles (50 km) (Tindale 1974). Price's Point to Carnot Bay (Stokes 1984:9).</p><p>Around the shores of Carnot Bay, Nodogon, on the Indian Ocean coast of the Dampier Peninsula (Nekes & Worms as cited in Harvey AILEC 0802). Did not think that Jabirr-Jabirr extended beyond Coulomb Point. This was also the view of another source (Bowern p.c. in Harvey AILEC 0802).</p><p>There is no detailed information on the territorial associations of Jabirr-Jabirr. Tindale describes Jabirr-Jabirr as almost extinct in 1953, and it had been an evanescent identity for a long time by 2007. All sources agree in attaching the name to Carnot Bay. Tindale's statement that Jabirr-Jabirr associations extended to Sandy Point on Beagle Bay is unlikely as Beagle Bay is generally agreed to be associated with Nyulnyul. Jabirr-Jabirr is generally described as south of Beagle Bay. Sandy Point is at the mouth of Beagle Bay. The next major point south on the coast is Low Sandy Point. Tindale's statement would more plausibly refer to Low Sandy Point rather than Sandy Point. Inland limits were inferred in accordance with drainage basins (Harvey AILEC 0802).</p>"
D7,Yitha Yitha,-33.87318608,143.9409128,NSW,"<p>At Oxley, along Lachlan River from Booligal to Balranald (Map in Horgen 2004). Northern side of Lachlan River from near Booligal - to vicinity of Balranald, west to Carrawathal (Tindale 1974).</p>"
G53,Lanima,,,,<p>Mulligan River north of Kaliduwarry Waterhole (Tindale 1974).</p>
N110,Lurlmarangu,,,NT,"<p>Ramungir Bay (Oates 1975:316,387).</p>"
L16,Gungadidji,-26.35189074,142.0252753,QLD,<p>Cooper Creek north of Durham Downs; east to Mount Howitt and Kyabra Creek; northwest to near Lake Yamma Yamma (Tindale 1974).</p>
D9,Nari Nari,-34.574931,143.750573,NSW,"<p>Nari Nari is located on the Lachlan and Murrumbidgee Rivers, NSW. It extends from Booligal and the southern bank of the Lachlan River in the north, south to Hay and west to Balranald (Capell 1963:12; Hercus 1992:1).</p><p>Neighbouring languages include Yitha Yitha <a href=""D7"" rel=""noopener noreferrer"">D7</a> to the north, Wiradjuri <a href=""D10"" rel=""noopener noreferrer"">D10</a> to the east, Barababaraba <a href=""D5"" rel=""noopener noreferrer"">D5</a> and Wemba Wemba <a href=""D1"" rel=""noopener noreferrer"">D1</a> to the south, and Wadi Wadi <a href=""D4"" rel=""noopener noreferrer"">D4</a> and Mutti Mutti / Muthi Muthi <a href=""D8"" rel=""noopener noreferrer"">D8</a> to the west.</p>"
E42,Baiali,-23.64369074,150.8852368,QLD,"<p>Baiali is located in and around Gladstone, Central Queensland. It extends from Keppel Bay and the mouth of the Fitzroy River south towards Gladstone (Curr 1887:114; Capell 1963:2). It extends inland to Mount Morgan (Tindale 1974:164). Baiali is also found on Curtis Island (Curr 1887:114; Capell 1963:2; Tindale 1974:164). </p><p>Neighbouring languages include Darumbal <a href=""/austlang/language/E46"">E46</a> and its varieties to the north, Goeng Goeng <a href=""/austlang/language/E36"">E36</a> and Tulua <a href=""/austlang/language/E41"">E41</a> to the south, and Biri <a href=""/austlang/language/E56"">E56</a> varieties to the west.</p>"
K10,Warrwa,-17.27598142,124.013626,WA,"<p>... around Meda station (Stokes 1984:9).</p><p>The general associations of Warrwa were to the Meda River and Alexander Creek. Eastward limits: Sources in 2007 confirmed that Kimberley Downs homestead was associated with Warrwa, but that Warrwa associations ceased immediately to the east of the homestead. Southward limits: The divide between the Meda and Fitzroy drainages. There was some debate over the associations of Derby as between Warrwa and Nyikina. Warrwa owners claimed Derby as Warrwa. Warrwa has substantial saltwater association apart from Derby. Nyikina has only minimal saltwater associations apart from Derby. In Australia, there is a general congruence between ecological oppositions and changes in land-language affiliations. Therefore, the overall evidence suggests that Derby was associated with Warrwa and not Nyikina. Northward limits: There is no positive information on this topic (Harvey AILEC 0802).</p>"
E60,Gudjal,-19.70754326,145.4359956,QLD,"<p>At Mount Sturgeon, Mount Emu Plains, Lolworth, and Reedy Springs Stations along both sides of the Dividing Range; on upper Clarke River; east to near Charters Towers (Tindale 1974:178). ... [Gugu Badhun's] southern border was the Clarke River, about where it joins the Burdekin. There they met the Gudjal (also known as Gur(i)djal) (Sutton 1973:14). The northern part of Tindale's Warrungu (between Charters Towers and Clarke River) may be Gudjal country (Breen 2009:244). Gudjal covers a fraction of the Sunshine Coast.</p>"
Y224,Kugu Mu'inh,-14.64749954,141.6397829,QLD,"<p>Kugu Nganhcara: between Kendall River and Moonkan Creek. Today, it is spoken chiefly at Edward River and Aurukun (Smith & Johnson 2000).</p>"
C29,Lower Arrernte,-25.95457191,135.3928072,"NT,SA","<p>Lower Arrernte that was spoken around the Overland Telegraph Line's station constructed in 1872 at Charlotte Waters, just north of the border between South Australia and the Northern Territory (Koch 2004:127). Dalhousie area, S.A. (KH) (Oates 1975: 154).</p>"
E58,Giya,-20.40181799,148.4629209,QLD,"<p>Bowen to St. Helens and Mount Dalrymple; inland to Clarke Range; at Proserpine, Gloucester Head, Gloucester Island, and Repulse Bay; not at Cape Conway (Tindale 1974). The location given by Shea in Curr matches the location Tindale gives (Terrill 1998:87) .</p>"
A23,Mangula,,,WA,
K18,Ngarinyin,-16.00384906,126.0054329,WA,"<p>From Walcott Inlet at Mount Page, southeast along the north face of the King Leopold Range in the Isdell Valley to Isdell Range, thence east to Phillips Range, the headwaters of Chapman River, Blackfellow Creek, and Wood River; north along the Barnett and Harris Ranges; at Gibb River junction with upper Drysdale; on upper waters of Drysdale River to near Maitland Range; on King River headwaters north to about Mount Reid; west to about Mounts Bradshaw and Hann; southeast to Mount French on the highlands, thence south by west to Walcott Inlet opposite Mount Page (Tindale 1974).</p><p>The general association was to the western half of the Kimberley Plateau. Eastward limit: Mt House homestead, upper Hann River drainage, Gibb River homestead, Gibb River drainage, Dampier Creek drainage, Banjo Creek drainage - all of these are associated with Ngarinyin. Northward limit: Couchman Ranges, King Edward River to upstream of the Mitchell Plateau road crossing - both associated with Ngarinyin. Oombrai Hill, the King Edward River downstream from the Mitchell Plateau road crossing, Morgan River drainage - none of these three were associated with Ngarinyin. Westward limit: King Edward River to upstream of the Mitchell Plateau road crossing, Upper Moran River, Upper Roe River, Upper Prince Regent River, Upper Sale River including Pantijan, Upper Walcott Inlet and Calder River, Isdell River mouth - all associated with Ngarinyin. Southward limit: King Leopold Range, Isdell Range. Bell Creek was associated with Unggumi and not with Ngarinyin (Harvey AILEC 0802).</p>"
E16.2,Wahlubal,-28.88761184,152.5079219,NSW,"<p>... around Tabulam (Sharpe 2005:9).</p><p>... in the country of the lower Rocky River (or Timbarra River) and the adjacent stretch of the Clarence Valley around Pretty Gully and Tabulam, towards the coast as far as the Mallanganee Range (or Richmond Range) (Crowley, 1978:155).</p>"
W57,East Ngarluma,,,,
S65,Darkinyung,-33.03511724,150.8287049,NSW,"<p>Darkinyung is located on the Central Coast, NSW. It extends from the Hawkesbury River in the south, north to Lake Macquarie, east to Broken Bay, and west to Wollombi and Mt Yengo (Wafer &amp; Lissarrague 2008:140; Darkinjung LALC 2025; Empowered Communities 2025). This area includes the Colo River basin and the Hunter Valley (Macqueen 2004:18; Attenbrow 2010:34). There is conflicting information about whether this Country extends to the coast (Macqueen 2004:18; Darkinjung LALC 2025).</p><p>Neighbouring languages include Wanarruwa <a href=""/austlang/language/S63"" rel=""noopener noreferrer"">S63</a> to the north, Awabakal <a href=""/austlang/language/S66"" rel=""noopener noreferrer"">S66</a> to the east, Dharug / Darug <a href=""/austlang/language/S64"" rel=""noopener noreferrer"">S64</a> in the south and Wiradjuri <a href=""/austlang/language/D10"" rel=""noopener noreferrer"">D10</a> to the west.</p>"
E17,Yugambeh,-28.09452769,152.981256,QLD,"<p>Beaudesert, Logan and Albert Rivers area (Sharpe 1985). The Yugumbir territory was shaped like a right-angled triangle. The eastern boundary with the Ngaraangbal territory was a line running south from near Beenleigh, through Tamborine Mountain to Binna Burra. The southern boundary with Galibal and Gidabal territory was a line running west along the McPherson Range as far as Mount Ballow. The third side of the triangle, the boundary with Yuggera territory, ran north-east from Mount Ballow to near Beenleigh. Yugumbir territory thus contained all of the upper Albert and Logan valleys, with the exception of Teviot Brook (in Yuggera territory) and with the addition of the headwaters of the Coomera River. The boundary between Yugumbir and Yuggera has been a matter of debate. Several authorities have considered that the boundary was along the Logan River; on that view, Beaudesert and Rathdowney lie on the border. The view adopted here, however, follows the opinion of T.W.Hardcastle, who lived near Boonah and gave careful thought to the question without resolving it precisely. He stated ""the natives of the Teviot Valley spoke Yug-gra-bul... The Maroon and Upper Logan aboriginies spoke Yug-um-bir. I could never find their tribal boundaries"" (Steele 1984:68).</p>"
L65,Ngurunta,-30.73320256,140.4828535,SA,<p>Area from west of Barrier and Coko ranges to eastern shore of Lake Frome; south to about midwaters of Eurinilla Creek; north to about Boolka Lake and vicinity of Yandama Creek (Tindale 1974).</p>
E94,Undanbi,,,,"<p>Undanbi is located in southeast Queensland, in and around the Sunshine Coast region. The location of Undanbi has been described differently across sources.</p><p>The community organisation Undumbi Culture describes Undunbi people as residing along the Sunshine Coast in an area extending from Noosa in the north, to Caloundra in the south, to Yandina in the south. This area also includes the localities of Maroochydore and Buderim (Undumbi Culture 2026). </p><p> J.G. Steele provides the location of Undanbi as extending north to the Maroochy Basin, and south roughly to the Glass House Mountains (Steele 1984:172, 177). </p><p>Norman Tindale provides the location of Undanbi as extending from Noosa Heads in the north to the Brisbane River in the south (Tindale 1974:186).</p><p>Neighbouring languages include Gubbi Gubbi <a href=""/austlang/language/E29"">E29</a> and Butchulla <a href=""/austlang/language/E30"">E30</a> to the north, Jinibara (see Dalla <a href=""/austlang/language/E25"">E25</a>) to the southwest, and Wakka Wakka <a href=""/austlang/language/E28"">E28</a> to the west. </p>"
E80,Wehlubal,-29.22442551,152.5517802,NSW,<p>... at Baryulgil (Sharpe 2005:2).</p>
K69,Baard,,,,<p>... the western side of the Dampier Peninsula in the Goorrbalgoon and Goowalgar areas Contemporary location: Lombadina</p>
N200,Munyuku,,,NT,<p>(Dhuwala)</p>
Y23,Wimaranga,-12.37987715,141.6867406,QLD,"<p>Near Duifken Point, Q (Oates & Oates 1975:198, Capell 1963).</p><p>... the Wimmarago, from the Pennefather River to Duyfhen Point (Thomson 1934: 218).</p>"
Y25,Mpalitjanh,-12.10232991,142.2781567,QLD,<p>In the middle and upper Ducie River area [Cape York Peninsula] (Hale 1964:252).</p>
A18,Muliara,,,,"<p>Mt Luke, Mt Parr, Willow Vale (Oates 1975:85). North of Sandford River, on Roderick River, WA (Oates & Oates 1970:59, Capell).</p>"
E21,Moondjan,-27.47215729,153.4690786,QLD,"<p>Moondjan is located on North Stradbroke Island, QLD. This includes the settlements at Dunwich and Amity. It may also have been spoken on what is now South Stradbroke Island alongside Jandai <a href=""/austlang/language/E19"">E19</a> (Holmer 1983:393-4). </p><p>Neighbouring languages include Jandai <a href=""/austlang/language/E19"">E19</a> also on Stradbroke Island, Guwar <a href=""/austlang/language/E26"">E26</a> on Moreton Island to the north, and Yuggera <a href=""/austlang/language/E23"">E23</a> and Turrbal <a href=""/austlang/language/E86"">E86</a> on the mainland to the west.</p>"
K33,Kuluwarrang,-16.37711391,127.9778658,WA,"<p>Lower Ord River, and Durack Range WA (Oates & Oates 1970:39)</p>"
Y26,Linngithigh,-13.17296567,141.8218545,QLD,"<p>West of lower Watson River and at Aurukun (Tindale 1974). West of Watson River on McConnel's map (1939).</p><p>Linngitigh was spoken southwest of the Embley River and west of the Hey in the area called Winduwinda (Roth 1910).</p><p>The land between the Mission and Embley Rivers was occupied by the Laini'?itti tribe (Thomson 1934: 219).</p><p>[Lingithigh], not individually numbered on Greenway's map, but included by him (following Tindale 1940) in the term Winduwinda, numbered 20, was spoken southwest of the Embly River on the west side of the Hey River. This location, given by informants in 1960, does not agree with McConnel who, perhaps correctly, locates her Lengiti much farther south in the Winduwinda area (McConnel 1939 in Hale c1960).</p>"
K6,Gooniyandi,-18.59096991,126.179024,WA,"<p>... from Fitzroy Crossing in the west to the vicinity of Margaret River Station in the east, a distance of some one hundred and fifty kilometeres, west to east. This territory abuts on the Great Sandy Desert in the south, and extends into the King Leopold Ranges in the north. (McGregor 1994:4).</p><p>The general associations were from Gogo homestead in the west to Margaret River homestead in the east, from the drainage of Christmas Creek in the south to the southernmost King Leopold Ranges in the north. Sources in 2007 stated that Margaret River homestead was not associated with Gija, nor does it appear to have been associated with Djaru. Aboriginal people in the 1960s associated the homestead with Gooniyandi (Harvey AILEC 0802).</p><p>West to Fitzroy Crossing; at Bohemia Downs and Margaret River Stations. Formerly south to Christmas Creek, but they lost the open plains on the north side of the river to Walmadjari just before the time of the first appearance of whites. East to junction of Mary and Margaret rivers and the Ramsay Range, north to Stony River, Sandstone, Mueller, Burramundy, and Geikie Ranges; their headquarters were in the eastern limestone areas of the King Leopold Ranges (Tindale 1974).</p>"
E25,Dalla,-26.77542365,152.6684343,QLD,"<p>Dalla is located near the Conondale and Blackall Ranges, QLD. It extends from the head of the Mary River and along Blackall Range, east to Obie Obie Creek at Kenilworth, north to Kenilworth Bluff and south to Woodford (Steele 1983:206; Kite &amp; Wurm 2004:5). This region includes Burgalba Lagoon (Steele 1983:206).</p><p>Neighbouring languages include Gubbi Gubbi <a href=""/austlang/language/E29"" rel=""noopener noreferrer"">E29</a> to the north, Ngoera / Nalbo <a href=""/austlang/language/E22"" rel=""noopener noreferrer"">E22</a> to the east, Duungidjawu <a href=""/austlang/language/E20"" rel=""noopener noreferrer"">E20</a> and Garumngar <a href=""/austlang/language/E88"" rel=""noopener noreferrer"">E88</a> to the south and Wakka Wakka <a href=""/austlang/language/E28"" rel=""noopener noreferrer"">E28</a> to the west.</p>"
Y29,Yinwum,-12.70040974,142.7245727,QLD,<p>south of Moreton on the Batavia River and west to Cox Creek (Hale 1964). Upper Wenlock (Batavia) River south of Moreton (Tindale 1974).</p>
N229,Ngalarrunga,-15.90087368,133.1973215,NT,"<p>The general associations were to the drainage of Birdum Creek until just to the north of Daly Waters, and to the drainage of Strangeways River above Bayward Lagoon (Harvey 2008).</p>"
E37,Bidjara / Bidyara,-24.90318659,147.1213069,QLD,"<p>Headwaters of Nogoa and Warrego rivers; south to Caroline, north of Augathella; east to Killarney and Chesterton; west to Nive River; north to Mantuan Downs (Tindale 1974).</p>"
A1,Nyaki Nyaki / Njaki Njaki,-32.39094519,118.7550827,WA,"<p>East of Lake Grace; at Newdegate, Mount Stirling, Bruce Rock, Kellerberrin, and Merredin; west to Jitarning; south to Lake King, and Mount Madden; east to near Lake Hope and Mount Holland (Tindale 1974).</p>"
K43,Worla,-16.42768619,127.21894,WA,"<p>Mouth of Forrest River (Oates & Oates 1970:46).</p><p>Eastward limit: Western side of the Tier and Saw Ranges. Speewah Mine associated with Wurla, but close to the eastern limit of Wurla. The middle part of the Chamberlain River valley was associated with Wurla.The upper part, from about the level of Wilson River, was associated with Gija. Northward limit: Western side of the Tier Ranges thence to about Mt Edith. The Cockburn Ranges, Emma Gorge, and Home Valley homestead were not associated with Wurla. Wurla came to just south of Home Vally homestead. Bindoola Creek drainage was associated with Wurla. Wurla affiliations were all south of the road which goes along the southern side of the Cockburn Ranges. Durack River homestead and Ellenbrae Creek drainage were associated with Wurla. Westward limit: Ellenbrae Creek drainage. Boxhole Yard on Chapman River, but Gibb River homestead associated with Ngarinyin. Boxhole Yard (Harris Ranges), Middle Yard (Harris Ranges), but most of upper Hann drainage associated with Ngarinyin. Southward limit: Philips Range, Wood Yard on Wood River, but Red Lake Yard, Tableland homestead, Top Chamerlain Yard all associated with Gija (Harvey AILEC 0802).</p>"
E72,Birihn,-29.0479589,152.8588681,NSW,<p>Around Rappville area (Sharpe 1985).</p>
E70,Burrgati,-30.42236063,151.9407368,NSW,"<p>... spoken in the upper section of the Macleay River and extended to Armidale and Ben Lomond (Radcliffe-Brown 1929:400, in Wafer & Lissarrague 2008:196).</p><p>... at Wollomombi, which lies between Armidale and Ebor (Macpherson 1930:123, in Wafer & Lissarrague 2008:196).</p><p>... along the upper reaches of the Macleay and even further inland (Wafer & Lissarrague 2008:196).</p><p>... to the west and south of Bowraville (Morelli 2008:243).</p>"
K57,Ginan,,,,
E96,Wudjebal,,,,"<p>Upper Rocky River etc (Sharpe 1985:39). ... from the upper Rocky River region in the foothills of the ranges west of the Clarence River and in the ranges west of Cangie (Crowley & Sharpe, 1996:33).</p>"
E9,Yunggaya,-29.46378932,153.2157736,NSW,"<p>Lower Clarence River, NSW (Oates & Oates 1970:158).</p>"
G45,Marrago,-18.2705876,140.1666418,QLD,<p>On Alexandra River-no details are available. The approximate area indicated for the tribe is only by exclusion from surrounding tribe areas (Tindale 1974).</p>
K58,Barunjin,,,,
A21,Gula,-27.99046025,122.7020083,WA,
K12,Jaru,-18.51728972,128.2275775,WA,"<p>The affiliations of Djaru are principally taken from Tsunoda. The only significant variation is in the east where Djaru affiliations extended further than indicated by Tsunoda. Birrindudu and Kirkimbie homesteads were associated with Djaru. In the north-west the hills immediately to the east of Halls Creek mark the north-western limit of Djaru. Old Halls Creek was affiliated with Djaru. New Halls Creek is affiliated with Gija. In the south, Ima-Ima Pool and the pools on Sturt Creek to the north of this were apparently associated with Djaru. In the south-east, the changeover to Kartangarurru affiliations was in the Browns Range (Harvey AILEC 802).</p><p>East of Ramsay Range along Margaret River to the Mary River Junction. East from the headwaters of Christmas Creek, skirting the sand desert fringe eastward to Cummins Range, Sturt Creek Station, and the Northern Territory border. Thence northward to Nicholson Station homestead, the headwaters of Ord River above the Dixon Range, keeping east of Alice Downs to Hall Creek and the Margaret River gorge (Tindale 1974).</p>"
N106,Wägilak,,,NT,<p>(Ritharrngu)</p>
N113,Galwanuk,,,,
E78,Nganduwal,-28.35155366,153.303607,NSW,"<p>... the language ... was spoken in the Tweed Valley, including the geographical points of Tweed Heads, Point Danger, Cudgen and Murwillumbah (Crowley, 1978: 150-1).</p>"
K47,Djerag,,,,"<p>Durack Range (Capell 1963).</p><p>On Salmond, Chamberlain, and Wilson rivers; Macphee Creek north to Sugarloaf Hill, always on top of the plateau; west to the edge of the Bluff Face Range; east over the Durack Range to Lissadell and Turkey Creek Stations, south to High Range and headwaters of Stony River about Fig Tree Pool; on upper Margaret River above gorge in Ramsay Range; east to Hall Creek and Alice Downs. The terms Kitja and Lungga are of about equal status in the naming of this tribe and a source of some confusion to anthropologists. Capell (1940:404) uses them to denote separate tribes; inquiries suggest this is not correct. The Djaru usually call these people Lungga and a few accept the term without question; most of the others prefer Kitja. Color plate 41 is relevant (Tindale).</p>"
E92,Ngarabal,-29.48567462,152.6828852,NSW,<p>Copmanhurst (Sharpe 2005:2).</p>
K52,Ngarnawu,-16.18764992,127.2888469,WA,<p>[A part of Ngarinyin country]</p>
K49,Umida,-16.32278166,123.8597133,WA,"<p>Coast and inlets south of Yampi Sound to Cone Bay, islands from Koolan Island north to Macleay Island, west to Bathurst Island, Bayliss Island, and islands in Strickland Bay; inland usually only to the watershed, but they claimed country near Shoal Bay afterward taken by the Worora and the country south to Oobagooma (Tindale 1974)</p><p>...east mainland from Secyre Bay to mouth of Robinson River (Coate 1970).</p><p>There was only limited direct information on the associations of Umiide in 2007. The associations of Umiide with Koolan Island and Cone Bay were confirmed in 2007. However, Worrorra people claimed to have been the traditional owners of the Shoal Bay area (on the south-west of Collier Bay) in 2007. It does not appear that the ownership of the Oobagooma area had ever been investigated in detail (Harvey AILEC 0802).</p>"
K60,Mailnga,,,,
K61,Wulamban,,,,
E3,Birrbay,-31.64695142,152.134016,NSW,"<p>... spoken about Gloucester (Holmer 1966:1).</p><p>On the southern border of Dunghutti country lies Biripi which was spoken south from a line drawn between Telegraph Point and the country east of where Tamworth is today (Lissarrague 2000).</p><p>Birpai - The tribe on the Hastings River (Radcliffe-Brown 1929:400).</p><p>Port Macquarie (Branch 1887:348 in Lissarrague 2010:10).</p><p>Rollands Plains to the Manning River (Enright 1932:102 in Lissarrague 2010:10).</p><p>Mouth of Manning River at Taree, inland to near Gloucester; principally on south side of river, also on the Forbes, upper Hastings, and Wilson Rivers ... (Tindale 1974: 192).</p>"
L31,Yarluyandi,-25.90446432,139.4987276,QLD,<p>... on the Diamantina centred on Birdsville and extending S to the Goyder Lagoon (Bowern 2007 p.c.).</p><p>Yarluyandi country was situated along the Diamantina and not Eyre Creek (Hercus 1991:141).</p>
L13,Arabana,-28.4169104,136.0837212,SA,"<p>Neales River on the west side of Lake Eyre west to Stuart Range; Macumba Creek south to Coward Springs; at Oodnadatta, Lora Creek, Lake Cadibarrawirracanna, and the Peake. Their boundary with the Kokata on the west is marked by the margin of the scarp of the western tableland near Coober Pedy (Tindale 1974). the area to the west and north of Lake Eyre (for Arabana and Wangkanguru) (Hercus 1994:6).</p>"
L61,Kadli,,,,
G13,Kalkatungu / Kalkadoon,-20.88651298,139.8900199,QLD,<p>West of Cloncurry to Mount Isa; south to Duchess and Selwyn Range; at head of Cloncurry River; north to Glenroy (Tindale 1974).</p>
K7,Nyininy,-18.06933983,128.5856727,WA,"<p>Including Turner River, Old Flora Valley, Gordon Downs and Sturt Creek dialects (Tsunoda 1981:3).</p><p>... spoken at Old Flora Valley, turner River, Sturt Creek, Gordon Downs and Nicholson Stations (Blythe & Wightman 2003:70).</p>"
L20,Mambangurra,-28.6016663,141.7630213,"NSW,QLD",<p>Thereila: only South from Nockatunga and Noccundra to Grey Range; on Dingera Creek; west to Bransby and lower Warrywarry Creek (Tindale 1974). Only the southern part of the Thereila area given by Tindale (1974) is assigned to Mambangura in this database.</p>
Y57,Wik Mungkan,-13.72268182,142.326255,QLD,"<p>The boundary of their tribal territory extends to the coast at a couple of places, at Eramangk and at the mouth of the Archer River. It touches the Watson River in the north, and extends to the Kendall River in the south. Rokeby Station is usually considered the eastern limit (Kilham 1977:1). The estates of Wik Mungkan-owning clans are, in fact, discontinuously distributed, falling into at least three areas separated by the estates of clans owing other languages. One Wik Mungkan-affiliated estate is on the coast just south of Cape Keerweer, another is on the coast just south of Know River, and others lie along certain inland stretches of the Archer, Love, Kirke and Know Rivers (Sutton 1995:135). Contemporary location: The majority of Wik-Mungkan people today live at Aurukun. (Kilham, Pamulkan, Pootchemunka & Wolmby 2011)</p>"
G16.1,Wunumara,-20.91311258,141.8532552,QLD,"<p>Headwaters of Flinders River, east to Richmond; south to the Divide and to Kynuna; west to the Williams River near Cloncurry; north to Cambridge Downs and Dalgonally (Tindale 1974)</p><p>... possibly as in Tindale (Breen 1981).</p>"
L10,Adnyamathanha,-30.35021173,138.8825771,SA,"<p>At Umberatana and Mount Serle; south to Parachilna Gorge only in the Flinders Ranges; east to above Wooltana on range; west to western scarp of ranges (Tindale 1974). Contemporary location: the Flinders Ranges, the towns of Nepabunna,Hawker, Quorn, Port Augusta and Leigh Creek (Cother and Gale 2005:1).</p>"
Y62,Ama Ambilmungu,,,,"<p>Cape Melville, Bathurst Head area (Oates 1970:258)</p>"
L2,Nauo / Nawu,-33.70399043,135.439736,SA,"<p>Southwestern half of Eyre Peninsula; west to Cape Radstock, north to beyond Minnipa; east to near Darke Peak; west of Cleve and halfway between Carrow and Franklin Harbor; at Port Lincoln, Mount Hope, Coffin Bay, and Elliston (Tindale 1974). Port Lincoln, on the coast to the south-west of the settlement (Schurmann 1987:152-2 in Hercus and Simpson 2001:264). The western boundary has been suggested as near Elliston (cf. Hercus and Simpson 2001:270-272).</p>"
Y63,Jugaiwadha,,,,"<p>Barrow Point, Cape Melville and King Isands, Q (Oates & Oates 1970:201, Capell 1963).</p>"
L3.1,Nanduwara,,,,"<p>... from the east side of the Hummock Range to Red Hill where northern hordes were sometimes known as the Nantuwara. (Tindale 1974, under Kaurna).</p><p>At head of St. Vincent's Gulfs, SA (Oates & Oates 1970:121, Capell 1963).</p>"
L36,Pirriya,-25.49161592,142.4902412,QLD,"<p>Coopers Creek (as in Tindale but Tindale's description extends further east and south than Curr's, while Curr's extends furhter west than Tindale's, Curr's: western bank of the Thomson, extends from Jundah to the confluence of the Thomson and Barcoo, and further for fifty miles down Coopers Creek. Their territory stretches back forth miles from the rivers in the direction of the Diamantina.) (Breen 1990:6).</p><p>Western side of Thomson River and Cooper Creek, from Jundah to near Gilpeppee; east to Keeroongooloo and Canaway Range; west to Whitula Creek (Tindale 1974).</p>"
L30,Ngandangara,-26.82346778,143.2389399,QLD,<p>On upper Wilson River; north to Eromanga and beyond toward Thylungra and Ray; south to Nockatunga. This is one of the easternmost of the circumcising tribes (Tindale 1974).</p><p>Upper Wilson River; north to Eromanga and beyond; south to Nockatunga (Capell 1963:L.38).</p>
L34,Mithaka,-25.27295934,139.7382964,QLD,"<p>From Durrie north to Glengyle; east to near Monkira; about Lake Machattie, west to Kalidawarry (Tindale 1974).</p><p>The Bluff (Roseberth) to Haddon Downs to Currawilla to Monkira to Cacoory (Breen 1967).</p>"
Y65,Aghu Tharnggala,-14.92265906,144.1358312,QLD,"<p>In sum, the evidence suggests there is an area of land owned by the Tharrnggala-speaking butterfly patriclan in the headwaters of the Hann/Morehead river system (Jolly 1989:15).</p>"
G36,Walangama,-17.88573416,141.9347315,QLD,<p>... the Croyden area (Black 2004:253).</p><p>On Carron River and Walker Creek; west to Maggieville and Normanton; east to Croydon; south to head of Belmore Creek; north to Stirling keeping south of the Gilbert River (Tindale 1974).</p>
Y69,Kuuk Thaayorre,-14.90901099,141.7870148,QLD,<p>Edward River Community (Hall 1968) Inland and to the south of Pormpuraaw (Gaby 2006:1).</p>
G37,Yangkaal,-16.90490667,138.9811434,QLD,"<p>... on Forsyth Island (Evans 2001:151).</p><p>The immediate coast between Bayley Point and Point Parker, north to include the southern half of Denham Island. East to Allen Island, which was shared with Kaiadilt (Harvey ASEDA 802).</p><p>Forsyth Island in the Gulf of Carpentaria, and the mangrove-lined shore on the mainland opposite, as far west as Cliffdale Creek. Forsyth Island today is known to Morn-ington Islanders as Nemi Island, after one of the native inhabitants whose adopted name was Edward Namie (Tindale 1974).</p>"
L43,Bidjara,-28.38567517,143.0055259,QLD,"<p>Bulloo Downs, Bulloo Lake, Grey Range (Oates 1975:177).</p><p>At Bulloo Downs; north to Orient, west to Grey Range; east to Clyde, south to Bulloo Lake floodplain (Tindale 1974).</p>"
L62,Malintji,-23.53445817,142.9528968,QLD,"<p>... east of the Maiawali along Vergemont Creek, south to about Jundah. Very little is known about them (Tindale 1974:180).</p>"
Y72,Yir Yoront,-15.12573754,141.712047,QLD,"<p>The territory of these people lies in northeastern Queensland, on the west coast of Cape York Peninsula, near the mouth of the Mitchell River, approximately between 15 and 15.15 south latitude. Most of the speakers of the language now live just south of their original territory, at the Mitchell River settlement (until May 1967 a Church of England Mission) (Alpher 1973:1). </p><p>He gives the ""main Yir Yoront"" as living on the Coleman River and the northern half of Wallaby Island. Of these, the people living closest to the beach are known as pamlopm. The Yir Tjutjm are given as living on the southern part of Wallaby Island, the Kin Kopol to the east of the North Mitchell River, and the Yir Thangedl at the mouth of the South Mitchell River. People who characterize themselves as Yir Tjutjm say their territory is ""Main Mitchell"", or near the mouth of the Main Mitchell. Those designated by others as Kin Kopol usually refer to themselves as Yir Tjutjm, and apply the term Kin Kopol to groups father east, like the Yir Mayin (Alpher 1973:5). </p><p>About mouth of Coleman River and the three widely separated mouths of the Mitchell River, extending along the coast between them and inland to about the limits of tidal waters. (Tindale) Most speakers of Yir-Yoront currently live at the settlement Kowanyama (formerly Mitchell River Missioin) a few live just to the north at Pormpuraaw (formerly Edward River Mission). Both settlements are former Anglican missions; both lie just outside traditional Yir-Yoront country (Alpher 1991:1)</p>"
Y79,Guugu-Nyiguudyi,-14.65363736,144.784569,QLD,"<p>... associated with the coast immediately north-west of Jeannie River at about Murdoch Point (Haviland 1979 in Sutton MS 3813: 32).</p><p>Area of Brown'a Peak (Guraabin), south-east of Red Point, lower Jeannie River to Hummock Creek, 'Maddock Point' (?Murdoch Point). (Sutton, 1993, Appendix 2: clans 57, 58).</p>"
L40,Maiawali,-23.41919493,141.5875433,QLD,"<p>At Springvale, the Lakes (presumably the present Diamantina Lakes), Cork and middle Diamantina River (Roth 1897 as quoted in Blake and Breen 1971:12).</p><p>On the Diamantina River from Davenport Downs and Diamantina lakes north to Old Cork; on Mayne River to Mount Vergemont; west to Springvale; southeast to Farrars Creek; at Connemara and Brighton Downs (Tindale 1974).</p>"
L47,Matja,-27.32275325,139.9625406,SA,"<p>... west of Innamincka, on the Cooper between his country and Diyari. Breen's informant implied once that Cuttapirie was the upstream boundary. The Diyari boundary was said to be at or before Kanowana (Breen 2004:2).</p>"
Y80,Kuku-Warra,-15.09403241,144.6122611,QLD,"<p>Normandy River from Lakefield south to Laura River, Q (Oates & Oates 1970:202, Tindale 1974)</p><p>Spanning the Kennedy and Normanby Rivers from the Jack River to Chief camp in close vicinity to Balser's Knob. They follow up the Normanby and Deighton Rivers as far as the Laura, travel up Statioin and Sandy Creeks to the Morehead, and westward they wander over to Jeannette's Tableland (Roth as quoted in Sommer 1976:130)</p>"
L63,Thura / Yura,,,,
L68,Wangkumara,,,,"<p>Northwest of Annandale, at Kalidawarry, lower portion of Field and Cooper Creek east of Nappa Merrie and Orientos to the Wilson River at Nockatunga. In postcontact times at Chastleton and NCarcowlah where they mixed with uncircumcised Kalali. Mathews (1905) used the tribal term as a general name for several tribes with similar languages along Cooper Creek (Tindale 1974).</p>"
A25,Birniridjara,,,,<p>West of Lakes Carnegie and Wells to Millrose and Barwidgee; at Erlistoun Creek and Lake Darlot. North to Wongawol and Princes Range (Tindale 1974).</p>
L54,Wangkatyaka,-27.49453191,137.5854732,SA,"<p>... the 'Salt Creek', the Kallakoopah and the lower Diamantina (Hercus 1994:7).</p>"
Y84,Kuku Thaypan,-14.66031799,143.9143389,QLD,"<p>Thaypan people and language were down off the range to its north in the Saltwater Creek and Morehead River drainages (Rigsby 2007 p.c.)</p><p>The country of the Thaypanic people includes the Princess Charlotte Bay hinterland, extending from around New Bamboo, Violet Vale, and Musgrave Station in the west, to the Normanby and Laura Rivers in the east, to around Laura in the southeast, inlcuding much of present-day Lakefield National Park (Rigsby in Schmidt 2005:6)</p>"
Y88,Banambila,,,,<p>Southern and eastern shores of Princess Charlotte Bay; inland to tidal limits of Normanby and north Kennedy rivers; at Lakefield (Tindale 1974).</p><p>Close to Cooktown (Oates & Oates 1970:203)</p>
Y8,Yadhaykenu,-11.48377597,142.7257516,QLD,"<p>Between White Sands and Escape River along the Coral Sea coast was the original home of the Yadhaykenu and the Yaraytyana. The Yadhaykenu home area also extended south to Boydong Cays and the mainland area of Hunter Point (and presumably met the Mutanti futher south). Very early in the history of white settlement of the peninsula, the Yaraytyana and Yadhaykenu migrated to the Somerset area as the original Cape people became extinct. (Crowley 1983:308-311).</p>"
G9,Yanda,-22.08473631,140.7388174,QLD,"<p>Head of Hamilton River, north of Warenda. At Toolebuc and Lucknow (Tindale 1974). ... at Warenda, Booloo-Boolooo and Muckunda Creek (Now spelt Macunda), but had recently moved towards Tooleybuc(k) (Roth as quoted in Blake and Breen 1971:9).</p>"
L59,Mundanbara,,,,
N104,Ritharrngu,-12.97618751,135.3967658,NT,"<p>The principal concentration of Ritharngu-speaking people was in the general area of the upper Koolatong River (Heath 1980:3).</p><p>An inland group east and south of the Arafura Swamp and east of the true Goyder River, extending to about the Mitchell Ranges and Koolatong River headwaters; southern boundary near the headwaters of the eastern tributaries of the Goyder River (Tindale 1974).</p>"
L66,Parlpakurnu,-26.2572411,143.0398934,QLD,
L67,Eastern Wangkangurru,,,QLD,<p>... the Birdsville area (Hercus 1994:7).</p>
A26,Djalgandi,-27.64572816,122.973062,WA,<p>Northeast of Laverton to Lake Throssell; west nearly to Darlot; at Erlistoun; north to Lake Wells (Tindale 1974).</p>
E48,Baradha,-21.98238387,148.9252572,QLD,"<p>On Connors River from Killarney north to Nebo; west to near Bombandy (Tindale 1974:165) ... includes Saltbush Park, Lotus Creek, Bombandy, Celeve [sic], Collaroy, Tierwonbo, Wardu (Funnel Creek), Bolingbroke and Apis Creek Stations or parts of them (Tindale 1938 in Breen 2009:229)</p>"
K17,Worrorra,-15.62132645,124.8758709,WA,"<p>At Secure Bay and Walcott Inlet; Collier Bay to Prince Regent River; northern boundary passes up Rothsay Water, inland 25 to 30 miles (40 to 50 km.) along Princess May Ranges to Mount Hann and Mount French and cliff base of the tablelands (Tindale 1974).</p><p>[Worora's] country lies north of Walcott Inlet to the Prince regent River (Akerman in Sutton 1995:99).</p><p>... originally spoken on the north-West Kimberley coast and adjacent inland areas roughly between the Prince Regent River and the Yampi Peninsula (Clendon 2000).</p><p>The general territorial association was to the coast from Rothsay Water in the north to the south-west shores of Collier Bay in the south, extending variably about 50km inland. Worora-speaking families lived traditionally on and near the north-west Kimberley coast between the Rothsay Water in the north, and the south-western shores of Collier Bay in the south. In the south their country extended inland some 40 kilometres from the coast, and in the north, roughly some 60 kilometres inland, and 50 or so kilometres up the Prince Regent River, from where it empties into the St. George Basin. This region includes the lower and middle reaches of the Prince Regent River, Mana Malanduma, the St. George Basin, Ngarlangkarnanya, and the two spectacular mesas on its north shore, Mt. Trafalgar, Ngayangkarnanya, and Mt. Waterloo, Nubungarri. It includes the George Water and the Glenelg River, Arnngarrngoyu, and the Walcott inlet. On the coast Worora country includes Wurrulku aaku ngarlangarlangarri, 'Augustus Island of the talking water,' referring to a well-known fresh-water spring on this large island, as well as many other offshore islands, and the Montgomery Islands and reefs, Yawijaba mana (Clendon as cited in Harvey AILEC 0802).</p>"
N103,Guyamirrilili,,,NT,<p>Baraliminar River & south of Cadell Strait on mainland (known as Baralmana) (Quinsenberry Kay in Oates 1975).</p>
A35,Konin,,,WA,"<p>Lake Nabberu, east of Gascoyne River headwaters; on Negara Creek; at Windich Spring headwaters (Capell,1963:5).</p>"
L9,Kuyani,-29.99929809,137.9422167,SA,"<p>From Parachilna north to Marree on west side of Flinders Ranges; northeast to Murnpeowie; around north end of Lake Torrens; west to Turret Range and Andamooka, excluding Lake Torrens (Tindale 1974). The area immediately to the south of Coward Springs is Kuyani (Hercus in Sutton 1995:149).</p>"
N10,Kuwema,-12.85739216,130.425114,NT,"<p>... near Mount Haywood, on the north side of the Daly River (Stanner 1933, in Tryon 1974).</p><p>Tipperary Station westwards to Daly River Mission (Top End Handbook).</p>"
A36,Milamada,,,,
N120,Warndarrang,-15.04294182,135.3450616,NT,"<p>Phelp River, inland from coast; west to Mount Leane (Tindale 1974). The affiliations of Warndarrang are principally taken from Heath. The affiliations of Warndarrang were coastal extending from the Towns River to approximately Minnie Creek. They extended inland up to 20kms. Wonmurri Waterhole on the Phelps River was at the western limit of Warndarrang affiliations (Harvey ASEDA 802).</p>"
N116.Q,Marrangu,,,NT,<p>(Dhuwal)</p>
N116.P,Mandjikai,,,NT,
N129,Bararrngu,,,NT,<p>(Nhangu)</p>
N139.1,Makarrwanhalmirr,,,NT,<p>Durabudboi River due west of Caledon Bay known as Garngarnbuy (Quisenberry Kay in Oates 1975). (Dhuwala)</p>
N116.B,Birdingal,,,NT,<p>(Ritharrngu)</p>
A40,Birdungu,,,,"<p>On the Gascoyne near Shaw's, east of the Port about 300 miles, we come to what is called the Peedong tribe, which extends along the Gascoyne right by Milgin, Lake Nabberoo, all round by Brown's, 40 miles E. of Milgin, and Peak Hill...The Peedong run west from Shaw's to Landy Creek about 40 miles and here on the west of the Peedong are the Irrawadgerees. The Peedongs go south of Shaw's 50 or 60 miles right on to the Murchison running up the river (both sides) to Peak Hill, and extend south as far as the Ord River. They run up the Ord river about 25 miles. From Peak Hill they go south to Wiluna about 25 miles, and here they come into a tribe that call themselves Ka-kara (east?) (Bates, 1993:4-5).</p>"
A42,Tjitijamba,,,,<p>North of Lake Carnegie and west of Timperley Range; at Charles Wells Creek (Capell 1963: Area A:3).</p>
W5,Goreng / Koreng,-34.01109176,118.4408161,WA,"<p>From Gairdner River to Pallinup (Salt) River; at Bremer Bay; inland to Jeramungup, Pingrup, Nampup (= Nyabing), Badgebup, and Kibbleup near Broome Hill; south to Stirling Range; at Gnowangerup and Ongerup; west to Cranbrook and Tambellup but not originally at Kojonup or Qualeup; they moved west in earliest settlement times under pressure from Wudjari (Tindale 1974).</p>"
A48,Ngarla,-23.79971186,117.6073884,WA,<p>Headwaters of the Ashburton and Gascoyne Rivers; south to near Three Rivers and Mulgul; east to Ilgarari (Tindale 1974).</p>
K24,Waladjangari,,,,
N116.G,Ding Ding,,,,
A49,Wirdinya,-23.83364083,120.4708263,WA,"<p>Robertson Range west to Ophthalmia Range; at Sylvania, Mundiwindi, Murramunda, and Jiggalong; south to heads of Ashburton and Ethel rivers; east along Savory Creek; eastern boundary not well established (Tindale 1974).</p>"
N116.M,Malardordo,,,,
S77,Bi:gwurrung,-38.29384535,142.2743071,VIC,<p>Port Fairy (Blake 2003:9)</p>
N116.L,Maydyara / Maidjara,,,,
N116.R,Murrungun,,,NT,<p>NT</p>
K2,Jugun,-17.78656019,122.4450455,WA,"<p>Northern side of Roebuck Bay and coast north to Willie Creek, inland for about 15 miles (25 km.) (Tindale 1974).</p><p>... around Cable Beach (Broome) and north as far as Willie Creek (Stokes 1982:9).</p>"
N116.S,Miliwuru,,,,<p>(Dhangu)</p>
N116.W,Ralwia,,,NT,
K37.1,Gajirrabeng,-15.29300696,129.2746936,WA,"<p>Gajirrabeng peoples’ country was traditionally north of Miriwoong and Gija country, in the east Kimberley of Western Australia, crossing the state border into the Northern Territory. Speakers of Jaminjung <a href=""/austlang/language/N18"">N18</a>: lived to the east and Doolboong <a href=""/austlang/language/K50"">K50</a>, Ganyayi and Bogayi people lived along the sea coast to the north west (Endangered Languages Archive).</p><p>North-eastern limit: There was no precise information on the north-eastern limit in 2007. The Victoria River appears to be the most likely boundary. Northern limit: The ecological change from higher ground to coastal flats. The coastal flats were associated with Dulngarri. Gajirrabeng has a comparatively limited saltwater vocabulary, and was associated by speakers with freshwater and higher ground, as opposed to Dulngarri, which was associated by Gajirrabeng speakers with coastal flats and saltwater. Legune homestead was associated with Gajirrabeng. Western limit: There was little precise information on the western limit in 2007. Gajirrabeng affiliations extended to Knob Peak and the Onslow Hills. Knob Peak was the north-western limit of Gajirrabeng affiliations. Southern limit: Drainage divide between Ord River and other drainages. Ord River drainages associated with Miriwoong. Other drainages associated with Gajirrabeng. South-eastern limit: The Pinkerton Ranges (Harvey AILEC 0802).</p><p>Westward from mouth of Fitzmaurice River along coast to the mouth of Keep River near the border of Western Australia; inland to about Border Springs, principally on low coastal mangrove islands and flats, visiting Quoin and Clump Islands and those off the mouth of Keyling Inlet; at Legune (Tindale 1974).</p>"
N116.V,Raijang,,,NT,
K39,Gaambera,-14.21811415,126.3424611,WA,"<p>Coasts of Admiralty Gulf except in the vicinity of Osborne Islands; east to Monger Creek in Napier Broome Bay; south only to southern rim of valley of King Edward River; a horde on Sir Graham Moore Island, whose people were chiefly marine food gatherers (Tindale 1974).(On McGregor's map 1983, it extends further to East.)</p><p>The general association was to the coast from the Osborne Islands to Poempangala Hill, and attendant drainages into this section of coast. In his description of Wunambal, Tindale states 'the Tjawurungari (Tawandjangango) were on the Osborne Islands. The last-named were also called Wilawila people and their language is thought to have affinities with Kambure. According to a native informant they are 'light Kambure' speakers. Another tribe claiming the name Wilawila lives on the Carson River (see separate heading)'. The motivation for Tindale excluding the Osborne Islands from the Gaambera area is obscure, especially as his informant described them as speaking Gaambera. In 2007, nobody recognized the name Wila-Wila as applying to the Carson River area. However, two separate sources recognized the name as applying focally to an insular Wunambalic variety. One source specifically associated the name to Bigge Island and the adjacent coastal Hunter River area. This is within Wunambal country.Tom Vigilante stated that his understanding was that the area was Gaambera. Vigilante also stated that the drainage of Monger Creek was Gaambera, with the eastern boundary being in the Poempangala hill range. Anthony Redmond stated that the name Gaambera did not extend into the King Edward River drainage (Harvey AILEC 0802).</p><p>Wunambal Gaambera Country lies in the north west Kimberley area of Western Australia. It incorporates some 200 kilometers of coastal and inland country, from Prince Frederick Harbour in the south west to Napier Broome Bay in the northeast, including parts of the King Edward River, the Anjo and Bougainville Peninsulas, the Mitchell and Gardner Plateaus, the Mitchell and lower Roe Rivers, the Bonaparte Archipelago and the Admiralty Gulf Aboriginal Reserve. It also includes large areas of intensely dissected coastal country, the seas of the Bonaparte Archipelago and Admiralty Gulf with many islands, the largest being Bigge Island, estuaries bays and harbours' (Karadada et al. 2011:10)</p><p>Contemporary location Wunambal Gaambera people mainly live in the communities of Kalumburu, Kandiwal and Mowanjum near Derby, with some speakers also living in Kununurra and Wyndham, as well as a few outstations and camps in the dry season. (Karadada et al. 2001:10).</p>"
S79,Taloinjunga,,,VIC,<p>This language is not mapped since information is unavailable.</p>
N117.1,Murngin,,,,
W60,Yinyjiwarnti Kurrama,,,WA,
A55,Palyku,-22.23908916,120.1608398,WA,<p>Upper Fortescue River east of Goodiadarrie Hills; north to the scarp of Chichester Range and to the Nullagine River divide; at Roy Hill and east to the western headwaters of the Oakover and Davis rivers (Tindale 1974).</p><p>Contemporary location: Nullagine (Dixon 2011:41).</p>
K3,Nyikina,-18.25939894,124.0608413,WA,"<p>Small Nyigina, spoken around Mount Anderson and Liveringa, and Big Nyigina, which used to be widely spoken at Noonkanbah (Stokes 1984:3).</p><p>The general associations were to the drainage of the Fitzroy from just upstream of Noonkanbah. Eastward limit: Nyikina owners in 2007 did not claim territory upstream of Noonkanbah. Nobody had definite information on the affiliation of the area between Noonkanbah and Fitzroy Crossing in 2007. In the 1960s, Walmajarri owners reported Nyardi as the land-language affiliation in this area. Tindale's ascription of Wanji or Tjaba also appears to apply to this area. Northward limit: The Oscar Range and the divide between the Fitzroy and the Meda. Derby is more plausibly associated with Warrwa rather than Nyikina. Westward limit: Nyikina speakers reported Logue River as Nyikina. Nyikina speakers reported Nilli Bubbuca Well and Bulleura OC as the northernmost points of Nyikina country. Nyikina speakers reported Mt Clarkson as Nimanburru. Therefore sources in 2007 and older sources agree that the southern boundary of Nimanburru with Nyikina lay along the drainage divide between the Fraser River drainage - Nimanburru, and the Logue River drainage - Nyikina. This is contrary to Tindale who records the Logue River and Yeeda as Warrwa. Dampier Downs homestead was Nyikina. Southward limit: Geegully Creek and the Edgar Range were associated with Nyikina. Nerrima Creek is also associated with Nyikina (Harvey AILEC 0802).</p>"
N122,Dhurili,,,NT,<p>Kurala River area (Quisenberry Kay in Oates 1975: 313).</p>
N126,Nunydjirrpi,,,NT,"<p>... Nunydjirrpi clan, a Dhuwa group whose clan estates were north of the upper Rose River and south of Ngilipidji (Curkpatrick 2013:54).</p>"
N128,Wubuy,-13.8698099,135.5886143,NT,"<p>From Cape Barrow and Harris Creek south to coast near Edward Island; west toward headwaters of Rose and Walker rivers (Tindale 1974). The general associations were to the drainages flowing into Bennet Bay, and the coast from approximately Minnie Creek up to and including the mouth of the Walker River. Wubuy affiliations included only the mouth of the Walker and did not extend upriver (Harvey ASEDA 802). It is estimated there are 200-500 Nunggubuyu speakers, most of whom live at Numbulwar - a mainland community at the mouth of the Rose River. ... there is a large group of Nunggubuyu speakers living at Angurugu, Groote Eylandt, and a smaller groups at Ngukurr (Roper River) (Warren, 1982:1).</p>"
N215,Marranj,-13.65277213,130.0736751,NT,"<p>The general association was to the drainage of Docherty Creek and the Dashwood Plains. In the northeast, the headwater s of some drainages flowing into the Daly were also associated with Marranj. On the coast, affiliations extended from Red Cliff to half way between Cape Scott and the mouth of X (Harvey ASEDA 802). (Harvey is not sure what the river X is.)</p>"
A63,Waringari,,,,
N135,Burarra,,,NT,"<p>See Djangu <a href=""/austlang/language/N202"">N202</a></p>"
N21,Larrakia,-12.51763347,130.8413996,NT,"<p>Darwin (Top End Handbook). Darwin and the surrounding area including Cox Peninsula (Harvey PMS 5822).</p><p>From Finniss River and Fog Bay northeast to about Gunn Point west of the mouth of Adelaide River; inland to a point 10 miles (16 km.) north of Rum Jungle; at Darwin, Southport, Bynoe Harbour, and Howard River (Tindale 1974).</p><p>... a territory extending southwards between the Howard River on the east and the Finniss on the west, a subdivision or a clan, the Marri, having a local distribution near the mouth of the Blackmore River and forming the southern boundary at about twenty-five miles inland (Basedow 1907:1).</p><p>The general associations were from the mouth of the Finniss to around Point Stephens. Inland associations included all drainages into Bynoe and Darwin Harbours. The Vernon Islands were associated with Gulumoerrgin. Eastward limits: The eastern boundary is based on examination of place names. The distribution of apparently Gulumoerrgin place names as opposed to apparently Wuna place names matches to the ecological opposition between forested country - Gulumoerrgin, and grassland - Wuna. Southward limits: The boundary at the mouth of the Finniss River is based on statements by Aboriginal witnesses in the Kenbi Land Claim. The boundary in the area of the old North Australian railway and east to the Adelaide River is based on statements in early colonial reports about the southern boundary of Gulumoerrgin, and the statements of Warray informants about the northern boundary of Warray. The boundary between the mouth of the Finniss and the area of the old North Australian Railway is extrapolated. It is based on the ecological zone opposition between the wooded hill country on the southern shore of Bynoe Harbour - Gulumoerrgin, and the grassland floodplain of the lower Finniss - Gungarakany (Harvey AILEC 0802).</p><p>The Larrakia people are the traditional owners of the Darwin region. Our country runs from Cox peninsula in the west to Gunn Point in the north, Adelaide River in the east and down to the Manton Dam area southwards. (Larrakia Nation ,http://larrakia.com/about/the-larrakia-people/>)</p>"
N136,Yithuwa,,,NT,<p>(Dhuwala)</p>
N143,Djarn,,,,
N3,Murrinh-Patha,-14.74734635,130.0034642,NT,"<p>The coastal associations of Murriny-Patha extended from Tree Point to the mouth of the Victoria. Between Tree Point and the mouth of the Fitzmaurice, associations extended inland to the drainage basin limits. On the Fitzmaurice, Madjellindi Valley and Alligator Creek drainage were associated with Murriny-Patha. There is no precise evidence as to the limits of Murriny-Patha associations on the Fitzmaurice. However, the available evidence, collected 1996-2004, indicated that Murriny-Patha associations extended to the Yambarran Range and included the Laurie Creek drainage. There is no precise evidence as to how far upstream Murriny-Patha associations extended on the northern side of the Victoria. The major ecological zone change is in the Yabby Creek area. Language zone changes are generally associated with ecological zone changes. This suggests that the change from Murriny-Patha to Jaminjung was in the Yabby Creek area (Harvey AILEC 0802).</p><p>Port Keats; east to the Macadam Range and south to Keyling Inlet at the mouth of Fitzmaurice River (native name Kemol); a coastal tribe with eight hordes extending inland for about 20 miles (30 km) (Tindale).</p><p>Wadeye community (previously Port Keats) (Blythe 2009:29-30).</p>"
N2,Yilngali,,,,<p>North of Fitzmaurice River on headwaters of Fish River; some migrated west to the lower reaches of the Fitzmaurice in historical time (Tindale 1974).</p>
A67,Yulparija,-21.18399715,124.9545013,WA,"<p>Yulparija people originally came from the central Great Sandy Desert area to the south east of Bidyadanga Community on the western Kimberley coast of WA. Water holes and water locations were very significant to the Yulparija. Places names of significance include Kampaji, Kirriwirri, Lurnkurangu, Martakurlu, and Jarnawara. The main waterhole wirnpa is in the Percival Lakes area (Wangka Maya website June 2008). Yulparija country is located around the Percival Lakes area in the Western Desert of Western Australia. The current Yulparija speakers were born at waterholes called Kampaji, Kirriwirri, Lurnkurangu, Martakurlu, and Jarnawara. The main waterhole for Yulparija people is Wirnpa, which forms part of the Percival Lakes complex. (Wangka Maya PALC 2008:4).</p><p>Originally at 20 S and 127 E before they moved about thirty years ago to the coast between Wallal and Broome. (Burridge 1996).</p><p>West of Sturt Creek (Capell 1963 <a href=""/austlang/language/A19"">A19</a>) Northwest of the Canning Stock Route, chiefly between Lake Wooloomber and Well 42, n.n. ['Kuljai]; northwestern boundary about halfway between Percival Lakes and Joanna Springs (Tindale 1974 for Nangatara).</p><p>Contemporary location: Bidyadanga, Punmu (Dixon 2011:54).</p>"
N142,Marrakulu,,,NT,<p>(Dhuwal)</p>
N143.1,Dhalwangu,,,NT,<p>(Dhay'yi)</p>
N171,Kundedjnjenghmi,-12.67879701,133.4294768,NT,"<p>... south-east from Oenpelli (Djordi, Djorrolam and Madjarlun clans) (Evans 2003).</p>"
N147,Lamami,,,NT,<p>(Dhangu)</p>
N116.T,Murru,,,,
N14,Kungarakany,-13.23326924,130.825209,NT,"<p>Table Top Range and areas to the east (Top End Handbook). Tabletop Range and upper Finniss valley west of Batchelor (Harvey PMS 5822). I have one reasonably good piece of information on the Gungarakany proper dialect which places it at Litchfield station. Consquently I assume that Gungarakany proper was associated with basically the lower-middle Reynolds (Harvey 2007 p.c.).</p><p>Northeast of Mount Litchfield on midwaters of Reynolds River and on Adelaide River headwaters; an inland tribe extending to the western side of the Tabletop Range divide; northeast to vicinity of Rum Jungle and Batchelor (Tindale 1974).</p><p>The general associations were to the plain country, grassland and forested, on the Finniss River and the Reynolds River. There was little precise information on the limits of Gungarakany associations in 2007. In the south-west, Gungarakany was associated with Litchfield homestead, and this was the south-western limit of Gungarakany affilations. In the east boundaries are extrapolated from ecological zone changes - the shift from plain country to hill country on the Finniss and Reynolds, and drainage basin boundaries - in the Tabletop Range area. In the north, the boundary appears to have been the ecological zone change between the forested area on the southern shore of Bynoe Harbour, which were associated with Gulumoerrgin, and the grassland plains on the Finniss which were associated with Gungarakany. The western boundary abutted on to Batjjamalh affiliations. In the south, Litchfield homestead was associated with Gungarakany. Mt Litchfield was associated with Malak-Malak (Harvey AILEC 0802).</p>"
N116.E,Dhäpuyngu,,,NT,<p>Walirra Island (Quisenberry Kay in Oates 1975).</p>
N150,Galawlwan,,,,
N42,Limilngan,-12.52560183,131.7240108,NT,"<p>Darwin hinterland, midway between Darwin and Oenpelli around the Mary River - traditional country (Harvey 2001:1).</p><p>Mouth of the Mary river and south to Mt Bundey (Top End Handbook).</p><p>The general association was to the drainage of the Mary River, below the Mt Bundey Hill area. Point Stuart and Thrings Creek were associated with Limilngan (Harvey AILEC 0802).</p>"
Y147,Walmbarddha,,,,
N116.F,Dätiwuy,,,NT,<p>(Dhuwal)</p>
A70,Wadjiba,,,,"<p>... the most northerly part of Njiyabli (<a href=""/austlang/language/A5"">A5</a>) territory (Oates 1975:128).</p>"
N154,Nyangga,,,,
A74,Fraser Range,-32.175364,123.4744655,WA,<p>... from Fraser Range to Balladonia (von Brandenstein 1980:2). ...</p><p>the districts to the east and west of this locality [Fraser Range] and to the south to about 100 miles from the coast (Helms 1896:320).</p>
N156,Nalawgi,,,,
A75,Bundjuwanga,-21.08759624,119.3971991,WA,"<p>Area encompassing headwaters of Turner, Shaw and Coongan Rivers, Studied by von Brandenstein who termed it 'heavy' Njamal (Oates 1975:74). Njamal also inhabit the headwaters of the Yule and Turner rivers east of Wodjina. They are the ['Pundju ] or 'heavy' speakers of Njamal (Tindale 1974).</p>"
N158,Murrinh-kura,-14.71590049,129.946497,NT,<p>East of Macadam Range and on the coastal swamps at the mouth of the Fitzmaurice River; east to about 130°10'E; north to Moyle River divide (Tindale 1974).</p>
A80,Western Desert language,-26.33733782,127.1081071,"NT,SA,WA","<p>Gibson desert, Simpson desert, Great Sandy Desert, Little Sandy Desert, Great Victoria Desert.</p>"
A7,Tjeraridjal,-30.43185108,123.7831818,WA,"<p>At Queen Victoria Spring, n.n. ['Mun:u'runa] also called ['Kaluru]; west to about Kurnalpi, Lake Yindarl-gooda, Piniin, and Karonie; on Ponton and Goodard creeks; east to near Naretha on the edge of the treeless Nullarbor Plain (Tindale 1974).</p>"
A84,Tarpuntjari,,,,<p>None.</p>
N116.J,Djirin,,,,
N116.N,Mandatja,,,NT,<p>(Djangu)</p>
N167,Ngan-wirlang,,,NT,
N166,Marranumbu,,,NT,<p>This language is not mapped since information is unavailable.</p>
W58,Yindjibarndi Padupadu,,,,<p>N/A</p>
N13,Maranunggu,-13.75854954,130.271628,NT,"<p>around Elizabeth Downs Station (Tryon 1970). Country around Hermit Hill (Basedow 1907:2).</p><p>Ancestral Merranunggu (also Maranungku) country lies in the central north of the Daly region hinterland, bordered on the south by Marrithiyel, on the east by Matngele, and on the north and east by Northern Daly varieties. To its west, along the coast, are located its sister dialects, Emmi and Menthe. ... Merranunggu people now own and occupy sites to the north of the Daly, in the western Finniss River region, having relocated there relatively recently. Merranunggu elders have suggested that this relocation was facilitated by the long historical connections between the Merranunggu and their northern neighbours. (Green & Nordlinger, viewed November 2020).</p>"
N16,Maramanindji,-13.97056679,130.4182039,NT,"<p>... somewhere south of Hermit Hill, in the Central Daly region (Capell 1963 as quoted by Tryon 1974). South of Hermit Hill, central Daly River (Tindale 1974). The general association was to the drainage of Doon Creek between Flood Hill and the Docherty Hills on the west, and extending to the level of Quartz Knob on the east. There was no precise information on the eastern limit of Marrimaninjsji associations in 2007 (Harvey ASEDA 802).</p><p>Marramaninjsji (<a href=""/austlang/language/N16"">N16</a>) was traditionally spoken in an area to the east of the Docherty Hills and to the south of the Dilke Range (Green & Nordlinger viewed November 2020).</p>"
A89,Pililuna,-19.66674636,127.6004663,WA,<p>Billiluna and Mulan (Hudson 2007 p.c.).</p>
A86,Martu Wangka,-23.35091166,123.6684224,WA,"<p>Contemporary location: ... in and around the Gibson and Great Sandy Desert area of Western Australia. The communities where a significant number of Martu Wangka speakers live are Jigalong, Parnngurr, Punmu, Purntawari, Newman and Nullagine. (Marsh 1992:9).</p><p>... much of the Gibson, Little Sandy and Great Sandy deserts in Western Australia (Davenport 2005).</p><p>Jigalong and all desert communities (Dixon 2011:51).</p>"
N175,Galduyh,-13.56560435,134.3888624,NT,
W65,Djiraly,,,,<p>... around Perth and on the coastal plain north to the Moore River and inland to New Norcia and east through to what is now the wheat-belt. (Noongar Boodjar Language Cultural Aboriginal Corporation web site)</p>
N60,Dalabon,-13.3162555,134.029309,NT,"<p>Dalabon basically occupies the north-eastern third of the Arnhem land sandstone plateau (Harvey 2007 p.c.). The general associations were to the Wilton River drainage above and including Bulman, and the Mann River drainage upstream approximately from the escarpment (Harvey AILEC 0802).</p>"
A94,Witjaari,-31.7559692,116.2100524,WA,
N182,Gidjurra,-12.13275273,132.9371945,NT,<p>Southern dialect of Amurdak (Top End Handbook)</p>
N170,Gumunggurdu,,,NT,
N173,Kuninjku,-12.26766152,134.0414224,NT,"<p>Mann and Liverpool Rivers areas, most of whom live on small outstations 20-50km inland in the area between Oenpelli and Maningrida (Evans 2003:18).</p>"
A9,Mirniny,-31.29303042,128.1534933,WA,"<p>From east of Port Culver to White Well, So. Aust., at head of Great Australian Bight; inland normally only to edge of the treeless karst plateau of the Nullarbor Plain, but after big rains they ventured far inland to the inner edge of the open country (Tindale 1974). (This covers a larger area (to the West) compared to von Brandenstein's location quoted by Oates 1975).</p>"
N94.1,Djinang,-12.33789406,134.8634978,NT,"<p>Djinang is spoken by approximately 200 Aboriginal people living in the vicinity of Ramingining (the government spelling - the phonetic [sic] spelling is Raman.gining), a settlement on the mainland, about 20 km south of the Crocodile Islands (Waters 1989).</p><p>From the Crocodile Islands and Milingimbi south to the middle reaches of the Blyth River; east to Glyde Inlet and the true Glyde River which originates in the Arafura Swamp (Tindale 1974).</p>"
C15.1,Wakirti Warlpiri,-20.67209332,133.0945288,NT,"<p>... the most eastern Hanson River Warlpiri is often referred to as Wakirti Warlpiri (Laughren 1996:2).</p><p>Alekerenge, Kunayungku and Willowra (Nash 1990:i).</p>"
N180,Urrirrk,-11.91768043,132.648685,NT,<p>Paw Paw beach (Western dialect of Amurdak) (Top End Handbook).</p>
W66,Kongal-marawar,,,,<p>Murray River east to Kojonup and south to Augusta.</p>
N181,Wurdang,-11.28706594,131.9235375,NT,<p>Tip of Cobourg Peninsula (Harvey PMS 5822)</p>
N195,Dhamarrangdji,,,NT,<p>(Dhuwal)</p>
N188,Garig,-11.24584451,132.4184072,NT,"<p>The drainages leading into Raffles Bay and the northern part of Bowen Strait, on both sides of the Strait (Harvey AILEC 0802). ... traditionally Cape Don (Peterson & Tonkinson 1979).</p>"
Y11,Ngur'and,,,QLD,"<p>Near Mapoon, Q (Oates&Oates 1970:196, Capell 1963). Cullen Point; west of mouth of Batavia River; south for about 15 miles (24 km.) (Tindale 1974).</p>"
N191,Gun-narta,-12.1071313,134.4883778,NT,"<p>An-barra at the 'base' (mouth) of the Blyth River, located on the west side (Glasgow, 1994:7).</p>"
S26.1,Knenknenwurrung,-37.06668978,142.8594496,VIC,"<p>... north of 'Pirt kopan noot', between the Pyrenees and Grampian Ranges (Parker, in Clark 1990:91).</p>"
N194,Buralka,,,NT,<p>(Dhuwal)</p>
N205,Airiman,,,,<p>Head of Fitzmaurice River (Spencer in Tindale 1974).</p>
C28,Akarre,-22.84250667,135.3629918,NT,"<p>... the best evidence on Akarr (Davis's Akaarra) puts it on and east of the Plenty River, east of Jervois (Breen in Sutton 1995:149). Alcoota and Harts Range (Wilkins in Sutton 1995:153).</p>"
E67,Gathang,-31.98263684,152.4155795,NSW,"<p>Taree (Wafer &Lissarrague 2008:168). (In AUSTLANG, Kattang is mapped on the basis of this information but not descriptions given below.)</p><p>... once spoken on the east coast of NSW, approximately between the Hunter and the Hastings rivers.</p><p>... According to one informant, the Kattang country extended at one time from Telegraph Point or Port Macquarie, in the north, to the Hawkesbury River in the south, or almost as far as Sydney (Holmer 1966:1). (This includes area occupied by dialects related to Kattang.)</p><p>... from the east coast of NSW, approximately between the Hunter and the Hastings rivers (ALRRC).</p><p>... spoken from the Wilson River (between Port Macquarie and Kempsey) in the north to the region around Gloucester in the west and Port Stephens in the south (Lissarrague 2010:1).</p>"
N211,Nhangu,-11.85322093,135.7022074,NT,"<p>Wessel Islands east of Brown Strait; on Cunningham Islands; at Elcho Island, Drysdale Island, Mooroonga and Yabooma islands in the Crocodile group; on Banyan Island at the mouth of the Woolen River (Tindale 1974).</p>"
N212,Gurryindi,,,NT,<p>(Yan-nhangu)</p>
N213,Bindararr,,,NT,<p>(Yan-nhangu)</p>
C30,Eastern Gurindji,-17.74853451,130.4059014,NT,<p>The general association was to the Victoria River drainage above and slightly below the junction of Wattie Creek and the Victoria (Harvey c1009) (Harvey's Gurindji appears to be equivalent of Eastern Gurindji in this database).</p>
C31,Eastern Mudburra,-17.55747282,131.9955177,NT,"<p>Mudburra: The general associations of Mudburra extended east from the Victoria River. Westward and southward limits: The Camfield River and Cattle Creek drainages were associated with Mudburra. The Winnecke Creek and Hooker Creek drainages were associated with Kartangarurru. Top Springs was associated with Mudburra, but Killarney homestead was associated with Karranga. Northward and eastward limits: The northward and eastward limits appear to have been negatively determined. Mudburra affiliations extended approximately to the area where there evident drainages heading north or east. Areas with such evident drainages did not have a Mudburra affiliation. Murranji homestead was associated with Jingulu (Harvey 2009) (Harvey's Mudburra appears to be equivalent of Eastern Mudburra in this database).</p>"
E76,Mununjali,-28.12654313,152.9146985,QLD,"<p>Beaudesert area, Logan River, west of Albert River (Sharpe 2005). The Manandjali language and tribe, of which Beaudesert or the Beaudesert area (with Josephville) is evidently a centre (the word manadjali is commonly used in reference to Beaudesert itself) are located (sometimes as a section within a larger tribe) either on the Logan river (mention was often made of Manandjali as 'Logan river language', spoken up to the head of the Logan river), or to the west of the Albert river (the latter making the boundary between the Manandjali and Balgabari sections) (Holmer 1983).</p>"
S31.1,Dja Dja Wurrung,-36.79561055,143.6748529,VIC,"<p>from the northern slopes of the Great Dividing Range near Kyneton to Amphitheatre; from Kyneton northeast to the Alexandrine Range and the Loddon River near Boort; from Boort northwest to Lake Buloke; and from Lake Buloke southwest along the Richardson River to Wallaloo Creek, then to Navarre Hill and back to the Pyrenee Range at Amphitheatre (Clark 1990:151).</p><p>The territory that the Djadja Wurrung had control of included the bulk of the Pyrenees Ranges and the watersheds of the Loddon, Avoca and Avon rivers. In loose terms, this covers the present towns of Castlemaine, Daylesford, Creswick, Clunes, Lexton, Avoca, Navarre, St Arnaud, Donald, Wedderburn, Boort and perhaps Bendigo, Charlton and Kyneton (Tully 1997:1).</p>"
C34,Kartangarurru,-19.25030503,130.4807254,NT,<p>Includes the area as far as about Tanami south of Lajamanu (McConvell in Sutton 1995:109).</p><p>Eastward limit: There was no precise information available on the eastward limits of Kartangarurru in 2007.Mirirrinyungu was associated with Kartangarurru. Green Swamp Well 4 was associated with Warlmanpa.</p><p>Northward limit: Mirirrinyungu was associated with Kartangarurru. Cattle Creek drainage was associated with Mudburra. Hooker Creek drainage was associated with Kartangarurru. Victoria River drainage associated with Gurindji. Sturt and Nongra Lake drainage associated with Wanyjirra. Westward limit: The changeover to Djaru affiliations was in the Browns Range area. Southward limit: There was no precise information available on the southward limits of Kartangarurru in 2007. Supplejack Downs homestead was associated with Kartangarurru. Tanami was associated with Warlpiri (Harvey c2009).</p>
N223,Wandangbag,-12.31267846,132.9782492,NT,"<p>South of Amarag territory adjoining Mangeri No. 7 and Ere, No.67 (Oates & Oates 1970:33).</p>"
C35,Kuwarranyji,-16.72094035,132.3365622,NT,<p>East of Karranga (McConvell 2006 p.c.).</p><p>North-eastern dialect of Mudburra (McConvell 2006 p.c.)</p>
E98,Nymboidan,,,,"<p>Nymboidan, which graded into the Baanbay of the New England Tablelands that reached to around Guyra and Tingha (Morelli 2008: ix).</p>"
N1,Nangor,,,,"<p>Inland south of Port Keats, NT (Capell 1963:<a href=""/austlang/language/N66"">N66</a>).</p>"
C3,Kokatha,-29.65944536,133.4153573,SA,"<p>At Tarcoola, Kingoonyah, Pimba, and McDouall Peak; west to Ooldea and the Ooldea Range; north to Stuart Range and Lake Phillipson (Tindale 1974).</p><p>It would seem that the area occupied by the Gugada people when first they came into contact with Europeans was the area centering on Mount Eba, extending to Kingoonya, Tarcoola, Coober Pedy and possibly as far as Ooldea. (As in Tindale, Capell, Wurm, Hale, and O'Grady maps) (Platt 1968:1).</p>"
N24,Nangiblerbi,,,,
N25,Warray,-13.16324174,131.2538162,NT,"<p>Originally in an area around the town of Adelaide River which is halfway between Darwin and Pine Creek (Harvey 1986:4). ... in the Margaret and upper Adelaide River valleys, including Adelaide River and Batchelor towns (Harvey PMS 5822).</p><p>Upper Adelaide river south of its junction with the Margaret (Top End Handbook). Their country extends west to include the area around Batchelor, then runs south-east along the watershed between the Douglas/Daly and the Adelaide/Margaret Rivers, and includes the headwaters of McKinlay River which runs back almost to Pine Creek (Ritchie in Sutton 1995:114).</p><p>South of Larrekiya, extending from Mounts Charles and Gun south to about the latitude of Mount Wells (Basedow 1907:2).</p><p>The general associations were to the Adelaide River drainage upstream from and including its junction with the Margaret River, to the Margaret River drainage between its junction with the Adelaide and its junction with McCallum Creek, and to the upper Finnis River drainage. There was little precise information on the limits of Warray associations in 2007. In the east, Howley siding on the North Australian railway was associated with Warray. Brock's Creek was associated with Wulwulam. Mt Ringwood homestead appears to have been associated with Warray, but this appears to have been close to the eastern limits of Warray associations. The Margaret River drainage upstream from and including its junction with McCallum Creek was associated with Wulwulam. In the north, the junction of the Margaret and the Adelaide marked the northern limit of Warray affiliations. The Marrakai Creek drainage was associated with Wuna. The Manton and Darwin River drainages were associated with Gulumoerrgin. In the west, boundaries are extrapolated from ecological zone changes - the shift from savannah forest towards grassland on the Finniss, and drainage basin boundaries - in the Tabletop Range area. In the south, boundaries are extrapolated principally from drainage basin boundaries. In the plateau country area, Warray associations extended to approximately the level of Mt Shoebridge. Plateau Point and Hayes Creek were associated with Wagiman (Harvey AILEC 0802).</p>"
N48,Wareidbug,,,,"<p>North-west of Oenpelli, NT (Oates & Oates 1970:30). [The Amarag] were allied to the Wareidbug, who extended inland from the Jiwadja down towards and west of Oenpelli, near Aridgin Plain on the other side of Cooper's Creek (Elkin, Berndt & Berndt 1951:254-5).</p>"
N29,Wuna,-12.47516724,131.3729719,NT,"<p>Mouth of Adelaide River and coast east, south to the junction of the Adelaide and Margaret Rivers (Top End) in the lower Adelaide River valley (Harvey PMS 5822).</p><p>The general association was to the Adelaide River drainage below the junction of the Adelaide and the Margaret. Lake Finniss was associated with Wuna. Cape Hotham and Ruby Island were associated with Wuna. The Vernon Islands were associated with Gulumoerrgin (Harvey AILEC 0802).</p>"
N28,Nungali,-15.59017843,130.8570933,NT,"<p>... between Jaminjung and Ngaliwuru, extends east of Ngaliwurru country along both sides of the Victoria River, bordering on Wardaman country at Langgayi (Victoria River Crossing), Murranginy (One Mile), Myatt (Five Mile), Gilwi (Eleven Mile) and Fitzroy Station (Schultze-Berndt 2000).</p><p>The general associations were to the valley of the Victoria between Big Horse Creek and Clean Skin Yard. The following places were associated with Nungali: Timber Creek, Fitzroy homestead, Coolibah homestead, Victoria River Crossing (Harvey AILEC  0802). ... the area between the Fitzmaurice and Upper Daly Rivers. [Bold, Hoddinott & Kofod n.d.:1).</p>"
C41,Yarlpiri,-20.48362875,132.1319749,NT,"<p>Lander River Warlpiri, sometimes called Yarlpiri as well as Warlpiri (Laughren 1996:2).</p>"
S21.1,Kulin,,,,
C43,Ngaliya,-21.80869809,131.1867126,NT,"<p>... a southern dialect of Warlpiri (<a href=""/austlang/language/C15"">C15</a>).</p>"
N32,Wulwulam,-13.6417138,132.0546321,NT,"<p>Head of Mary River; west to Pine Creek (the southern and western hordes, Agikwala and Awinmil, were apparently formerly separate tribes that amalgamated after the decline of their numbers, following contact with Europeans); south nearly to Katherine; east to the headwaters of the South Alligator River (Tindale 1974).</p><p>Pine Creek, Burrundie, Mt Wells, and Yam Creek. They met the Warray about Brock's Creek (Spencer fieldnote according to Harvey 2003:295). The south-western neighbours of the Wulwulam were the Wagiman...According to Warray and Wagiman people Hayes Creek and Butterfly/Dougas Gorge are in traditional Wagiman country. To the south-east, Spencer states that the area from Pine Creek to Katherine was associated with the Jawoyn language. However, in the early 1900s, while the area around the upper Ferguson river was apparently associated with the Ngarlahmi dialect of Jawoyn, the area immediately to the south of Pine Creek on the Cullen and mid-Ferguson was associated with the Dagoman-speaking Gayn-jiwortbort clan. Wulwulam appears to have bordered diecretly onto Jawoyn in the west. The upper Mary River above Moine appears to be associated with the Jawoyn language (Harvey 2003:297 - information provided by Merlan).</p><p>... the upper McKinlay and Margaret rivers (Harvey 2007 p.c.) There is little precise information on the affiliations of Wulwulam. In his 1912 fieldnotes Spencer records that the territory of the Wulwulam included Pine Creek, Burrundie, Mt Wells, and Yam Creek. However, it is more likely that Pine Creek was associated with Dagoman, with Wulwulam affilations coming in close on the north.. He records that they met the Warray about Brock's Creek. The few other older sources which describe the boundary between the Warray and their south-eastern neighbours locate the boundary in the Brock's Creek - Grove Hill area. The zone of change from Warray to Wulwulam was between Howley and Brock's Creek.The upper Margaret drainage above and including its junction with McCallum was associated with Wulwulam. There was no other information on the affiliations of this variety in 2007. The northern boundary is extrapolated from the ecological zone change from mostly hill country (Wulwulam) to mostly plain country (Uwinymil). In the east, affiliations may have extended to include Mary River homestead, but this area could have been affiliated with Jawoyn (Harvey AILEC 802).</p>"
C45,Nyiwanawu,-16.3392093,129.6823194,NT,"<p>There was no precise information on the limits of Nyiwanawu affiliations in 2007. Waterloo homestead and Amanbidji homestead were associated with Nyiwanawu (Harvey, 2008).</p>"
N33,Kamu,-13.61255822,130.7784577,NT,"<p>... near Mount Haywood, on the north side of the Daly River (Stanner 1933 as quoted in Tryon 1974). ... around the Daly River Crossing and Tipperary station, including the lower Fish River valley south of the daly River (Harvey 1990:3). Tipperary Station westwards to Daly River Mission (Top End Handbook). The general association was to northern portion of the hill and range country which runs north-south. The association extended to include the portion of the Daly in this area. There was little precise information on the limits Kamu associations in 2007. The Daly from upstream of Browns Creek to Chilling Junction was associated with Kamu. The following places were associated with Kamu: Woolianna, Nauiyu Nambiyu, Daly River Crossing, Mt Hayward, Mt Thomas. In the east, the Hayward Range appears to have been the eastern boundary of Kamu. There is no precise information on the northern limits. Blackfellow Creek was associated with Kamu, and it appears that the upper Reynolds generally was associated with Kamu. The western limit was the change from hill to lowland country. Marion Hill was on the western edge of Kamu associations. It appears that Kamu affiliations included only a small area south of the Daly (Harvey AILEC 0802).</p><p>It is generally accepted that the Kamu language is associated with the area around the Daly River Crossing and Tipperary station, including the lower Fish River valley south of the Daly River. However, very little is known about the traditional Kamu population and their clan estates (Green & Nordlinger viewed Novmber 2020).</p>"
C47,Western Arrarnta,,,NT,"<p>Western Arrarnta country begins on the eastern boundary, at Jay Creek (Iwupathaka). From there the approximate boundary runs westward along the Heavitree Range. Mt Giles (Ltakarlipuka), Ormiston (Kwaarta Tuma), and Mt Sonder (Rrutjupma) are peaks in this range. The boundary includes the area of land close to the community of Mpangara, then it goes southward. The outstation Kulpitaarra is in Western Arrarnta country, as is the settlement of Areyonga. The southern boundary is near Ilamaarta, and runs through Irrpmangkara (Running Waters). It then runs towards the north east, back to Jay Creek. The communities of Wallace Rockhole and West Waterhouse are in Western Arrarnta country (David Roennfeldt with help from the community at Ntaria (Hermannsburg), pc November 2015 ).</p>"
G12,Ayerrerenge,-21.39381083,137.4154269,QLD,"<p>At Urandangi, Bathurst, Headingly, north to Lake Nash and Barkly Downs; east toward Mount Isa, Qld.; west to near Mount Hogarth and Argadargada (Tindale 1974). Breen's map (1970) identifies only one third of the area identified by Tindale (1974) as Jaroinga (<a href=""/austlang/language/G12"">G12</a>). The rest is given as the location for Bulanu. This database adopts Breen's location.</p>"
C5,Antikirinya,-27.02978902,134.0166357,SA,"<p>Headwaters of Hamilton, Alberga, Wintinna, and Lora rivers north to Kulgera in central Australia; south to Mount Willoughby, Arckaringa, and the Stuart Range north of Coober Pedy which is in Kokata country (Tindale 1974).</p><p>Antikirinya country lies in the far north west of the state of South Australia, between the closely related Yankunytjatjara language to the west and the Arabana language to the east. It lies north of the Kokatha language. Today, Antikirinya people live particularly around Cooper Pedy and Oodnadatta.</p><p><http: antikirinya="""" languages="""" www.mobilelanguageteam.com.au=""""></http:></p>"
G19,Nguburinji,-18.53363767,139.0357774,QLD,"<p>Southern headwaters of Gregory River; at River-sleigh, Gregory Downs, and Mount Margaret, north to Lawn Hill Creek and Punjaub; in later years at Morstone Downs which is in Wakabunga country (Tindale 1974)</p><p>The general territorial affiliations were: A. The drainage of the Gregory downstream from Riversleigh to its junction with the Nicholson. Riversleigh was associated with Yinjilanji. B. The drainage of the Nicholson downstream from Cooinda to its junction with the Gregory. Cooinda was associated with Wanyi. Nguburindi was associated with Mellish Park, Century Mine, Gregory Downs, Planet Downs, and Doomadgee (Harvey ASEDA 802)</p>"
C8.1,Anmatyerr,-22.25465276,133.2622529,NT,"<p>Forster Range, Mount Leichhardt, Conistan, Stuart Bluff Range east of West Bluff; at Hann and Reynolds Ranges; on Burt Plain north of Rembrandt Rocks and Connor Well; east to Woodgreen; northeast to central Mount Stuart and Harper Springs (Tindale 1974). ... the region extends roughly from Mt Allan in the west to some of the Sandover outstations in the east, and from Stirling in the north to around Native Gap in the south (Green 2010:vii) Contemporary location : Some of the main communities where Anmatyerr is spoken are Yuelamu (Mt Allan), Laramba (Napperby), Pulardi (Desert Bore), Ti Tree, Ti Tree Six Mile, Stirling, some of the outstations on Utopia (the Angarapa Land Trust), Mulga Bore and Adelaide Bore. Many Anmatyerr people also live in regional centres, such as Alice Springs, and in other communities, such as Yuendumu and Engawala (Alcoota) (Green 2010:vii). Carew also names Aileron as a contemporary location (2010:45).</p>"
G2,Ulaolinya,,,QLD,<p>Julaolinja: At Carlo Springs on upper Mulligan River. They shifted east to Marion Downs in postcontact times (Tindale 1974).</p>
N202,Djangu,-12.14740282,136.4213048,NT,"<p>Arnhem Bay area, principally on its eastern shores, extending north to the English Company Islands (Tindale 1974).</p>"
N204,Mildjingi,,,NT,<p>(Djinang)</p>
D11,Pulaali,-31.48957662,141.7697941,NSW,<p>Barrier Range (Hercus 1993:10).</p>
G33,Kurtjar,-16.74729771,141.4175524,QLD,<p>Coastal area including the Lower Gilbert and Smithburn Rivers and extending as far north as the mouth of the Staaten Riven and at least as far south as Fitzmaurice Point (Black MS3608) Staaten River south to Smithburne River and Delta Downs; inland to Stirling and Lotus Vale (Tindale 1974)</p>
S46,Ngarigu / Ngarigo,-35.90218835,148.7673745,"ACT,NSW,VIC","<p>Ngarigu / Ngarigo is located in the Southern Monaro region, NSW/VIC. It extends from Nimmitabel west along the upper Snowy Valley to the Australian Alps, south to the Victorian border as far as Goongerah and Orbost, VIC, and northeast to Delegate and Bombala (Tindale 1974:198; Hercus 1986; Clark 2005).</p><p>Neighbouring languages include Ngunawal / Ngunnawal <a href=""/austlang/language/D3"" rel=""noopener noreferrer"">D3</a> to the north, the Yuin <a href=""/austlang/language/S67"" rel=""noopener noreferrer"">S67</a> languages to the east, the Kurnai <a href=""/austlang/language/S68"" rel=""noopener noreferrer"">S68</a> languages to the south and Wiradjuri <a href=""/austlang/language/D10"" rel=""noopener noreferrer"">D10</a>, Gundungerre / Yaithmathang <a href=""/austlang/language/S43"" rel=""noopener noreferrer"">S43</a> and Dhudhuroa <a href=""/austlang/language/S44"" rel=""noopener noreferrer"">S44</a> to the west.</p>"
N52,Widjilg,,,,<p>South of West Alligator River (Capell 1963).</p>
D18,Wangaaypuwan,-31.4133463,145.8190896,NSW,"<p>Wangaaypuwan is located in the south of Ngiyampaa / Ngempa <a href=""/austlang/language/D22"">D22</a> Country. It extends from around the Lachlan River, north to the Darling River, east to the Bogan River and west back to the Darling River (Tindale 1974:201; Winangakirri Aboriginal Corporation 2025).</p><p>Neighbouring languages include Kurnu <a href=""/austlang/language/D25"">D25</a> and Barranbinya <a href=""/austlang/language/D26"">D26</a> to the north, Wayilwan <a href=""/austlang/language/D20"">D20</a> to the east, Wiradjuri <a href=""/austlang/language/D10"">D10</a> to the south and Paakantyi / Paakantji / Barkindji <a href=""/austlang/language/D12"">D12</a> to the west.</p>"
D15,Guyinbaraay,-31.0837662,149.5999617,NSW,"<p>Guyinbaraay is located in an area extending across northwest New South Wales and southwest Queensland.</p><p>Some researchers place Guyinbaraay predominantly within NSW. For example, missionary William Ridley places it on the Namoi River (1873:259), and linguists Peter Austin, Corinne Williams, and Stephen Wurm place it &#39;on the Liverpool Plains around Gunnedah&#39; (Mathews 1903:270; Austin et. al. 1980:196).</p><p>However, Harriott Barlow places Guyinbaraay in Queensland, on the Mooni (Moonie) River (1873:174). This would put it east of Wirraay-Wirraay <a href=""/austlang/language/D66"" rel=""noopener noreferrer"">D66</a>, and north of Yuwaalaraay <a href=""/austlang/language/D27"" rel=""noopener noreferrer"">D27</a>. Linguists Jim Wafer and Amanda Lissarrague support this view because Barlow&#39;s data was collected earlier and is more substantial (2008:220).</p>"
D19,Nhaawuparlku,-30.97050337,144.1661644,NSW,<p>... upstream from Wilcannia (Hercus 1993:6).</p><p>Dunlop to Murtee on upper Darling River; on lower Paroo River north to Lake Tongo (Tindale 1974).</p>
N58,Jalakuru,,,,<p>Coast from west of Goulburn Island at Angularli Creek to about Malay Bay at entrance to Mountnorris Bay; also inland (no recent references) (Tindale 1974).</p>
N116.O,Manydjalpuyngu,,,NT,<p>(Djinba)</p>
N59,Wengei,,,,"<p>The We?i (or We?ei), adjoining and allied to the Ma?eridji, on the east Alligator River close to Indji?eiwamulg Landing (near Oenpelli Mission station) (Elkin, Berndt & Berndt: 1951: 254).</p>"
D22,Ngiyampaa / Ngempa,-31.27026424,146.704555,NSW,"<p>Ngiyampaa / Ngempa is located in central New South Wales. It extends from Willandra Creek, east to Hillston, north to Nyngan and along the Bogan River to Brewarrina, west to Bourke and south to Ivanhoe (Tindale 1974:198; Sutton 1995:144-5; Donaldson 1980:3).</p><p>Neighbouring languages include Kurnu <a href=""/austlang/language/D25"">D25</a> and Barranbinya <a href=""/austlang/language/D26"">D26</a> to the north, Gamilaraay / Gamilaroi / Kamilaroi <a href=""/austlang/language/D23"">D23</a> to the northeast, Wiradjuri <a href=""/austlang/language/D10"">D10</a> to the south and Paakantyi / Paakantji / Barkindji <a href=""/austlang/language/D12"">D12</a> to the west.</p>"
D20,Wayilwan,-31.01810658,148.0268205,NSW,"<p>Wayilwan is located to the north-east of Wangaaypuwan <a href=""/austlang/language/D18"" rel=""noopener noreferrer"">D18</a> in Ngiyampaa / Ngempa <a href=""/austlang/language/D22"" rel=""noopener noreferrer"">D22</a> Country (Donaldson 2020:1). This region extends from the south side of Barwon River from Brewarrina east to Walgett, NSW (Oates &amp; Oates 1970:166).</p><p>Neighbouring languages include Gamilaraay / Gamilaroi / Kamilaroi <a href=""/austlang/language/D23"" rel=""noopener noreferrer"">D23</a> to the north and east, Wiradjuri <a href=""/austlang/language/D10"" rel=""noopener noreferrer"">D10</a> to the south and Paakantyi / Paakantji / Barkindji <a href=""/austlang/language/D12"" rel=""noopener noreferrer"">D12</a> and Wangaaypuwan <a href=""/austlang/language/D18"" rel=""noopener noreferrer"">D18</a> to the west.</p>"
N66,Urningangk,-12.54571577,133.0564923,NT,"<p>Mikkinj valley (baker AILEC 0626 and Harvey PMS 5822).</p><p>The Urnigangk language was also spoken in the southern half of the Jabiluka outlier, but I do not know which particular dialect was spoken in this area (Harvey PMS 5822).</p><p>... upstream along the East Alligator. It includes the Mikiny Valley and an area to the west of there (Birch 2006:3).</p>"
N226,Kiyuk,-13.16822762,130.0535206,WA,<p>Peron Island (Black & Walsh 1989).</p>
D25,Kurnu,-29.75977753,145.3308111,NSW,"<p>... the Bourke area (Hercus 1993:11).</p><p>Chiefly on the western bank of the Darling River from near Bourke to Dunlop, Warrego River to Enngonia, and Barringun; west to vicinity of Yantabulla (Tindale 1974).</p>"
G40,Ngulupulu,-24.05636975,139.8175719,SA,<p>... at Bedourie (Roth 1897 as quoted in Blake and Breen 1971:10).</p>
D29,Gambuwal,-28.61886109,151.4415609,QLD,"<p>Inglewood to Bonshaw, New South Wales; north to southern vicinity of Millmerran; east to Stanthorpe and Wallangarra and the western slope of the Dividing Range (Tindale 1974).</p><p>Inglewood (Queensland), and extending towards the Dumaresque and Mooni Rivers (Macpherson 1904:680).</p><p>Inglewood to Bonshaw, NSW, north to Millmerran; on western slope of Dividing Range (Capell 1963).</p>"
G44,Mayi-Yali,-18.94153793,139.7478626,QLD,"<p>Mayi-Yali, if a separate group, were presumably in the vicinity of Myally Creek, west of the Leichhardt (Breen 1981:4).</p>"
N117,Djarrwark,,,NT,<p>(Dhay'yi)</p>
D34,Bigambul,-28.14139289,150.174827,NSW,"<p>East of Nindigully, Qld., on Weir and Moonie rivers, north to Tara; at Talwood, Qld.; on MacIntyre River from east of Boomi to Texas; at Yetman, Boggabilla, and Middle Creek, N.S.W. (Tindale 1974).</p><p>... on the Weir and Macintyre Rivers, Queensland; they adjoin the Yualeai <a href=""/austlang/language/D54"">D54</a> on the east (Mathews 1902:143).</p><p>Bonshaw; Yetman and Boggabilla (On the MacIntyre River); Callandoon and the Weir River - in part (in Queensland). Ridley includes within his Pikimbul region the MacIntyre River, Callandoon and Weir River. Matthews gives Goondiwindi (MacIntyre R.) and Weltown (Weir R., Queensland) as belonging to the Pikumbil Tribe (MacPherson 1904:679).</p><p>... on the Queensland-NSW border around the Macintyre and Weir Rivers and extending north towards Millmerran. (Condamine Alliance Australia 2013).</p>"
D37,Gunggari,-27.36809848,146.9602124,QLD,"<p>Upper Nebine and Mungallala creeks from Bonna Vonna and Ballon north to Morven and Mungallala. Extended eastward and partly absorbed the Mandandanji in early historic times (Tindale 1974). The Coongurri come from the Maranoa or perhaps even the Warrego river (Barlow 1873:174). Roma, Mitchell, Taroom, Surat, Charlevilla and Cunnamulla (Holmer 1983:179).</p>"
N81,Gun-nartpa,-12.21920382,134.5502503,NT,<p>... homelands are in the Blyth and Cadell River regions ... Maningrida ... (Glasgow 1994).</p>
D3,Ngunawal / Ngunnawal,-34.98029551,149.0870952,NSW,"<p>Ngunawal / Ngunnawal is located around Canberra and Yass, ACT/NSW. It extends north to Boorowa, east to Goulburn and the Southern Highlands west of the Shoalhaven River, south to Lake George and Queanbeyan, and west to Tumut and Gundagai (Mathews 1904 in Koch 2010:135; Tindale 1974:198; Ngunnawal 2025). It may have extended as far south as Cooma and westwards towards Braidwood (Thunderstone Aboriginal Cultural Services 2025).</p><p>Neighbouring languages include Gundungurra / Gandangara <a href=""/austlang/language/S60"">S60</a> to the north, Dharamba <a href=""/austlang/language/S56"">S56</a>, Dhurga <a href=""/austlang/language/S53"">S53</a> and Walbunja <a href=""/austlang/language/S54"">S54</a> to the east, Ngarigu / Ngarigo <a href=""/austlang/language/S46"">S46</a> to the south and Wiradjuri <a href=""/austlang/language/D10"">D10</a> to the west.</p>"
N82,Burarra,-12.16177075,134.5807096,NT,"<p>Blyth River region (Glasgow 1994 Burarra-Gun-nartpa dictionary).</p><p>Burarra people's country is in Central Arnhem Land, along the Blyth and Cadell Rivers and the coastal and inland areas around between them.</p><p>Many people now live to the west of this, at Maningrida, a settlement on the mouth of the Liverpool River (Green 1987:1).</p><p>The general associations were to the coast from east Anamayirra Creek to Cape Stewart and inland at least to the junction of the Cadell and the Blyth (Harvey AILEC 0802).</p>"
D40,Barunggam,-26.79506641,150.4467729,QLD,"<p>Barunggam is located in the Western Downs region, QLD. It extends west of the Bunya Mountains, along the Great Dividing Range in the north to Jackson and the headwaters of the Condamine River in the west, south to Tara and east to Dalby (Kite & Wurm 2004:7). This area also includes Warra, Chinchilla, Miles and Taroom.</p><p>Neighbouring languages include Djagunda <a href=""/austlang/language/E27"">E27</a> to the north, Jarowair <a href=""/austlang/language/E81"">E81</a> to the east, Bigambul <a href=""/austlang/language/D34"">D34</a> to the south and Kogai <a href=""/austlang/language/D38"">D38</a> to the west. Bannister (1977) locates Barunggam to the immediate southeast of Muringam <a href=""/austlang/language/D56"">D56</a> Country.</p>"
N122.1,Gupapuyngu,,,NT,<p>(Dhuwala)</p>
D46,Nguri,-25.60232388,147.8023772,QLD,"<p>Upper Maronoa River from Mount Elliot and Donnybrook north to Merivale on the western side of the Dividing Range; west to Hillside and Redford. Their territory is bounded on the northeast by the summit of the Dividing Range, on their northwest are the steep cliffs and deep gorges of the Chesterton Range. They were not on the upper Warrego River as stated by Mathews (Tindale 1974).</p><p>... the south-east, near the Moonie River (Barlow 1872).</p><p>... the Langlo River, Maranoa River, Nebine Creek and at Wyandra (Breen's Batyara informant).</p>"
N90,Ngandi,-14.00859488,134.9063889,NT,"<p>... the core Ngandi area was along Rose River and fair distance from the coast and going north from there (Heath 1974:3). Around Rose River and northwards (Top End Handbook). Upper Wilton River; Mainoru River; east to near sources of the Rose River (Tindale 1974). There was no precise information on the limits of Ngandi associations in 2007. The general associations were to the Rose River and Phelps River drainages, other than the coast and 10-20km inland which were associated with Warndarrang. Wonmurri Waterhole was associated with Warndarrang (Harvey ASEDA 802).</p>"
N125,Gigi,,,,
N91,Galwa,,,,
D47,PaaRuntyi,-29.45822263,144.3145896,NSW,"<p>... the area around the Paroo to just north of Hungerford (Hercus 1993:11). Paroo River and Cuttaburra and Kulkyne Creek from Goorimpa north to Brindingabba, Berawinna Downs, and Hungerford, at Wanaaring and Yantabulla (Tindale 1974).</p>"
G48,Rangwa,,,,<p>On Roxburgh Downs Station and along Pituri Creek (Tindale 1974).</p>
Y97,Muluridji,-17.11856796,145.3498346,QLD,"<p>Speakers of the Kuku Yalanji language traditionally inhabited an area of over 2000 sq km extending from the Mossman River in the south to the Annan River in the north, bordered by the Pacific Ocean in the east and extending inland to presumably just west of Mt Mulgrave (Patz 2002:6).</p>"
D50,Nuntukuri,-29.87173109,145.9524418,"NSW,QLD",<p>... the lower Culgoa (Oates 1988:6).</p>
G6,Pitta Pitta,-22.62842257,139.7247443,QLD,<p>Boulia district and 50 miles to south and west; north to about Fort William (Tindale 1974).</p>
D57,Weraeria,,,,"<p>If it refers to Wirraayaraay <a href=""/austlang/language/D65"" rel=""noopener noreferrer"">D65</a>, Weraerai <a href=""/austlang/language/D57"" rel=""noopener noreferrer"">D57</a> is located in the Gwydir River and Moree areas (Capell 1963:17; Tindale 1974:200).</p><p>If it refers to Yuwaalaraay <a href=""/austlang/language/D27"" rel=""noopener noreferrer"">D27</a>, Weraerai <a href=""/austlang/language/D57"" rel=""noopener noreferrer"">D57</a> is located around Walgett, Lightning Ridge and Narran Lake (Williams 1980:3; Austin, Williams &amp; Wurm 1980:169).</p><p>If it refers to Wirraay-Wirraay <a href=""/austlang/language/D66"" rel=""noopener noreferrer"">D66</a>, Weraerai is located in the Balonne River area (Barlow 1873:174 as quoted in Wafer &amp; Lissarrague 2008:219).</p>"
K14,Unggumi,-17.08878137,124.8691177,WA,"<p>Leopold Range south of the gorge of the Isdell River; westward to headwaters of Robinson River; southeast to Richenda River; south only to Lennard River and Chestnut Creek (Tindale 1974).</p><p>... its southern boundary was south of the Lennard River and took in Windjina Gorge (McGregor in Sutton 1995:100).</p><p>The general associations were to the Barker and upper Leonard River drainages. Eastward limits: The association of Unggumi with the Bell Creek area was confirmed in 2007. Southward limits: There was no positive informaton on the southern limits of Unggumi. However sources agreed that Mt Broome and Mt Behn constituted the eastern limits of Bunuba. Westward limits: Sources in 2007 stated that Kimberley Downs homestead was associated with Warrwa, but that Warrwa associations ceased immediately to the east of the homestead. Northward limits: There had been no detailed investigation of northward limits. There was general agreement that Mt Hart homestead probably lay within Unggumi country (Harvey AILEC 0802).</p>"
D59,Milpulo,-31.80848785,142.4141657,NSW,"<p>Northwest of the Darling River from Wilcannia downstream, probably no farther than Tandou Lake. Little known; they presumably came in to the river during extra dry seasons; at other times depending on water from the roots of mallee and other trees in the manner of the Danggali (Tindale 1974).</p><p>... on the Darling frontage, from Wilcannia downwards (Howitt 1904:50).</p>"
K20,Gija / Kija,-17.4239872,127.3910508,WA,"<p>On Salmond, Chamberlain, and Wilson rivers; Macphee Creek north to Sugarloaf Hill, always on top of the plateau; west to the edge of the Bluff Face Range; east over the Durack Range to Lissadell and Turkey Creek Stations, south to High Range and headwaters of Stony River about Fig Tree Pool; on upper Margaret River above gorge in Ramsay Range; east to Hall Creek and Alice Downs (Tindale 1974).</p><p>Gija goes east to the southern parts of the Ord River (Kofod in Sutton 1995:113).</p><p>Eastward limit: There was no precise information available on the eastward limits of Gija in 2007. The Bungle Bungle Ranges were associated with Gija. Both New and Old Ord River homesteads were associated with Malngin, as was Spring Creek homestead. Northward limit: There is more detailed information on the the western part of the northward limit. Pompey's Pillar and the Wilson River drainage were the northern limits of Gija associations. The eastern part of the northward limit is less certain. Lissadell homestead was associated with Miriwoong. North-western limit: Upper Chamberlain River, Top Chamberlain Yard, Tableland Station, Red Lake Yard were all associated with Gija. The middle Chamberlain and Wood Yard were associated with Wurla. Western limit: Red Lake Yard. Lansdowne homestead. There is no precise information on the southern part of the western limit. However, Andajin affiliations did not extend east of the King Leopold Range. South-western limit: There is no precise information on the south-western limit. It is defined negatively in terms of information on the extent of Gooniyandi affiliations. Gija was not affiliated with Margaret River homestead - this was affiliated with Gooniyandi. South-eastern limit: The hills immediately to the east of Halls Creek mark the south-eastern limit of Giija. Old Halls Creek was affiliated with Djaru. Information on the south-eastern limit is generally inferred negatively from Tsunoda's description of the north-western limit of Djaru (Harvey AILEC 0802).</p><p>The traditional country … extends from an area north of Turkey Creek in the upper reaches of the Ord and Dunham Rivers, south to Halls Creek and west to Lansdowne and Tableland Stations. The Purnululu (Bungle-Bungle – Boornoolooloo) National Park is mainly in Gija country (Kofod et al 2016: 3).</p>"
S12,Yirawirung,-34.26707911,140.5328348,"NSW,SA","<p>On the eastern bank of Murray River from above Paringa to Loxton and about 15 miles (40 km.) farther south in sandy country, away from the river. On the western side of river from Rufus Creek west to near Overland Corner. (Tindale 1974). ... the banks of the Murray River between Loxton and Paringa (Radcliffe-Brown 1918:247).</p>"
S15,Bindjali / Bodaruwitj,-36.42292767,140.4916351,"SA,VIC","<p>Naracoorte west to within ten miles of the sea along the third inland dune range of the Coorong; at Taratap; north to Tatiara, Bordertown, Wirrega, and Keith (Tindale 1974).</p>"
S17,Wergaia,-35.8685197,142.1207357,VIC,"<p>The Wergaia language was originally spoken over a wide area in the north-west of Victoria from Dimboola to Lake Hindmarsh and Lake Albacutya along the Wimmera River, and from Yanac to Warracknabeal. The speakers of Wergaia and several smaller associated groups formed the Wudjubalug group of tribes, called Wotjobaluk by Howitt (Howitt 1904:55 as quoted in Hercus 1986).</p>"
S16,Mardidjali,-36.96779421,141.6431409,"SA,VIC",
N119,Mӓlarra,,,NT,<p>(Yan-nhangu)</p>
D6,Marrawarra,-33.6663629,141.4486458,"NSW,SA","<p>... the lower Murray from the Darling-Murray junction down to the Rufus River and Lake Victoria, and extended northwards on the Darling to Avoca (Hercus 1993:10).</p><p>... the country around the junction of the Darling and Murray rivers, apparently extending down the latter as far as Lake Victoria (Radcliffe-Brown 1918:248).</p><p>From Wentworth on northern bank of Murray River downstream to Chowilla and Ral Ral, So. Aust. [South Australia] on western and the Anabranch of the Darling River to Popilta Lake; on the main Darling River upsteam to Avoca (Tindale 1974).</p>"
D71,Galali,,,,<p>Wilson River (McDonald & Wurm 1979:1).</p>
K22,Wunambal,-14.87939571,125.4637639,WA,"<p>York Sound; coast north of Brunswick Bay, northward to Admiralty Gulf and the Osborne Islands; inland about 25 to 30 miles (40 to 50 km.). Cape Wellington peninsula north and east to Port Warrender and the little known area to east; inland to the divide of the King Edward River (Tindale 1974).</p><p>Wunambal is [...] spoken in the most north-westerly part of the Kimberley region of Western Australia. Country associated with Wunambal extends from north of the Prince Regent River taking in the Mitchell Plateau, Scott's Strait and Cape Voltaire, and some inland gIra 'countries', as shown on Map One. Some 'clans' also exploited the resources of the adjoining small islands, especially Wuyurru (Bigge Island), Prudhoe, Corneille and Cassini islands although, apart from Bigge Island, these islands were not permanently inhabited. (Carr 2000:1).</p><p>The general association was to the coast from the Coronation Islands to the drainage of Lawley River. Mitchell Plateau, the lower Mitchell, lower Moran and lower Roe Rivers were all associated with Wunambal. It is unclear why Tindale classified the Osborne Islands as associated with Wunambal when his informant described the people from this area as speaking ""light Kambure"". Sources in 2007 stated that the Coronation Islands were associated with Wunambal. Sources also stated that the Upper Moran and Roe Rivers were associated with Ngarinyin and not Wunambal. It was not possible to obtain definitive information on the affiliation of the Upper Mitchell River area (Harvey AILEC 0802).</p>"
K32,Yiiji,-15.13900438,127.9888676,WA,<p>Forrest River from seacoast of Cambridge Gulf to Milligan ranges; south to Steere Hills; north to Mount Carty and Lyne River (Tindale 1974).</p>
K38,Mariung,,,,"<p>South of Victoria River, near mouth; at Bullo River (Tindale 1974).</p><p>South of Victoria River, near mouth (Capell 1963).</p>"
S28,Dadi Dadi,-34.77763457,142.8384634,"NSW,VIC",<p>From 8 miles (13 km.) below Euston to 15 miles (25 km.) above Murrumbidgee junction chiefly on southern bank of the Murray River but extending north to Benanee (Tindale 1974).</p>
S69,Ngarrindjeri,-35.75823067,139.2691002,SA,"<p>The Ngarrindjeri 'nation' and language is associated with the country on the Lower Murray River and in the Murray Lakes and Coorong region of South Australia. The community of Raukkan on the southern shores of Lake Alexandrina (formerly known as Point McLeay) is considered by many as a major hub of Ngarrindjeri country (Gale & French 2005).</p><p>... ""a great triangle of land"" extending from the western extremity of Cape Jervis on the tip of the Fleurieu Peninsula, north to Swanport on the Murray River (about 5 kms south of Murray Bridge) and south around Lake Alexandrina and Lake Albert, and stretching further south along the Coorong to Kingston. (Taplin 1879, in Gale and French 2005:2).</p><p>Contemporary location : Murray Bridge and communities in the Riverland (Gale & French 2005:2).</p>"
E15,Galibal,-28.53326435,152.866814,"NSW,QLD",<p>Richmond River around Kyogle (Crowley 1978).</p>
S35,Boonwurrung,-38.45956946,145.5753229,VIC,<p>... land around Western Port and took in the Mornington Peninsula. In the eaast the boundary was the Tarwin River and to the west their territory extended in a strip that ran around the head of Port Phillip Bay probably as far as the Werribee River (Blake 1991:47).</p>
E16.1,Dinggabal,-28.73775281,152.2844378,NSW,<p>On the Clarence between Tabulam and Woodenbong (Crowley 1978:154). Upper reaches of Clarence River in area between Woodenbong and Stanthorpe (Oates 1975:210).</p>
S73,Djargurd Wurrong,-38.17535396,143.2568156,VIC,"<p>... the country at Lake Corangamite. Mount Emu Creek formed the western boundary, and Lake Elingamite the southern. The eastern boundary was probably formed by the Wardy Yallock River near Cressy, along its western bank to Lake Corangamite, along the eastern shore of the lake, then south to the Gellibrand River. The northern boundary went from Cressy in a west north west direction, slightly to the north of Mt. Elephant to Mount Emu Creek (Clark 1990:177) ... a dialect of the Camperdown area (Blake 2003:12)</p>"
E18,Minyangbal,-28.55438964,153.4981194,"NSW,QLD",<p>Byron Bay and Brunswick Rivers (Crowley 1978).</p>
S39,Brataualung,-38.71577707,146.4477985,VIC,<p>From Cape Liptrap and Tarwin Meadows east to mouth of Merriman Creek; inland to about Mirboo; at Port Albert and Wilson Promontory. One of the five tribes associated as the Kurnai 146°30'E x 38°35'S</p>
S52,Thawa,-37.16713269,149.5988333,NSW,"<p>Thawa is located in the Twofold Bay area, NSW. It extends roughly from Cape Dromedary, near Narooma, to Eden and the northeastern parts of Victoria (Capell 1963:5; Ellis et. al. 2020:7). Thawa Country extends west to the crest of the Great Dividing Range (Capell 1963:5; Tindale 1974:198-9).</p><p>Neighbouring languages include Dyirringañ <a href=""/austlang/language/S51"" rel=""noopener noreferrer"">S51</a> to the north, Bidawal <a href=""/austlang/language/S49"" rel=""noopener noreferrer"">S49</a> to the south and Ngarigu / Ngarigo <a href=""/austlang/language/S46"" rel=""noopener noreferrer"">S46</a> to the west.</p>"
S43,Gundungerre / Yaithmathang,-36.72357547,147.5218959,"NSW,VIC","<p>Gundungerre / Yaithmathang is located in the Omeo region, VIC, and extends from the headwaters of the Mitta Mitta and Tambo Rivers, west of the Indi (Murray River)(Hosking 1959; Tindale 1974:205; Clark 2009:225).</p><p>Neighbouring languages include Wiradjuri <a href=""/austlang/language/D10"">D10</a> to the north, Ngarigu / Ngarigo <a href=""/austlang/language/S46"">S46</a> to the east, Dhudhuroa <a href=""/austlang/language/S44"">S44</a> and the Kurnai <a href=""/austlang/language/S68"">S68</a> languages to the south and Waywurru / Pallanganmiddang <a href=""/austlang/language/S89"">S89</a> to the west.</p>"
S71,Gadubanud,-38.61824264,143.6440107,VIC,"<p>Cape Otway, south of Barwon and Gellibrand Rivers and Painkalac Creek (map in Clark 1990:189) Rain forest covered plateau and rugged coastline of Cape Otway peninsula, probably centering on Apollo Bay (Tindale 1974)</p>"
S47,Walgalu,-35.69606229,148.6050824,"ACT,NSW","<p>Walgalu is located in the west of Ngarigu / Ngarigo <a href=""/austlang/language/S46"" rel=""noopener noreferrer"">S46</a> Country. It extends across the headwaters of the Murray, Murrumbidgee and Tumut Rivers at Kiandra, east to Cooma, north to Queanbeyan, southwest to Tumbarumba, NSW, and west to the area around Mt Pilot, VIC (Howitt 1904:78; Capell 1963:16; Tindale 1974:199; Wafer &amp; Lissarrague 2008:107).</p><p>Neighbouring languages include Ngunawal / Ngunnawal <a href=""/austlang/language/D3"" rel=""noopener noreferrer"">D3</a> to the north, the Yuin <a href=""/austlang/language/S67"" rel=""noopener noreferrer"">S67</a> languages to the east, the Kurnai <a href=""/austlang/language/S68"" rel=""noopener noreferrer"">S68</a> languages to the south and Wiradjuri <a href=""/austlang/language/D10"" rel=""noopener noreferrer"">D10</a>, Gundungerre / Yaithmathang <a href=""/austlang/language/S43"" rel=""noopener noreferrer"">S43</a> and Dhudhuroa <a href=""/austlang/language/S44"" rel=""noopener noreferrer"">S44</a> to the west.</p>"
S48,Krauatungalang,-37.59315288,148.3379129,VIC,"<p>Cape Everard (Point Hicks) to Lakes Entrance; on Cann, Brodribb, Buchan, and Snowy rivers; inland to about Black Mountain. One of the five tribes artificially grouped as the Kurnai (Tindale 1974).</p>"
S49,Bidawal,-37.38307107,149.0529849,"NSW,VIC","<p>Coast between Green Cape, N.S.W., and Cape Everard (Point Hicks); inland to Delegate, N.S.W., and on headwaters of Cann and Bern rivers, chiefly in rain forest and wet sclerophyll country inhospitable to others (Tindale 1974).</p><p>The Birrdhawal people are generally associated with the localities of Bendoc, Bondi, Mt Delegate and the head waters of Cann River. (Clark 2011:34).</p>"
E2,Warrimay,-32.48684113,151.9969464,NSW,"<p>Hunter River to Forster near Cape Hawke along coast; at Port Stephens; inland to near Gresford; about Glendon Brook, Dungog, head of Myall Creek and south to Maitland (Tindale 1974).</p><p>.. the area around the southern shore of Port Stephens, perhaps extending west towards Maitland (Wafer and Lissarrague 2008:169).</p><p>Maitland (Branch 1887:349, in Lissarrague 2010:10).</p><p>The Worimi used to inhabit the Hunter River flats up to about the site of Maitland, and the land lying between the ocean on the one side, the Lower Hunter from its mouth to Maitland on the other, and south of a line drawn roughly from Maitland through Stroud to Tea Gardens and the ocean (Elkin 1932: 359, in Lissarrague 2010: 11).</p><p>Further investigations have clearly shown that the Gummipingal, Yeerung-gal, and Birroong-Gal were but hordes of the Kattang-speaking tribe called Worimi ... the Maiangal lived along the sea-shore south of Port Stephens, and westward as far as Teleghery Creek; that the Garuagal occupied country adjoining Teleghery Creek and along the lower Hunter, and their territory joined that of the Buraigal, who lived on the right bank of Karuah up to Stroud. The northern side of Port Stephens and left bank of the Karuah was occupied by the Gamipingal. All four were hordes of the Worimi (Enright 1932a: 75, in Lissarrague 2010:11).</p>"
K44,Miwa,-14.12730414,127.0418156,WA,<p>East side of Napier Broome Bay and lower reaches of King Edward River; inland to about Mount Connelly; eastward to near Cape Bernier; inland on Drysdale River to the Barton Plain; eastward to the King George River and headwaters of the Berkeley River where the range is called Manungu by aborigines (Tindale 1974).</p>
E35,Gungabula,-25.59957324,148.6437252,QLD,"<p>Headwaters of Injune (Hutton) Creek and Dawson River above their junction; east and north of the Great Dividing Range; south of Carnarvon Range. Their country includes the high, rough, forested areas of the Carnarvon Range (Tindale 1974).</p>"
S72,Wichintunga,,,VIC,
E39,Wadjigu,-24.80852364,148.5733526,QLD,<p>Breen identifies Tindale's Karingbal area as Wadjigu (2009: 237).</p><p>Karingbal: Headwaters of Comet River (upper Mackenzie) from below Rolleston south to the Carnarvon Range; west to Consuelo Peak; on the Brown River; east to Expedition Range and Bedourie. It is a tribe quite separate from the Kanolu and Kangulu. Davidson's placings of this and neighboring tribes are based on Kelly's incorrect sketch map that shows Emerald 50 miles out of position with respect to Springsure (Tindale 1974).</p>
K45,Walar,,,,
S76,Moatatunga,,,VIC,<p>This language is not mapped since information is unavailable.</p>
N89,Buan,,,NT,"<p>Headwaters of Phelp, Rose and Hart Rivers, N.T. (Oates & Oates 1970:11-12). Vicinity of headwaters of Phelp, Rose and Hart Rivers. Along west side of Weton River. (Capell 1963, Area N:3-5).</p>"
E43,Yagalingu,-23.156858,146.6329386,QLD,<p>Headwaters of Belyando River south to Avoca; north to about Laglan; west to Dividing Range; east and south to 169 Drummond Range (Tindale 1974).</p>
P2,Torres Strait Creole,,,"QLD,TSI","<p>... the first language of most of the younger Aboriginal and Islander people [in] the Cape York communities of Bamaga, Seisa, Umagico (Alau), Injinoo (Cowal Creek) and Mandingu (New Mapoon) (Shnukal, 2004:7).</p>"
K63,Giwajbem,-16.30951329,128.2513676,NT,<p>The general association was to the Dunham drainage from just downstream of Speewah mine to approximately Deception Range (Harvey 2008).</p>
T1,Northern Tasmanian,-41.3250503,146.0335821,TAS,"<p>Central north coast (Crowley & Dixon, 1981:394).</p>"
S66,Awabakal,-33.05505807,151.5266736,NSW,"<p>Hunter's River, Lake Macquarie &c (in Threlkeld 1834 in Lissarrague 2006:12).</p><p>Lake Macquarie, south of Newcastle, N.S.W. (not Port Macquarie) (Tindale 1974).</p><p>... around Newcastle and the mouth of the Hunter River, around Lake Macquarie, down to around Wyong-Tuggerah Lake, and up the lower Hunter Valley to somewhere just beyond or around Maitland. (Awarbukarl Cultural Resource Assoc. 2010:4).</p><p>Lake Macquarie and the Hunter River (Haslam, in Arposio 2008:12).</p>"
S67,Yuin,,,NSW,"<p>Yuin is located on the South Coast region, NSW. It extends from the south of Botany Bay and the La Perouse area in Sydney, inland to the Southern Highlands and the Blue Mountains, reaching roughly as far as the northeastern parts of Victoria, to the Omeo region and across to the headwaters of the Murray, Murrumbidgee and Tumut Rivers at Kiandra (Organ 1990:xli; Wafer &amp; Lissarrague 2008:107; Ellis et. al. 2020:7).</p><p>Neighbouring languages include Eora <a href=""/austlang/language/S61"" rel=""noopener noreferrer"">S61</a> to the north, Kurnai <a href=""/austlang/language/S68"" rel=""noopener noreferrer"">S68</a> to the south and Wiradjuri <a href=""/austlang/language/D10"" rel=""noopener noreferrer"">D10</a> to the west.</p>"
E4,Ngaku,-31.06953469,152.9340119,NSW,<p>Kempsey and some of this Grassy Head ..... Go as far as Port Macquarie' (in Lissarrague 2000). ... on the lower Macleay River (ALRRC) ... territory stretched south of the Ngambaa to the mouth of the Macleay river (Morelli 2008:243).</p>
S6,Ngangaruku,-34.8315374,139.4514003,SA,<p>On Murray River from Mannum to south Rhine River junction; west to scarp of Mount Lofty Ranges (Tindale 1974). ... the banks of the Murray River from Mannum to about Herman's Landing (Radcliffe-Brown 1918:243).</p>
E50,Miyan,-21.812523,146.1838164,QLD,<p>Lower Belyando River north to southern headwaters of Cape River and Mount Douglas; at Bulliwallah; west to the Dividing Range; south to Lake Galilee and Labona (Tindale 1974).</p>
Y141,Madhirdirl,,,,<p>None.</p>
E51,Yambina,-22.31402258,147.4752732,QLD,"<p>The location given by Wilson and Murray 1886 'Peak Downs district, Logan Downs Station' and Tindale's location seem to be referring to the same region (Terrill 1998:77).</p><p>Logan Creek south of Avon Downs; east to Denham Range and Logan Downs; west to Elgin Downs; at Solferino (Tindale 1974).</p>"
E54,Yuwi,,,QLD,<p>At Mackay; from St. Helens south to Cape Palmer-ston; inland to Connors Range (Tindale 1974).</p>
S78,Pinejunga,,,VIC,
W17,Buluguda,-26.05703503,113.8052951,WA,"<p>Edel Land Peninsula, Tahmahlee Well, WA. (Oates & Oates 1970:58).</p>"
Y142,Mbo'aru,,,,
S82,Koort-Kirrup,,,VIC,<p>N/A</p>
W1,Bibulman,-34.41874914,115.9466385,WA,"<p>... was spoken in the area in which Brookton, Northan and Toodyay stand today (Douglas 1968:3).</p><p>Lower Blackwood River; chiefly on the hills in country between the Blackwood and Warren rivers; east to Gardner River and Broke Inlet; on Scott River; inland to Manjimup and Bridgetown (Tindale 1974). (WA handbook follows Tindale. Douglas' location is different from Tindale or a map in Gerritsen 1998).</p>"
S87,Nundadjali,-37.3893342,141.8004833,VIC,<p>... along the upper Glenelg River (Clark 2005:14)</p>
N88,Wubulkarra,,,NT,<p>(Dhuwala) Howard Island (Oates 1975: 312).</p>
S86,Pirtpirtwurrung,-37.41394871,142.7988146,VIC,
E61,Bindal,-19.56356855,147.1105586,QLD,<p>Terrill cites Tindale (Terrill 1998:86). </p><p>From mouth of Burdekin River north to Cape Cleveland; inland to Leichhardt Range; at Ayr (Tindale 1974).</p>
S8,Yaraldi,-35.45131812,139.3755135,SA,"<p>East side of Lake Alexandrina and Murray River from Loveday Bay to Mobilong; on Narrung peninsula; east to Meningie and Cookes Plains (more than fifteen hordes) (Tindale 1974).</p><p>Based on these sources and others, Dixon (1993:3) places Yaraldi along the 'coast from the eastern edge of Backstairs Passage (opposite Kangaroo Island) almost to the present town of Kingston S E. [on the coast]' and 'inland, it probably extended to Bordertown.' It extended west up to the Mount Lofty range and north along the Murray River 'almost as far as Murray Bridge...' Their territory also 'included Lake Albert and Lake Alexandrina...' (Horgen 2004: 28) (This description of the location of Yaraldi covers as the locations of other dialects of Ngarrindjeri [S69].)</p>"
S98,Southern Ngarigu,,,"NSW,VIC","<p>Southern Ngarigu is located in the south of Ngarigu / Ngarigo <a href=""/austlang/language/S46"">S46</a> Country. It extends from the Snowy River around Delegate, south towards Orbost, VIC (Hercus 1986:165).</p><p>Neighbouring languages include Ngunawal / Ngunnawal <a href=""/austlang/language/D3"">D3</a> to the north, the Yuin <a href=""/austlang/language/S67"">S67</a> languages to the east, the Kurnai <a href=""/austlang/language/S68"">S68</a> languages to the south and Wiradjuri <a href=""/austlang/language/D10"">D10</a>, Gundungerre / Yaithmathang <a href=""/austlang/language/S43"">S43</a> and Dhudhuroa <a href=""/austlang/language/S44"">S44</a> to the west.</p>"
L18,Yandruwandha,-28.32584186,140.3918776,"NSW,QLD,SA",<p>South of Cooper Creek from Innamincka to Car-raweena; on Strzelecki Creek (Tindale 1974). (This covers a part of the Parlpamardramardra dialect of Yandruwandha.)</p>
E65,Mandalgu,-24.46598501,149.3824338,QLD,"<p>Breen (2009:234) locates Mandalgu where Tindale locates Wadja (<a href=""/austlang/language/E39"">E39</a>): Streams on east side of Expedition Range; south to Bigge Range; east nearly to Dawson River (1974:186).</p>"
T14,Piper River Tasmanian,-41.13581009,147.4024295,TAS,<p>TAS</p>
L29,Kunandaburi,-26.63472562,142.5938623,QLD,"<p>On Cooper Creek at Durham Downs; north to Mount Howitt, east to Plevna Downs, McGregor Range, and to near Eromanga (Tindale 1974)</p>"
T12,Circular Head Tasmanian,-40.85677608,145.3737333,TAS,<p>TAS</p>
T13,Port Sorell Tasmanian,-41.27554866,146.5680726,TAS,<p>TAS</p>
E77,Nerang Creek,-28.08259432,153.2407725,NSW,<p>... spoken at Upper Nerang Creek (Crowley 1978).</p>
E7,Gumbaynggirr,-30.08764301,152.4456876,NSW,"<p>... along the north coast of NSW between Nambucca Heads and Grafton. Extend inland as far as the Great Dividing Range (Eades 1979).</p><p>... an area of 4,200 square miles extending from Nambucca in the south to the Clarence River in the north, and from the sea coast inland as far as a line from Ebor to Dumpe, with the exception of a small area occupied by the Jeigir between Maclean, Yamba and Wooli (Smythe 1948 - 1950).</p><p>... the area from Grafton south to Bowraville and Nambucca Heads (ALRRC) Lower course of Nymboida River and across the range toward Urunga, Coff (Korff) Harbour, and Bellingen; at South Grafton and Glenreagh; along the coast south from near One Tree Point; at Woolgoolga and Nambucca Heads (Tindale 1974).</p><p>The Nymboi River, Newton Boyd, and south-westerly almost to Wollomombi (Macpherson 1904: 678).</p><p>[Gumbaynggirr's] territory goes from Nambucca Heads to Red Rock on the coast, then inland north of Grafton on the Clarence River to a western border stretching in an arc from Deepwater and Glen Innes then south to Ben Lomond, Guyra, and Wollomombi. (Morelli 2008:243).</p>"
Y113,Narkali,,,,"<p>On the upper Barron (Gribble, 1933: 143).</p>"
T3,North-western Tasmanian,-41.24561427,144.872146,TAS,<p>TAS</p>
T6,Macquarie Harbour Tasmanian,-42.47607333,145.3373947,TAS,<p>TAS</p>
L32,Karanya,-24.3855385,139.8671121,QLD,"<p>At Bedourie and King Creek; south to Cluny and Glengyle; west to Mount David (Moorabulla); on the Georgina River (Tindale 1974). (This covers both Ngulupulu and Garanya. On Blake's map (1979), Ngulupulu is north of Karanya.)</p>"
E83,Rakiwara,-23.06916223,150.7806859,QLD,"<p>Rakiwara is located in Yeppoon, QLD, on Darumbal <a href=""/austlang/language/E46"">E46</a> Country. Rakiwara people are described as traditionally travelling coast-wise to Woodlands, Byfield and Maryvale and along the peninsula, as well as to Emu Park and Keppel Bay (Roth 1898).</p><p>Neighbouring languages include Biri <a href=""/austlang/language/E56"">E56</a> varieties to the north and west, and Baiali <a href=""/austlang/language/E42"">E42</a> to the south.</p>"
W45,Watjanmay,-30.42931001,119.9874438,WA,
W13,Watjanti,-28.10047626,114.687957,WA,<p>... in and around present day Port Gregory and Northampton north to the lower Murchison (Blevins 2001:3).</p>
N31,Batjamalh,-13.20884001,130.2740404,NT,"<p>... originally located on the shores of Anson Bay...south of the mouth of the Daly River... opposite the Peron Islands, are Wajiginy camp-sites (Ford 1990).</p><p>According to Batjamalh speakers, Wadjiginy territory was originally located on the shores of Anson Bay. Agnes Lippo and Kitty Moffat confirmed that Banakula and Banagaya, south of the mouth of the Daly River, and Dirrktirrk, Nyikmingguny, Balgal, Kadjaluik, Bananggurini, and Budjut opposite the Peron Islands, are Wadjiginy camp-sites (Ford 1997).</p><p>In the earliest written reference to the Wadjiginy, dated 1874, surveyors exploring the hinterland of Darwin for the Overland Telegraphy route note that 'the Waggites are located to the westward, about Anson's Bay' (Wildey 1876:115).</p><p>The 'Wangites' Reserve, proclaimed in 1892, granted the Wadjiginy title to 288 sq. miles between the Finnis and Daly Rivers (South Australian Government Gazette, 1892, cited in NLC 1979:140).</p><p>Father McKillop of the Uniya Mission knew the 'Wogites' as 'a powerful tribe' with land on the left bank of the Daly (McKillop 1893:254).</p><p>Parkhouse (1895:634) described them as 'westerly neighbours' of the Larakiya, beyond Shaol Bay.</p><p>In 1894, Knut Dahl explored the Daly with a 'Wogait' guide. Dahl recalls the 'Wogait' as 'a tribe entirely different from the Valli Valli (Daly) people' and 'Wogait' territory as 'a very extensive coast area, reaching from the mouth of the Daly almost to Port Darwin' (Dahl 1927:15, 128).</p><p>Basedow (1907:2) locates the 'Wogait' to the west of the 'Larrekiya', from the Finniss River to Cape Ford.</p><p>Stanner (1933:387) refers to them as 'a tribe which once lived in the Anson Bay district' (Ford 1997).</p><p>Batjamalh is the language of the Wadjiginy people whose country traditionally extends from Point Blaze, at the southern end of Fog Bay, to the mouth of the Daly River, including Channel Point, the Reynolds River estuary and mouth, and the northern part of Anson Bay (Green & Nordlinger).</p>"
W31,Yarnarri,,,,<p>West of lower Ashburton River (Capell 1963).</p>
W4,Kaniyang,-33.98415512,116.6983021,WA,"<p>On the upper Blackwood River; east to a line joining Katanning, Tambellup, Cranbrook, and Tenterden; at Ko-jonup, Collie, Qualeup, Donnybrook, Greenbushes, Bridgetown; headwaters of Warren and Frankland rivers; south bank of Collie River to Collie; in later days they went west to the coast and as far north as Harvey. (Tindale 1974) (The location in Douglas 1968 is different. WA handbook follows Tindale.)</p><p>... the southern boundary...about Tenterden (Bignell 1971:6).</p>"
W20,Maya,-24.42195415,114.3320813,WA,"<p>Cape Cuvier; Salt Lake; Yanrey River; from Minilya River south to Gascoyne River (Thieberger 1993: 70).</p><p>Short coastal strip west of Boolathanna; east of coastal salt lakes to Manberry and Hutton Creek; south to Gascoyne River but only above the floodplain, claimed by the Mandi; inland to Mooka, Mardathuna, Binthalya, and the Kennedy Range (Tindale 1974).</p><p>The relative locations of Maya and Yinggarda are not consistent across the various sources: Tindale 1974 and Oates 1975 place Maya north of Yinggarda while Walsh 1981 has Maya south of Yinggarda.</p>"
W21,Tharrkari,-23.75654662,114.9619856,WA,"<p>On Lyndon Station and the coastal plain south of the Lyndon River and west of Round Hill; east to Hill Springs and Minilya River headwaters; south to Middalya, Moogooree, and Kennedy Range. Post-European migration took them east to the Lyons River (Tindale 1974).</p><p>[Tharrkari's] western extent was to Lyndon and Williambury Stations and they were not north of Maroonah (Austin in Sutton 1995:97).</p>"
N132,Wurruḻuḻ,,,,
W55,Jaburu,,,,"<p>Lower Wooramel River, was spoken at Milgun Station and Horseshoe Mine and extended W t o Landor, all on the upper Gascoyne River. (Fink, in Capell 1963).</p><p>West of Meekatharra (Davidson, in Nash 2006).</p><p>[at the head of the Sanford River, north-east of 'Cheangwa' and south-east of 'Muliarra'] (Davidson 1938).</p><p>Waldburg Range...150 miles north-west of Meekatharra (McCaskill 1968).</p>"
W24,Burduna,-23.04794101,115.1152077,WA,"<p>Burduna people live in the Ashburton-Gascoyne region in the south of the Pilbara. Many people now live in Onslow and Carnarvon and have intermarried with other language groups. A language inventory in 1994 identifies no remaining speakers of the language. Many people of Burduna heritage speak some words or phrases but the language is considered to be extinct. Burduna was spoken around Nyang and Maroonah Stations in the Ashburton-Gascoyne region of the Pilbara in Western Australia, Traditional country was around the Yannarie River and Lyndon River area. The area in and around Towera Station is spoken of as being traditional Burduna country as well Austin identified two elderly speakers in the late 1980s. Today there are a few people who can still recognise and use small amounts of the language, living in Onslow. (Wangka Maya Pilbara Aboriginal language Centre, viewed 02/08/2021).</p><p>On Yannarie River (Pindar Creek) above the edge of the coastal plain; southwest to Winning Pool and the north side of Lyndon River; east to Mount Hamlet and Maroonah; survivors now on Towera Station. They sometimes visited eastward to the Henry River but this was really Tenma territory (Tindale 1974).</p><p>... my data suggests [Purduna] were not further west than Nyang Station, and certainly not across the now north-west coastal highway (Austin in Sutton 1995:97).</p>"
W25,Thiin,-23.71156576,116.6801157,WA,<p>Head of Henry River; Barlee Range; Frederick River; on Marillana (Tindale 1974).</p>
E91,Marbal,-29.11350479,151.8740972,NSW,<p>About Tenterfield (MacPherson 1904:679).</p>
L35,Karuwali,-24.9599361,141.0306774,QLD,"<p>Farrars Creek from near Connemara south to Beetoota, Haddon Corner, and Morney Plains; west to Durrie and Monkira on Diamantina River; east to Beal Range (Tindale 1974).</p>"
G11,Wonganya,,,,"<p>East of the 'Mawula language (q.v.) but L. West reports that it is now extinct (Capell 1963:<a href=""/austlang/language/G37"">G37</a>).</p>"
L39,Wadjabangai,-24.10558959,145.8108102,QLD,<p>South of Glenbower (now called Lancevale); at Maryvale; south to Blackall; boundaries fixed principally by exclusion from territories of neighboring tribes (Tindale 1974)</p>
L41,Iningai,-23.08563188,144.8746802,QLD,"<p>West of Dividing Range to Forsyth Range, Maneroo Creek and Longreach; south along Alice River tributaries to about Mexico; north to Muttaburra, Cornish Creek, Tower Hill, Bowen Downs, and North Oakvale; at Aramac (Tindale 1974).</p>"
G12.1,Bularnu,-20.65668866,138.2747458,"NT,QLD",<p>... vicinity of Lake Nash (Breen 1980).</p><p>The general territorial association was to the drainage of the Georgina east from Headingley and Austral Downs to Yelvertoft. The associations extended north to include Camooweal. There is no information on the specifics of the associations (Harvey AILEC 802).</p>
L46,Nhirrpi,-26.95530463,140.8402469,SA,
W42,Northern Yingkarta,,,,"<p>At Carnarvon; on the lower Gascoyne River from Doorawarrah to the sea on the swampy distributaries of the river, south to near Grey Point, north only to the southern part of Boolathanna (Tindale 1974).</p>"
W44,Janadjina,-24.73553744,118.2674192,WA,"<p>From No9. Government well 30 miles south to Mundiwindi, to the east 19 miles to the rabbit proof fence, south-west to Yarlawalor, north west to Gascoyne and Ashburton Rivers, W.A. (von Brandenstein in Oates & Oates 1970:65)</p><p>Area about Milgun and Three Rivers Stations and Northwards (Oates 1975:76).</p>"
G20,Mayi-Yapi,-19.07564608,140.4472208,QLD,"<p>On Cloncurry River south to Canobie, north to Donor Hills, at Numbera (Cowan Downs); east to Flinders River and the Lower Saxby; west to upper Dismal Creek and Leichhardt-Alexandra Divide (Tindale 1974).</p>"
G18,Midjamba,,,QLD,<p>On Woolgar and Stawell rivers; north to Gregory Range and Gledswood; west to near Saxby Downs; east to Chudleigh Park; south to Cambridge Downs (Tindale 1974).</p>
W47,Yapurarra,-20.67151533,116.6867782,WA,
G22,Balgalu,,,QLD,"<p>Vicinity of Croydon. A tribe that was displaced very early by development of mining at Croydon ... (Tindale 166:1974). South west and in Gregory Ranges. South west of Georgetown (from LMW) (Capell: 1963: <a href=""/austlang/language/G2"">G2</a>).</p>"
W53,Wirlu,,,,
G26,Mingginda,-18.022513,139.5527314,QLD,"<p>Barkly (Barclay) River south of Burketown; east to Leichhardt River on grassed plains; south to Augustus Downs and to Gregory Downs; to coast only at mouth of Albert River (Tindale 1974).</p><p>... as in Tindale possibly extending further east and/or whole Cloncurry River basin as far north as the Dismal Creek junction (Breen 1981).</p><p>The general associations were to the lower Leichhardt downstream from Augustus Downs and to the Nicholson, downstream from its junction with the Gregory. Westward limit: Gin Arm Creek (lower Lilly Creek) was associated with Minkin. Associations were with Ganggalida (Yukulta) west of this. There are no specifics on the eastward or southward limits of Minkin affiliations (Harvey ASEDA 802). near present-day Burketown, on the southern coast of the Gulf of Carpentaria, in the area containing the headwaters of the Leichhardt and Albert Rivers (Evans 1990:173).</p>"
W54,Yinigudira,,,,"<p>North West Cape and its peninsula to a line between the bottom of Exmouth Gulf and Whaleback Hills. At Point Cloates. Coast-frequenting people, they ventured out to sea on rafts of sticks. They also lived among the mangroves that line the eastern shore of the gulf as far north as Glenroy (Tindale 1974).</p>"
W61,Mijarranypa,,,WA,
G27,Kalibamu,,,QLD,"<p>On the coast between Leichhardt River and Morning Inlet; inland to Wernadinga, Floraville, and Punchbowl. (Tindale 1974:173)</p>"
L48,Ngananhina,-26.33916333,140.960083,"SA,QLD",<p>1.Arrabury. 2. between Yawarrawarrka and Marrulha (i.e. east or northeast of Yawarrawarrka) (Breen 2004:2).</p>
W62,Marntartka,,,,
W63,Ngamangamara,,,WA,
L55,Wailpi,-30.94840196,138.5829907,SA,<p>... around Blinman (Hercus 2007 p.c.).</p>
S19,Yuyu,-34.09882318,140.9993276,NSW,"<p>Along Murray River covering Waikerie, Chowilla, west to Morgan, east to Lake Victoria, and south of Alawoona (Horgen's map 2004). On the Murray River above Paringa (Radcliffe-Brown 1918:247). Erawirung: On the eastern bank of Murray River from above Paringa to Loxton and about 15 miles (40 km.) farther south in sandy country, away from the river. On the western side of river from Rufus Creek west to near Overland Corner (Tindale 1974).</p>"
Y144,Ug Windjila,,,,
G31,Gkuthaarn,-17.36881657,141.1150622,QLD,"<p>Mouth of Norman River; at Karumba (the proper n.n. Kurumba); from Normanton west to Flinders River; north to the Swinburne River; inland to Milgarra, Maggieville, and Stirling (Tindale 1974).</p>"
L64,Parpagunu,,,,
Y145,Waigur,,,,
N37.1,Uwinymil,-13.31152048,131.7754804,NT,"<p>Middle Mary river south of Mt Bundey (Top End Handbook). on the McKinely and upper Mary rivers (Harvey MS 2551). There was little precise information on the affiliations of Uwinymil in 2007. The Mt Bundey hill area, including Mt Goyder were associated with Uwinymil, and this area was on the northern limits of Uwinymil associations. Uwinymil was associated with the Mary River drainage upstream from the Mt Bundey hill area. There is no information as to how far south affiliations extended. The southern boundary is extrapolated from the ecological zone change from mostly plain country (Uwinymil) to mostly hill country (Wulwulam) (Harvey ASEDA 802). Awinmul: From Brocks Creek to Edith River; on the head waters of the Mary and Fergusson rivers (Tindale 1974).</p>"
Y103,Kuku Kulunggur,-16.43240635,145.3437055,QLD,"<p>Speakers of the Kuku Yalanji language traditionally inhabited an area of over 2000 sq km extending from the Mossman River in the south to the Annan River in the north, bordered by the Pacific Ocean in the east and extending inland to presumably just west of Mt Mulgrave (Patz 2002:6).</p>"
N46,Oitbi,,,,<p>South coast of Cobourg Peninsula; Sir George Hope Islands. Schmidt's error in placing this tribe at West Alligator River on his map was corrected in an addendum (Tindale 1974).</p>
Y104,Kuku Wakura,-16.67006814,144.2164252,QLD,"<p>Speakers of the Kuku Yalanji language traditionally inhabited an area of over 2000 sq km extending from the Mossman River in the south to the Annan River in the north, bordered by the Pacific Ocean in the east and extending inland to presumably just west of Mt Mulgrave (Patz 2002:6).</p><p>Southern side of upper Mitchell River; east to Mount Mulligan; west to Wrotham Park and Blackdown (Tindale 1974).</p>"
G34,Yukulta / Ganggalidda,-17.34123181,138.7513171,QLD,"<p>Gulf country of north-west Queensland opposite the Wellesly Islands. Did not stretch as far south as the Nicholson River but went south-west as far as the start of the hilly country and south-east as far as a series of creeks and waterholes - Wild Horse Creek, Lily waterhole, Flying-fox waterhole and Tarpot Creek. Burketown was not Yukulta country but Minkin country. For the eastern boundary, some say that it went to the western banks of the Albert River and others say that it did not cross the Nicholson river (Keen 1972).</p><p>... from about Westmoreland, east along the coast to Burketown (Osborne PMS 1358). The general associations extended on the coast from Massacre Inlet to just west of Gin Arm Creek.</p><p>From the coast, they extended inland to the boundary with the Nicholson drainage. Eastward limits: Gin Arm Creek and lower Lily Creek were associated with Minkin. Westward limits: Westmoreland homestead was associated with Gunindirri. Just to the east of this, associations changed to Ganggalida. Hell's Gate was associated with Ganggalida (Harvey ASEDA 802).</p><p>From Burketown to Hann Creek and Massacre Inlet; on the coast west of Cliffdale Creek; inland nearly to Nicholson River; east to Albert River mouth from near Escott (Tindale 1974).</p>"
Y109,Kuku Djangun / Djungan,-17.10588502,144.9687918,QLD,"<p>Speakers of the Kuku Yalanji language traditionally inhabited an area of over 2000 sq km extending from the Mossman River in the south to the Annan River in the north, bordered by the Pacific Ocean in the east and extending inland to presumably just west of Mt Mulgrave (Patz 2002:6).</p>"
Y114,Gunggay,-16.96176375,145.9148146,QLD,<p>Cape Grafton peninsula (Dixon 1991:1).</p>
G38,Lardil,-16.56431398,139.4588913,QLD,"<p>The northern Wellesley Islands, extending south to include the northern half of Denham Island (Harvey AILEC 0802).</p><p>Mornington Island and the shore of Appel Channel on Denham Island (Tindale 1974).</p>"
Y111,Yirrgay,-16.94123227,145.7334269,QLD,
Y146,Walboram,,,,
N146,Marradhanggimirr,,,,
N49,Nambuguja,,,NT,<p>South west of Oenpelli Mission (Capell 1963).</p>
G39,Ogerliga,,,,"<p>Probably about Lotus Vale. Location uncertain (Capell 1963:<a href=""/austlang/language/G29"">G29</a>)</p>"
G3,Kunkalanya,-23.6376703,139.2879856,QLD,"<p>... at Mooraboola (present spelling Moorabula) (Blake and Breen 1971:11).</p><p>On the Georgina River north of Bedourie, from Moorabulla west to near Mulligan River; north on Sylvester Creek to about Talaera Springs (not identified)(Tindale 1974).</p>"
G42,Dhidhani,-20.47735321,138.262116,"NT,QLD","<p>Barkly Downs (Breen 2008 p.c.). The map in Breen (MS 111) shows it as a northern dialect of Bulanu (<a href=""/austlang/language/<a href=""/austlang/language/G12"">G12</a>.1""><a href=""/austlang/language/G12"">G12</a>.1</a>).</p>"
Y130,Biyay,-18.34798195,146.1694168,QLD,"<p>Hinchinbrook Island and Lucinda Point on the adjoining mainland. Those on Lucinda Point are usually called Biaigiri, and once may have been a separate tribal unit (Tindale 1974:165). on Hinchinbrook Island and the adjacent mainland (south from the present town of Cardwell), a country of mountainous jungle and flat mangrove swamps, also appear to have spoken a dialect referred to as Biyay (and to have been themselves called Biyaygiri) (Dixon 1981:3).</p>"
Y120,Njirma,,,,"<p>Near Ravenshoe, Q (Oates & Oates 1970:198).</p>"
G47,Jangrala,-17.85144584,138.682737,QLD,"<p>Eastern part of Nicholson River around Doomadgee Mission, Q. (Oates & Oates 1970:108, Capell 1963).</p>"
Y126,Gulngay,-17.96177304,145.8525333,QLD,
G43,Kapula,-22.13275818,138.5961317,QLD,<p>... at Carrandotta (Breen 1970)</p>
G49,Kok Narr,,,,"<p>The Nar language was spoken on the Staaten River, in the south-western part of the Cape York Peninsula. Its neighbours included Gogo-Bera on the north, the Kunjen dialects of the east and Gunggara and related dialects on the south (Breen 1976:243).</p>"
N107,Yalukal,,,,"<p>Naningura Point, northern most point of Elcho Island (Oates 1975:320).</p>"
N112,Marra,-15.04125841,135.4116298,NT,"<p>Roper River, up to circa Ngukurr, and from the Phelp River to the Limmen Bight River (Top End Handbook). Yugul Limmen River, north of the Allawa, to the coast, and west of the Anula (Basedow 1907:3). Tidal reaches of Roper River nearly to mouth of Hodgson River, south to Limmen Bight River; eastward to coast and Maria Island, north to Edward Island (Tindale 1974). The general associations were to the lower and middle Limmen Bight River. On the coast, affiliations included Maria Island and apparently Wuraliwuntya Creek. There was no precise information on the extent of inland affiliations in 2007. Marra affiliations on the Cox River extended from its junction with the Limmen Bight upstream for the portion of the Cox which runs east-west. When the Cox changes to run south-west & north-east, affiliations shift to Alawa. Nathan River homestead was associated with Marra. Marra affiliations extended towards Bauhinia Downs homestead (Harvey ASEDA 802).</p>"
Y46,Wik Adinda,-13.49280534,141.6108081,QLD,"<p>Coast from Archer River south for ca. 8 miles, Q (Oates & Oates 1970:199, Capell 1963).</p>"
K13,Nyulnyul,-17.02802875,122.7057293,WA,"<p>... around Beagle Bay (Stokes 1982:9).</p><p>The general associations were to Beagle Bay. The northern side of Pender Bay is associated with Bardi Placenames on the southern side of Pender Bay indicate that this too was associated with Bardi - thus ""Embalgun"" (Imbalgoon) is a Bardi name, not Nyulnyul (C. Bowern p.c. to Harvey AILEC 0802). With respect to Goodenough Bay, the available evidence concurs in associating this with Nimanburru and not with Nyulnyul. Inland limits were inferred in accordance with drainage basins. (Harvey AILEC 0802).</p><p>... in the vicinity of Beagle Bay, towards the tip of the Dampier Land peninsula in the far north-west of Western Australia (McGregor 2011:1).</p>"
G9.1,Guwa,-22.03693923,142.3193515,QLD,"<p>Headwaters of Diamantina north to Kynuna, and Hamilton Creek divide; west to Middleton Creek; east to Winton and Sesbania; south almost to Cork (Tindale 1974).</p>"
Y139,Gunggarbara,,,,
Y137,Bindaga,,,QLD,"<p>Plateau east central Cape York from Princess Charlotte Bay to Laura and the Divide, Q. </p>"
Y138,Ganganda,,,,"<p>Port Stewart, Princess Charlotte Bay and Cape Sidmouth area, Q (Oates & Oates 1970:207).</p>"
K16,Jawi,-16.4424157,123.2675777,WA,"<p>Sunday Island and archipelago; north to West Roe Island; west to Jackson Island; in modern times claim landing rights on the eastern coast of Dampier peninsula between Cunningham Point and Swan Point (Tindale 1974).</p><p>Sunday Island (Stokes 1984:9). The general associations were from Jackson Island to East Sunday Island (Harvey AILEC 0802).</p><p>... spoken on Sunday Island and the islands further east and north...Jawi, as noted above, was the language of the Islanders, especially Sunday Island (Iwany) and the Mayala Islands to the east and north-east. (Bowern 2008:61).</p>"
Y151,Jirribarra Mamu,-17.61227117,146.0514407,QLD,
K1,Yawuru,-17.94389329,122.6253004,WA,"<p>... south of Broome, as far as Thangoo (Stokes 1984:9).</p><p>The general associations of Yawuru were from Willie Creek south to Cape Villaret. They extended inland to include the drainages into Roebuck Bay. According to Paddy Roe (p.c. in 1986), the northern boundary of the Jukun country is Willie Creek, north of Cable Beach; form there up to Quandon Point is Ngumbarl country. Eastern shore of Roebuck Bay south to within 5 miles of (8km) of Cape Villaret, inland nearly to Dampier Downs, n.n. [Mandikarakapo]. Their southern boundary with the Karadjari is marked by transition from open saltmarsh plain to the dense pindan scrub and heavy sand of the Karadjari country. Inland limits were inferred in accordance with drainage basins (Harvey AILEC 0802).</p><p>Yawuru or Badjabug, around Broome and western shore of Roebuck Bay, Nalen Nalena, at the south-western end of Dampier Land. Jukun - between Willy Creek, Wergenmere, and Cape Huygens (Djabaragon), the northern entrance of Roebuck Bay (Nalen Nalena), formerly in Broome itself (Nekes and Worms as cited in Harvey AILEC 0802).</p><p>The traditional territory of Yawuru-speaking Aborigines is located to the south, east and north-west of Broome ... This includes the so-called Jukun area ... The Julbayi dialect ... was originally spoken in the coastal savannah area between the Mararr sandhill west of the present Thangoo homestead and Jibari sandhill (so-called ""Yardoogarra Point"") near Giblara, or Cape Villaret. ... The traditional residents of teh Broome are proper (around the township, Cable Beach, Gantheaume Point, Fisherman's Bend adn the north-west of Roebuck Plains) wer Minyjirr .. or ""Big Yawuru"", whose language is usually referred to as Jukun (Hosokawa as cited in Harvey AILEC 0802).</p>"
Y155,Coonambella,-19.26511928,146.8178661,QLD,<p>Townsville area (Price 1985).</p>
N139,Gälpu,,,NT,<p>North-west side of Caledon Bay known as Garulwuy (Oates 1975:316). (Dhangu)</p>
Y156,Marrett River language,-14.39361979,144.1741964,QLD,<p>The Marrett River runs into Princess Charlotte Bay (North Queensland).</p>
Y157,Mbarmburmu,,,QLD,<p>Cape Melville (inland?) area (Oates 1975).</p>
K23,Andedja,-17.34859646,126.1280783,WA,"<p>... country a fair way to the north-east of Andajin (Saunders 2007 p.c.) Wyndham Reserve (Glasgow, Hocking & Steiner, PMS 656)</p><p>Forrest River district (Elkin 1933).</p>"
K28,Arawari,,,,<p>The Arawodi tribe on the King River has similar spirit gra. (Elkin 1933:473).</p>
N144,Bilamandyi,,,NT,<p>(Ritharrngu)</p>
K31,Wenambal,,,,"<p>Forrest River, WA (Oates & Oates 1970:46).</p>"
N53,Mengerrdji,-12.35097462,133.0237759,NT,"<p>Oenpelli (Harvey 1992, Thieberger 1993).</p><p>... the country to the north of, and including, the present-day community of Oenpelli (Birch 2006:3).</p>"
Y163,Kuku Yalaja,-16.12092947,144.543199,QLD,"<p>Speakers of the Kuku Yalanji language traditionally inhabited an area of over 2000 sq km extending from the Mossman River in the south to the Annan River in the north, bordered by the Pacific Ocean in the east and extending inland to presumably just west of Mt Mulgrave (Patz 2002:6).</p>"
Y16,Ngadhugudi,-12.07837678,142.348612,QLD,"<p>On the northern side of the Dulhuntly River were the Athokurra, whose territory touched that of the ?gammatti (Thomson 1934: 219). South side of Upper Ducie River (Capell, 1963).</p>"
Y169,Kuuku I'yu,-12.18816081,142.8796712,QLD,"<p>Olive River to Uu'ungun and inland to Mitjingun (Thompson 1988:2).</p><p>In the 1970s, two old women told me the dialect was located in the coastal region between Kuuku Ya'u and Wuthathi, just south of the Olive River (David Thompson 2007 p.c.).</p>"
K35,Wilawila,-15.0779801,127.0231169,WA,<p>On Carson and middle Drysdale rivers from near Mount Connelly south to lower Gibb and Durack rivers; an inland tribe (Tindale 1974).</p>
W6,Bindjareb / Pinjarup,-32.89836213,115.9165791,WA,<p>Pinjarra to Harvey and Leschenault Inlet; lower reaches of Murray River (Tindale 1974).</p>
N149.1,Balamumu,,,NT,"<p>Melville Bay and sorrounds, NT (Oates & Oates 1970:221).</p>"
Y172,Wik Iyanh,-14.42989537,141.9374704,QLD,"<p>Kugu Nganhcara: between Kendall River and Moonkan Creek. Today, it is spoken chiefly at Edward River and Aurukun (Smith & Johnson 2000).</p><p>Smith and Johnson (2000) say that Wik Iyanh estates predominate in the inland region.</p><p>Between Kendall River and Christmas Creek according to Sutton's map (1978).</p>"
Y174,Kugu Mangk,,,QLD,
N12,Matngala,-13.78862133,130.4336463,NT,"<p>Hermit Hill area on the other side of the south side of the river (Stanner 1933 as quoted in Tryon 1974).</p><p>The general association was to the drainage of Doon Creek on high country. The southern limit of affiliations extended to approximately the eastern edge of the Docherty Hills and Quartz Knob. In the north-east, affiliations extended to Fish Billabong. The Dilk Range was affiliated with Matngele (Harvey AILEC 0802).</p><p>Its traditional association was to the drainage of Doon Creek on high country, and also the Dilke Range. The southern limit of affiliations extended to approximately the eastern edge of the Docherty Hills and Quartz Knob. In the north-east, affiliations extended to Fish Billabong (Harvey, AILEC 0802).</p><p>The term Matngala can be used to refer to the land, the language and the people traditionally associated with the land centred around Hermit Hill and Mount Green. This country is south of the middle reaches of the Daly River and directly west of the Nauiyu community. Matngala country is bordered by MalakMalak country to the north, east and south, in the west it borders Maranunggu country (Yingguny et al, 2001:7)</p>"
N116.U,Narrkala,,,,
Y180,Nhawalgaba,-19.23526771,146.7890513,QLD,<p>Townsville people (Sutton PMS 5543).</p>
Y225,Wik Totjan,,,,
Y185,Awngthim,-12.71153742,141.8212879,QLD,"<p>East of the Anguthimri, on the northern side of the Mission River were the various Awngthim-speaking groups (Crowley 1981:149).</p>"
K40,Gingara,,,,"<p>Extreme north of Kimberley Division (Capell 1963: <a href=""/austlang/language/K7"">K7</a>).</p>"
Y226,Wudjar,,,,
K42,Wirngir,,,,"<p>Malambuna, the corner of land north of the lower Lyne River (Elkin 1933:80).</p>"
N57,Jawoyn,-13.89730041,133.0384608,NT,"<p>Jawoyn-language clans such as Pertpert, Polmo and others appear to have ranged and perhaps been affiliated to country high up on the Katherine River in present-day Arnhem Land. However, research has shown the far northern Jawoyn area to be less well known to Pine Creek and Katherine-resident Jawoyn people than are lower parts of the Katherine catchment (Merlan & Jacq 2005:3).</p><p>... while the area around the upper Ferguson river was apparently associated with the Ngarlahmi dialect of Jawoyn, the area immediately to the south of Pine Creek on the Cullen and mid-Ferguson was associated with the Dagoman-speaking Gayn-jiwortbort clan. Wulwulam appears to have bordered diecretly onto Jawoyn in the west. The upper Mary River above Moine appears to be associated with the Jawoyn language (Harvey 2003:297 - information provided by Merlan).</p><p>The general associations were to the southern half of the Arnhemland plateau and adjacent, with the exception that in the south-west, the edge of the plateau and adjacent areas were associated with Dagoman. There was little precise information on the limits of Jawoyn affiliations in 2007. In the east, Mainoru homestead and the Mainoru River upstream of the homestead were associated with Jawoyn. It is not certain how far downstream of the homestead Jawoyn affiliations extended. In the north-east, boundaries are extrapolated from drainage basin boundaries. The Wilton and Mann River drainages in the plateau were generally associated with Dalabon. The East Alligator and Deaf Adder Creek drainages were generally associated with Bininj Gunwok. However, it is possible that the headwaters of some or all of these drainages were associated with Jawoyn. In the north-west, Jawoyn associations appear to have extended to approximately the level of Mt Partridge. Goodparla homestead was associated with Jawoyn. In the west there is no definite information. The upper Mary River was affiliated with Jawoyn. Mary River homestead may have been associated with Jawoyn. In the south-west, the first Katherine Gorge was associated with Dagoman, but most of Seventeen Mile Creek appears to have been associated with Jawoyn. The headwaters of King River, including King River homestead, appear to have been associated with Jawoyn. Leech Lagoon was associated with Dagoman, and the King River from at least level with Leech Lagoon was associated with Dagoman. In the south, Maranboy, Barunga, and Beswick all appear to have been associated with Jawoyn. The name of Easter Billabong at the junction of the Roper River and Maranboy Creek is Biruhmi (h = glottal stop). The glottal stop is found only in Jawoyn, and as such this is a Jawoyn name. It appears to be the southern limit of Jawoyn associations (Harvey AILEC 802).</p><p>Katherine River and headwaters; south to Maran-boy; west to about Katherine (Tindale 1974).</p>"
Y134,Warrgamay,-18.43750867,145.7979359,QLD,"<p>... along the lower reaches of the Herbert River  -  from just west of the present town of Ingham, through Hawkins Creek, Long Pocket, Herbert Vale and Niagara Vale to Yamanic Creek and the Herbert Gorge (Dixon 1981:2)</p>"
N6,Menthe,-13.63766777,129.9206731,NT,"<p>North of Daly River Mission near source of Reynolds River (Oates 1975:38). on the coast at Anson Bay on the south side of the river (Tryon 1974). On the Bonaparte Gulf coast from Red Cliff south to beyond Cape Scott; inland for about 10 miles (15 km.) to the inner margin of the coastal swamps; 7 on NW map (Tindale 1974).</p><p>Menthe country lies on the southern shores of Anson Bay, extending from the Cliff Head region down towards the Dashwood Plains. Menthe has two identified sister dialects: Emmi, on the coast to its north; and Merranunggu, inland to the east. The Brinkin dialects Marri Ammu and Marrithiyel lie to Menthe’s south and south-east respectively. Menthe descendants are today based primarily at Belyuen, but no speakers of the language remain (Green & Nordlinger viewed November 2020).</p>"
Y193,Uyungkuthi,-12.08356412,142.6556984,QLD,<p>in the region of Bramwell Station and McDonald (Thompson PMS 1825).</p>
N151,Anindilyakwa,-13.9310889,136.5853882,NT,"<p>NT Groote Eylandt and Amakalyuwakba (Bickerton Island) in the Northern Territory (van Egmond, 2012:9)</p>"
Y230,Muragan,,,,<p>Middle reaches of Mitchell River and northward to Alice River; on New Koolatah Station (Tindale 1974).</p>
K46,Manungu,,,,"<p>Forrest River, WA (Oates & Oates 1970:46).</p>"
Y198,Ogh Ikarranggal,-14.63339861,143.9418823,QLD,"<p>Headwaters of Morehead & Crosbie Rivers to Musgrave (Oates 1975). on the Fifteen Mile River, a tributary of the upper Saltwater River drainage (Rigsby 2007 p.c.).</p><p>... south bank of the upper Palmer River, west (downstream of) Cannibal and Granite Creeks (Sommer in Alpher 2016:42).</p>"
K48,Julbayi,-18.19674378,122.5361115,WA,"<p>Southern coastal dialect of Yawuru (Hosokawa 1991).</p><p>... in the coastal savanna area between the Mararr sandhill west of the present Thangoo homestead and Jibari sandhill (so-called ""Yardoogarra Point"") near Giblara or Cape Villaret (<a href=""/austlang/language/S18"">S18</a> 10'-20', E122 04'20') (Hosokawa 1994: 497).</p>"
Y1,Kala Lagaw Ya,-10.11184745,142.1928892,TSI,"<p>Kala Lagaw Ya is located on the Western and Central islands of Zenadth Kes (Torres Strait) and the Australian mainland. This includes the islands of Saibai, Boigu, Dauan, Mabuiag and Badu, and on the mainland in Seisia and Bamaga (Round &amp; Stirling 2015:253; Torres Strait Traditional Language Centre 2026).</p><p>Neighbouring languages include Torres Strait Creole <a href=""P2"" rel=""noopener noreferrer"">P2</a>, Waru lag <a href=""Y227"" rel=""noopener noreferrer"">Y227</a> to the northwest, Meriam Mir <a href=""Y3"" rel=""noopener noreferrer"">Y3</a> to the east, and Mabuyag <a href=""Y239"" rel=""noopener noreferrer"">Y239</a>, Kalaw Kawaw Ya <a href=""Y2"" rel=""noopener noreferrer"">Y2</a>, Kulkalgaw Ya <a href=""Y4"" rel=""noopener noreferrer"">Y4</a> and Kawalgaw Ya <a href=""Y5"" rel=""noopener noreferrer"">Y5</a> to the west.</p>"
Y200,Kuuk Yak,-14.87718352,141.7315653,QLD,
K50,Doolboong,-15.03641569,128.4571656,WA,"<p>... on the coast of Cambridge gulf (McGregor 2004). Coastal mangrove flats and springs north and west of Ninbing Station from Wyndham east to mouth of Keep River in the Northern Territory (Tindale 1974). ... it is preferable to interpret Tindale's description of Dulngarri affiliations as extending to the 'mouth of Keep River', as referring to both sides of the mouth of Keep River, and that Dulngarri associations in fact extended to the western side of the mouth of the Victoria (Harvey ASEDA 802).</p>"
Y203,Koko Babangk,-15.81580944,141.4834198,QLD,"<p>Koko-Bera is actually only one of three named dialects formally spoken throughout much of an area lying within some 30 km of the Gulf of Carpentaria coast between the South Mitchell and Nassau River; (Koko-Bera was a relatively central dialect spoken along Topsy Creek. The other two dialects were Kok-Wap, to the northeast, and Kok-Peponk, to the south (Black MS 1175:19).</p>"
Y148,Wulbudjibur,,,,<p>None.</p>
Y205,Ndwa'ngith,,,QLD,
K51,Wawarl,-18.27033506,127.8501016,WA,"<p>... including Old Hall's Creek and Ruby Plains dialects (Tsunoda 1981:3).</p><p>... originally spoken around Lamboo Station, Ruby Plains and Old Halls Creek (Blythe & Wightman 2003: 70).</p>"
K54,Marangan,-17.9700937,122.9971836,WA,<p>Eastern inland dialect of Yawuru (Hosokawa 1991).</p>
Y209,Kok Wap,-15.39514198,141.7235417,QLD,"<p>Koko-Bera is actually only one of three named dialects formally spoken throughout much of an area lying within some 30 km of the Gulf of Carpentaria coast between the South Mitchell and Nassau Riverl; (Koko-Bera was a relatively central dialect spoken along Topsy Creek. The other two dialects were Kok-Wap, to the northeast, and Kok-Peponk, to the south (Black 1978:19).</p>"
N71,Kundjeyhmi,-12.92586056,132.8745604,NT,"<p>Kakadu region in such communities as Patonga Airstrip, Nourlangie camp (An-larrh), Spring Peak (Ngurrkdu) and Deaf Adder Gorge (Korlonjdjorr) as well as the townhip of Jabiru (Evans 2003: 14).</p>"
Y160,Guluy,-16.9352372,145.4465643,QLD,<p>Nothing in AUSTLANG</p>
Y213,Ungan,,,QLD,
K9,Nimanburru,-17.26473981,123.1341581,WA,"<p>Coast of King Sound from Repulse Point south to include swamp plain at mouth of Fraser River; inland to its sources (Tindale 1974).</p><p>... around Mount Clarkson and Disaster Bay (Stokes 1984:9).</p><p>The general associations were from Point Cunningham Peninsula to the divide between the Fraser and Logue Rivers. Northward limit: The southern side of the Point Cunningham Peninsula. Tindale does not include Goodenough Bay within Nimanburru country, instead assigning it to Nyulnyul. However, the materials from Nekes & Worms, and Bowern indicate that Goodenough Bay was associated with Nimanburru. In Mary Durack 'The rock and the sand' (1969:32), in the discussion of the first missionary work in the 1880s, there is the following statement ""From the beginning of their association he and his boy Knife had been working together on a dictionary of the Bard tribe. The Nimanboor people of Goodenough Bay, however ... spoke a different tongue."" Southward limit: Nyikina speakers reported Logue River as Nyikina. Nyikina speakers reported Nilli Bubbuca Well and Bulleura OC as the northernmost points of Nyikina country. Nyikina speakers reported Mt Clarkson as Nimanburru. Therefore sources in 2007 and older sources agree that the southern boundary of Nimanburru with Nyikina lay along the drainage divide between the Fraser River drainage - Nimanburru, and the Logue River drainage - Nyikina (Harvey AILEC 0802).</p>"
N131,Warramiri,,,NT,<p>(Djangu)</p>
Y217,Koko-koko,,,,
L11,Pirlatapa,-29.83938464,140.1004248,SA,"<p>Northeast of northern Flinders Ranges; north of Lake Frome; east to Callabonna and almost to Tilcha; northwest to Lake Blanche and Blanchewater; south to Wooltana and Hamilton Creek (Tindale 1974) Callabonna, Quinyambie Station and Through to Lake Elder, Congie Bore and Cooney Bore (according to George Dutton in Beckett 1958 as quoted by Hercus and Austin, in Bowern & Koch 2004:210).</p>"
Y223,Kokoberrin,,,,"<p>The Kokoberrin are the people of the Inkerman Station area, between and a bit beyond the Nassau and Staaten Rivers. Today, they are mainly found in Kowanyama and Normanton and some other North Queensland communities (Voice of the Land 2004 Vol.7 6-7).</p>"
L14,Dhirari,-28.59828909,137.7748382,SA,"<p>... immediately to the west of the Diyari, around the eastern shore of Lake Eyre (Austin 1981).</p><p>Eastern shore of Lake Eyre from Muloorina north to Warburton River; east to Killalapaninna; a small tribe now extinct (Tindale 1974).</p>"
Y221,Di:ru,,,,
Y22,Kuuku Ya'u,-12.5417412,143.033874,QLD,<p>Uu'ungun south to Claudie River and hinterland (Thompson 1988:2).</p>
L15,Karenggapa,-29.17570723,142.66888,"NSW,QLD","<p>Mount Bygrave and Woodbum Lake, Qld.; Tiboo-burra, N.S.W.; at Yalpunga and Connulpie Downs; on the Bulloo River about Bulloo Lakes; southwest to near Milpa-rinka; east to Therloo Downs (Tindale 1974).</p>"
N133,Wurunggugu,,,,
L19,Dhiraila,-28.01441455,142.2386919,QLD,<p>South from Nockatunga and Noccundra to Grey Range; on Dingera Creek; west to Bransby and lower Warrywarry Creek (Tindale 1974).</p>
Y235,Dulgubarra Mamu,,,,
Y68,Baraban,,,,
N73,Rembarrnga,-13.23102855,134.4541081,NT,"<p>The traditional territory of the Rembarnga people is located in an area between the Cadell River and the edge of the escarpment country beginning just east of Guyuyu Creek and the Blyth River. This territory reached northwards down the Blyth River to the extreme upper limits of tidal influence, and reached southwards as far as the source of Guyuyu Creek, which the Rembarnga people call in English 'Blyth River' (McKay 1975:1).</p><p>Headwaters of Mann, Cadell, Wilton, and Blyth rivers, extending south to an inhospitable and arid plateau seasonally very short of water (Tindale 1974).</p><p>There was no precise information on the limits of Rembarrnga associations in 2007. The general associations were to the middle and upper Blyth River drainage, but not including any of the headwaters in the plateau country, and to the upper Goyder, most probably including and above the junction of Annie Creek and the Goyder (Harvey AILEC 802).</p>"
L26,Punthamara,-27.34291427,143.5024351,QLD,<p>On creeks running east of Grey Range from Orient and Thargomindah north to near Quilpie; at Tobermory; on the west side of Grey Range only to Mount Margaret and Congie (Tindale 1974).</p>
L22,Ngamini,-26.9437721,138.9611802,SA,<p>South side of Goyder Lagoon; on the Warburton River and Lakes Howitt and Berlino; north to Pandipandi and the southern vicinity of Birdsville and Miranda (Tindale 1974) (Northern part of this area is assigned to Yarluyandi on Bowern's (2001) map.)</p>
L24,Ngurawala,,,,<p>At Arrabury and Durham Downs and the southwestern vicinity; west to Coongie Lakes; south to Lake Marra-koonamooka (Tindale 1974).</p>
Y24,Thaynakwith,-12.55815284,141.9324279,QLD,<p>North side of Albatross Bay (Tindale 1974).</p><p>... the Mangrove area north of the Mission River (Crowley 1981:149).</p>
N137,Manggalili,,,NT,<p>(Dhuwala)</p>
Y162,Nyagali,-16.54825168,145.4523234,QLD,
L33,Marula,-25.35589258,141.6236496,QLD,<p>At Lake Barrolka; south to Lake Yamma Yamma; west to Beal Range; northeast toward Opalville and Cooper Creek; eastern boundary uncertain (Tindale 1974).</p>
L37,Gulumali,,,,<p>Near and east of Windorah chiefly on Kyabra Creek (Tindale 1974). ... an area between the Cheviot Range and Kyabra Creek (Oates 1975:173).</p>
Y30,Ladamngid,-12.88308807,141.8329821,QLD,<p>West bank of Hay River (Tindale 1974).</p>
K70,Dayiba,,,WA,"<p>Kulumburu region, northern Western Australia.</p>"
Y31,Mamangathi,-12.55515981,141.9866216,QLD,<p>Urquhart Point (Crowley 1981:149).</p><p>South side of Albatross Bay (Tindale 1974).</p>
A124,Cundeelee Wangka,,,WA,<p>Cundeelee Wangka is a language from the eastern Goldfields region in Western Australia. It was spoken in and around Cundeelee Mission east of Kalgoorlie.</p>
L38,Kungkari,-24.53831202,144.2751922,QLD,"<p>... lower Barcoo and Thomson rivers, as in Tindale (Breen 1990:22).</p><p>On Thomson and Cooper (Barcoo) rivers west to Jundah; north to Westland and near Longreach; east to Avington, Blackall, and Terrick Terrick; south on the western flank of the Grey Range to Cheviot Range, Powell Creek, and Welford (Tindale 1974).</p>"
Y36,Ngkoth,-12.82760222,142.0521322,QLD,<p>Between Embley and Hey Rivers south to their junction (Oates 1975:272). South side of Embley River (Tindale 1974).</p>
Y34,Arraythinngith,-12.95184098,141.9332017,QLD,<p>Upper Hay River and across to Pera Head (Tindale 1974).</p>
Y170,Kuuku Yani,-13.92162847,143.4314962,QLD,"<p>Massy Creek (Thompson 1988:2).</p><p>Countries on the coast both north and south of the Stewart River. West (1964:1) wrote, ""In the Massie [sic] Valley Kuku-Yin, was spoken', and in 1972 Matty Young gave me the same relative location of Kuuku Yini just south of Umpila. Billy Clarmont told David Thompson (pers.comm.) in 1976 that Kuuku Yani was found in two coastal locations: one north of Breakfast Creek extending through the Massey up to Cape Sidmouth (where Umpila proper begins), the other one south of the Stewart (near Letterbox Creek). Note that another clan owned countries at Three Mile /Lagoon and a long Rocky Creek, south of the Stewart, but he calls its language Umpila (Rigsby 2005:358).</p>"
A92,Tjapanmay,-30.96389272,117.0541107,WA,<p>... spoken around New Norcia and to the north-east. the New Norcia-Goomalling area (Douglas 1968:3).</p>
Y38,Yanganyu,,,,<p>... approx. Claudie River south to cape Sidmouth and hinterland (Thompson 1988).</p>
A93,Nhanhagardi,-29.21759681,115.2749592,WA,"<p>Around Mingenew (Douglas 1968:3). ... near Carnamah and Gullewa (Blevins 2001:5). Traditionally of Champion Bay - extending south to Hill River (which includes Mingenew), inland to near Mullewa and north to the southern side of Bowes River (Vaso Elefsiniotis p.c. 2008).</p>"
Y41,Mbiywom,-12.96826008,142.1704056,QLD,<p>... on the middle and upper Watson River and more recently on Myall Cree. Yourk Downs and Merluna cattle stations are regarded by informants as being in Mbiywom country (Hale 1964).</p><p>Upper Watson River; at Merluna (Tindale 1974).</p>
Y42,Andjingith,,,,"<p>North bank at the mouth of Watson River (Oates 1975:278).</p><p>... on the lower Ward River and at Ikeleth (Sutton 1995:135).</p><p>The Andyingit (Anyjinngith) undoubtedly bordered the Wik-Ompom in the south-west; to the south by the Wik-Mungkana; and to the east by the Kandyu (Kaanychu) (von Sturmer 1978:573).</p><p>... right to the mouth of the Archer River and occupy an island in the entrance (McConnel 1930-31:98).</p><p>... southwards to the Archer River, where they come in contact with the Wikmunkan at Aurukun Mission, and occupied [...] the inland sides of the Ward River, which runs parallel to the coast along the north shore and empties itself into the Archer. The territory of the Andyi?it included also Wallaby Island in the mouth of the Archer River. (McConnel 1939-40:62).</p>"
Y43,Kugu Muminh,-14.42062789,141.6509863,QLD,"<p>Coastal area south of mouth of Holroyd River (Oates 1975:274). Kugu Nganhcara: between Kendall River and Moonkan Creek. Today, it is spoken chiefly at Edward River and Aurukun (Smith & Johnson 2000).</p>"
Y18,Ulwawadjana,,,,"<p>... on the headwaters of the Macmillan River, that runs into Temple Bay on the east coast (McConnell 1939-40: 57). South-west of Shellbourne Bay, inland, Q. (Oates & Oates 1970:197, Capell 1963).</p>"
L45,Parlpamardramardra,-27.51328333,141.2440087,QLD,"<p>Breen's informant gives three different locations: 1. between Innamincka and Nappa Merrie; 2. there was a boundary between Parlpamaramardra and Parlpakurnu at Baryulah; 3. Lake Pure and Tookabarnoo Waterhole were in Parlpamardramardra country, the former is north of Nappa Merrie and well inside Ngurawola country as delineated by Tindale, and the latter is on the Wilson River south of Baryulah and seems more likely to be in Wangkumara country (Breen 2004:2).</p>"
N78,Mangarrayi,-14.89124659,133.6191545,NT,<p>The general association was to Roper River drainage between Salt Creek and Duck Ponds. In the south Mangarrayi associations extended to Bayward Lagoon on the Strangeways River. They did not extend south of this place (Harvey ASEDA 802).</p>
L49,Marunuda,-24.93803946,139.5024115,QLD,"<p>Mitaka: From Durrie north to Glengyle; east to near Monkira; about Lake Machattie, west to Kalidawarry (Tindale 1974).</p>"
N145,Djapu,,,NT,"<p>Gyoder River in the west to the Gulf of Carpentaria in the east, and from the Wessel Islands in the north to Blue Mud Bay (Morphy 1983:3).</p>"
Y51,Wik Ngatharr,-13.75387196,141.6079342,QLD,<p>From the Knox River to Love River along coast and inland to Kencherang (Sutton 1995:iii).</p>
L51,Mikiri-nganha,-25.73018833,137.1438555,"SA,NT",<p>Simpson desert (Hercus 1994:7).</p>
Y55,Morrobolam,-14.25190712,143.5349596,QLD,"<p>Originally spoken in the Princess Charlotte Bay region of the eastern coast of Cape York (Ogilvie 1994:1). ... the focal area is around Repmana or Dinner Hole, a lagoon that transects the sand ridges about 10 kmwest of the North Kennedy mouth. One of the clans, the Morrobolam, owns several non-contiguous countries inland and one the coast, including the Cliff Islands just offshore (Rigsby 1992:356). Running Creek (probably Balclutha Creek) (Thompson PMS 1825). Contemporary location: Umagico and Coen (Ogilvie in Encyclopedia of Language & Linguistics 2006 Elsiever vol 8:340). Verstraete reports there are no speakers at Umagico; this was the place where people were forcibly resettled in the 1960s. There were some people there into the 1990s (2018 p.c.).</p>"
L52,Wangkakupa,-28.91430688,136.1604381,SA,<p>Anna Creek (Hercus 1994:6)</p>
N149,Dhiyakuy,,,,
L53,Piltapalta,-27.72217266,136.025876,SA,"<p>... the northern part of the Arabana country, south of the Macumba, and at Mount Dutton and Peake (Hercus 1994: 6).</p>"
Y5,Kawalgaw Ya,-10.64328526,142.2142855,TSI,"<p>Kawalgaw Ya is located on the islands of Kubin, Kaiwalagal, Muralag, Nurupai, Giralag, Waiben, Keriri, Maurura and Moa in Zenadth Kes (Torres Strait)(Torres Strait Traditional Language Centre 2026).</p><p>Neighbouring languages include Torres Strait Creole <a href=""P2"" rel=""noopener noreferrer"">P2</a>, Waru lag <a href=""Y227"" rel=""noopener noreferrer"">Y227</a> to the northeast, Kalaw Kawaw Ya <a href=""Y2"" rel=""noopener noreferrer"">Y2</a> and Mabuyag <a href=""Y239"" rel=""noopener noreferrer"">Y239</a> to the north, and Meriam Mir <a href=""Y3"" rel=""noopener noreferrer"">Y3</a> to the northeast.</p>"
Y192,Andooyomo,-10.93801398,142.6072785,QLD,<p>Occupied the country around the mouths of the Kennedy and Escape Rivers. Newcastle Bay (Shanahan 1897:44).</p>
L56,Yarrumada,-25.97429989,143.8487024,QLD,<p>... on Conbar Station on the upper Wilson River (Myles in Curr 1886).</p><p>Mt. Margaret (Oates & Oates 1970:122).</p>
Y194,Utyangikwathiya,-11.89222579,142.4721105,QLD,"<p>... along the course of the upper Dulhunty and Ducie Rivers, and inland presumably as far as the Richardson Range (Crowley 1983:310).</p>"
N157,Ngan'gi,-14.2283974,130.3642618,NT,"<p>The general associations were to the escarpment and adjacent plain country on the northern side of Wingate Plateau from Allia Creek to the junction of the Moyle River and Tom Turner's Creek. Associations extended 10-20km onto the plains from the escarpment. In the west, upper Chalunyi Creek was associated with Ngan'gityemerri. Lower Chalunyi Creek was associated with Marringarr (Harvey ASEDA 802). [Daly River region of Northern Territory] in the communities of Nauiyu, Peppimenarti, Wudigapildhiyerr, and in a small number of smaller outstations on traditional lands, such as Nganambala and Merrepen.</p>"
Y47,Wik Paach,-13.34556703,141.6732686,QLD,"<p>Mangrove Islands of Archer River Delta, Q (Abodja <a href=""/austlang/language/Y1"">Y1</a>, Capell 1963; Oates & Oates 1970:199).</p><p>A small tribe centered on the mangrove islands of Archer River delta (Tindale 1974).</p>"
L6,Barngarla,-32.6883657,136.8100904,SA,"<p>East side of Lake Torrens south of Edeowie and west of Hookina and Port Augusta; west of Lake Torrens to Island Lagoon and Yardea; at Woorakimba, Hesso, Yudnapinna, Gawler Ranges; south to Kimba, Darke Peak, Cleve, and Franklin Harbour (Tindale 1974). Port Lincoln, to the north beyond Franklin Harbour and the interior (Schurmann 1987:152-3 as quoted in Hercus and Simpson 2001:264).</p>"
L70,Southern Dhirari,,,,<p>Muloorina (Austin 1981:4).</p>
N153,Yanyuwa,-15.80208107,136.8078611,NT,"<p>McArthur River up to the point where it is still influenced by the tides, the delta system of this river, and the lower reaches of the Wearyan River and Sir Edward Pellew Islands (Bradley 1992:19).</p><p>... unlike the maps that exist presently, that Yanyuwa does not and never did extend to the Queensland border, it furtherest extension east would be just to the other side of the Robinson River mouth (Bradley 2007 p.c.).</p><p>McArthur River district, from about Borroloola to the coast, as well as the Pellew Islands at the river mouth (Basedow 1907:3).</p><p>The Vanderlin islands. The coast for approximately 10kms inland from Bing Bong homestead to Lamalooma Yard/Murrenginya Island which was the changeover zone to Garrwa (Harvey AILEC 0802). Their traditional territory was the coastal strip from the Limmen River to an area opposite the Sir Edward Pellew Islands and including the islands (Kirton & Charlie, 1996:1).</p>"
L8,Malyangapa,-30.55622095,141.5672758,NSW,"<p>Maljangapa: Milparinka, N.S.W., and head of Yancannie Creek; east to beyond Mount Arrowsmith, south to about Mootwin-gee and Sturt Meadow (Tindale 1974).</p>"
N159,Murrinhdiminin,-14.40514018,129.8169491,NT,"<p>The coastal associations of Murriny-Patha extended from Tree Point to the mouth of the Victoria. Between Tree Point and the mouth of the Fitzmaurice, associations extended inland to the drainage basin limits. On the Fitzmaurice, Madjellindi Valley and Alligator Creek drainage were associated with Murriny-Patha. There is no precise evidence as to the limits of Murriny-Patha associations on the Fitzmaurice. However, the available evidence, collected 1996-2004, indicated that Murriny-Patha associations extended to the Yambarran Range and included the Laurie Creek drainage. There is no precise evidence as to how far upstream Murriny-Patha associations extended on the northern side of the Victoria. The major ecological zone change is in the Yabby Creek area. Language zone changes are generally associated with ecological zone changes. This suggests that the change from Murriny-Patha to Jaminjung was in the Yabby Creek area (Harvey ASEDA 802). Port Keats; east to the Macadam Range and south to Keyling Inlet at the mouth of Fitzmaurice River (native name Kemol); a coastal tribe with eight hordes extending inland for about 20 miles (30 km) (Tindale). Wadeye community (previously Port Keats) (Blythe 2009:29-30).</p>"
Y7,Angkamuthi,-11.31446324,142.2941582,QLD,"<p>Angkamuthi occupies a very narrow coastal strip from Port Musgrave in the south to just beyond the Jardine River in the north (Crowley 1980:242).</p><p>In the region referred to locally as the 'Seven Rivers' area (the seven rivers being the Jardine, MacDonald, Skardon, Doughboy, Ducie and Jackson Rivers, and Crystal Creek), which constitutes the very narrow coatal stretch from the northern side of Port Musgrave as far as the Doughboy River, and also the inland area of Crystal Creek and the middle Jardine River (Crowley 1983:310).</p><p>?gammatti, a tribe occuping a very large tract of country extending from Port Musgrave to a little north of Vrilya Point. (Thomson 1934: 219).</p>"
N101,Liyagawumirr,,,NT,<p>(Dhuwal)</p>
N163,Magati Ke,-14.08764363,129.715299,NT,"<p>A coastal strip on the north side of Port Keats including Tree Point; inland for 20 miles (30 km.) on south side of Moyle River swamplands (Tindale 1974). The general association was to the coast from Tree Point to the mouth of the Moyle and about 10-15kms inland (Harvey AILEC 802).</p><p>Magati Ke country lies on the coast, to the south of the mouth of the Moyle River. Its sister dialect, Marri Ngarr, is up river to its immediate east. On the other side of the Moyle, to the north, is the Brinkin dialect Marri Tjevin, and to the south is Murrinhpatha. The Magati Ke community is now based at Wadeye, with an outstation at Kuy, in their traditional country (Green & Nordlinger, viewed November 2020).</p>"
Y206,Ogh Undjan,-16.26565872,142.3917565,QLD,<p>Southern neighbour of Oykangand (Sommer 2006:7). Still spoken (partially) by a couple of people at Kowanyama; country is south of Dunbar on the Mitchell River - includes Mentana Yard (Sommer 2007 p.c.).</p>
N105,Gulunggurr,,,NT,
Y211,Uutaalnganu,-13.09902781,143.3406053,QLD,"<p>To me he has described the extent of uutaalnganu as from Night Island north to Lloyd Bay as far as Lloyd Island. Other informants indicate that in the Claudie River region both uutalnganu and kuutjaanyu were used, and that in the Cape Sidmouth region both uutaalnganu and kiikinyu were used. The general consensus of information puts Cape Sidmouth as the northern boundary of Umpila, and the Claudie River as the southern boundary of Kuuku-Ya?u, leaving Uutaalnganu in the middle (Thompson 1976:233).</p><p>... about Claude River to Cape Sidmouth and hinterland (Oates 1975:280).</p><p>From mouth of Lockhart River round Cape Direction south along coast almost to Knight Island (LMW); or, along the coast from near Knight Island to Claudie River mouth, but not at Knight Island or in the hinterland (LMW). (Oates 1975:282 on Uwtalngan) (nb Knight Island is an error for Night Island.)</p>"
Y86,Kuku Bididji,-15.74881043,144.9973297,QLD,"<p>Speakers of the Kuku Yalanji language traditionally inhabited an area of over 2000 sq km extending from the Mossman River in the south to the Annan River in the north, bordered by the Pacific Ocean in the east and extending inland to presumably just west of Mt Mulgrave (Patz 2002:6).</p>"
Y87,Kuku Buyunji,-16.21934348,145.3424799,QLD,"<p>Speakers of the Kuku Yalanji language traditionally inhabited an area of over 2000 sq km extending from the Mossman River in the south to the Annan River in the north, bordered by the Pacific Ocean in the east and extending inland to presumably just west of Mt Mulgrave (Patz 2002:6).</p>"
N109,Guyula,,,NT,<p>(Dhuwal)</p>
E14,Gidhabal,-28.50105723,152.3203455,NSW,"<p>... upper Clarence [River], around Woodenbong (Crowley, 1978 in Wafer & Lissarrague, 2008:355).</p><p>Woodenbong (Sharpe 1996).</p><p>Bonalbo Creek, Tooloom Creek and Koreelah Creek (Steele 1984).</p>"
N111,Madarrpa,,,NT,<p>(Ritharrngu)</p>
Y90,Kuku Nyungkul,-15.75029437,145.2513211,QLD,"<p>Speakers of the Kuku Yalanji language traditionally inhabited an area of over 2000 sq km extending from the Mossman River in the south to the Annan River in the north, bordered by the Pacific Ocean in the east and extending inland to presumably just west of Mt Mulgrave (Patz 2002:6).</p>"
Y54,Wik Ngathan,-14.06433131,141.6478689,QLD,
P3,Broome Pearling Lugger Pidgin,-17.92995502,122.2989006,WA,"<p>Broome, Lombardinie [Lombardina], Beagle Bay, La Grange, One Arm Point, Derby (Ethnologue 15th ed.)</p>"
Y212,Kuuk Thayem,,,QLD,
Y94,Kuku Mini,-16.05329713,143.4613254,QLD,<p>On the middle Palmer and Mitchell rivers west to about their junction; east to Mount Mulgrave and Palmerville (Tindale 1974).</p>
Y99,Kuku Yalunyu,,,QLD,<p>Lower Bloomfield River (Sutton 2001). ... upper Bloomfield and Daintree (McConnel 1939:66).</p>
N162,Marri Amu,-13.81167582,129.8100059,NT,"<p>The Marriammu tribal lands are situated approximately forty kilometres north of Wadeye, (Port Keats). The exact location is on the coast between the mouth of the Little Moyle and Big Moyle rivers at a place called Rek Tjendi (see Appendix 1) (Brown, Arnold https://www.batchelor.edu.au/callwebsite/studentpages/call_students_arnresproj.html).</p><p>Marri Ammu and Marri Tjevin are two closely related dialects whose country lies along the coast north of the mouth of the Moyle River, extending up towards the Dashwood Plains. Marri Tjevin occupies the southern part of this area, with Magati Ke and Marri Ngarr to the south. Marri Ammu then has Menthe and Merranunggu to its north and north-east respectively. Their sister dialect Marrithiyel lies to their east. There are a number of active outstations on Marri Tjevin and Marri Ammu country proper, with Marri Ammu and Marri Tjevin communities also resident at Wadeye (Green & Nordlinger viewed November 2020).</p>"
P5,Kimberley Kriol,,,WA,
N130,Golpa,,,NT,"<p>... from the Wessels, sites on the end of Elcho and up the Wessel The largest number of speakers now reside on Elcho. with a small number at Murru'ga (Bentley James 2007 p.c.). Golpa is one of the Nha?u languages, and the territory of its speakers lies in the north-eastern extremities of the Wessel Islands (Shcebeck 2001: 87).</p>"
S22,Djadjala,-35.56047811,141.6828374,VIC,<p>... near Lake Albacutya (Hercus 1986: 72) ... at lakes Werringren and Albacutya (Clark 2005:21)</p>
A100,Mardo,,,WA,
E59,Ngaro,-20.29547471,148.9347367,QLD,<p>Whitsunday Island; ranging over Cumberland Islands; also to mainland at Cape Conway and on mountains east of Proserpine (Tindale 1974).</p>
A13,Widi,-28.82675757,116.721527,WA,"<p>From between Lakes Monger and Moore north to Yuin, Talleringa Peak, and Nalbarra; west to Mullewa and Morawa (Morowa); east to Paynes Find and Wogarno, south of Mount Magnet; at Yalgoo and upper Greenough River (Tindale 1974).</p>"
A116,Nyiyaparli Padupadu,,,WA,
A119,Kurdun,,,WA,"<p>... west of Peak Hill (von Brandenstein, in Thieberger 1993).</p>"
A120,Yirrakalan,,,,"<p>... south of Peak Hill but north of Meekatharra (von Brandenstein, in Thieberger 1993).</p>"
A19,Wardal,,,,"<p>West and northwest of Lake Carnegie to Goodwin Soak on the Canning Stock Route, thence west to the Old Bald Hill Station near Beyond Bluff. South to near Lake Nabberu (Tindale 1974)</p>"
A24,Gurduwanga,-25.66881645,117.5473826,WA,"<p>According to other informants, the place Jagarang (Mount Gould) was the central place in Wadjari territory. This is a remarkably accurate observation as is shown by the map; and the people of that area claim to have kurduwongga, i.e., 'true speech' (Tindale 1974). Mt. Gould north west of Robinson Range between Gascoyne and Murchison Rivers (Oates 1975:80).</p>"
A2,Kalarku,-32.11021775,121.4875755,WA,"<p>Green Patch and Scaddan to north of Widgemool-tha; Mount Monger, Golden Ridge, and Burbanks; east to Karkanja, the red ochre deposit approximately 15 miles (24 km.) west of Fraser Range; west to Bremer Range, the Johnston Lakes, Mount Holland, Barker Lake, and Koon-gornin; a boundary camp was situated about three miles south of Coolgardie; at Norseman and Salmon Gums (Tindale 1974).</p><p>The location given by Oates (1975) is limited to north of Norseman, towards Coolgardie.</p>"
A29,Wawula,-25.01014047,121.1196452,WA,<p>Northwest of the Warburton Ranges (Oates 1975:107)</p>
A32,Nakako,-27.22284277,128.5109142,WA,<p>South and southwest of the Blackstone Ranges; at Bell Rock Range (Tindale 1974).</p>
A37,Nanadjara,-26.06406529,123.4876394,WA,"<p>East and northeast of Lakes Carnegie and Wells; west of Lake Gillen, probably to about Timperley Range; southward to Ernest Giles Range. Their extension northward was to an unidentified place called Manggudu in the general vicinity south of the Hutton Range. The Browne Range may be near their undefined eastern limits (Tindale 1974). North of Lake Carnegie (Oates 1975:112 quoting von Brandenstein).</p>"
A3,Ngadjumaya / Ngadju,-32.32466432,123.7411955,WA,"<p>Goddard Creek south to Mount Ragged, Israelite Bay, and Point Malcolm, possession of the latter place being a matter of dispute with the Njunga people since before contact times; west to Fraser Range; east to near Narethal and to near Point Culver on the coast; at Mount Andrew and Balladonia (Tindale 1974).</p><p>Contemporary location: The very few speakers are now spread from the Kalgoorlie region through to Esperance. (Wangka Maya PALC 2008).</p>"
A51.1,Manyjilyjarra,-22.57376173,124.9062456,WA,"<p>Along Canning Stock Route between Well 30, n.n. ['Tjundu'tjundu] and Well 38, n.n. ['Watjaparni]; south about 50 miles (80 km.) to a hill called Tjanbari, not yet identified, and unidentified waters called Kolajuru, Karu-kada, Keweilba, and Kunkunba; northward only a few miles from the line of the Stock Route to unidentified places called Tjam:ala and Maindu; eastward no farther than about Longitude 126°E to an unlocalized water known as Ngila. In 1964 W. B. MacDougall found a party of nine women at Imiri on Percival Lakes who used the above tribal designation (Tindale 1974).</p><p>The region of the Canning Stock Route north of Lake Disappointment (Marsh 1977).</p><p>Note that these locations are different from the one shown on the map by Stanton (1983).</p><p>The original Manyjilyjarra territory extended east-ward and west-ward along the Canning Stock Route north of Lake Disappointment toward Lake Carnegie (Marsh 1976:2, in Wangka Maya PALC 2008:8).</p><p>... the central Great Sandy Desert region of northwest Western Australia. It is north east of the town of Telfer and is dissected by the Canning Stock Route (Burgman 2009:iii).</p><p>Contemporary location: Strelley, Kunawarritji, Wiluna, Newman, Nullagine, Punmu (Dixon 2011:50). Scattered Aboriginal communities, mission stations, cattle and sheep ranches and towns on the edges of the Gibson and Great Sandy Deserts of Western Australia, and the Jigalong Community (Burgman 2009:iii).</p>"
A59,Ibarga,-21.2417912,122.3086586,WA,"<p>In early historical time the Iparuka Njangamarda usurped the territory of the Ngolibardu tribe around Thros-sell Range. Including this, their territory extends from Rudall River northeast to ['Karbardi] near Swindell Field east of ['Tjandalkuru], (Tindalgoo on maps), thence west to near the eastern border of Warrawagine Station (Tindale 1974)</p>"
A64,Karajarri,-18.81736968,122.3226214,WA,"<p>From Cape Villaret at the south point of Roebuck Bay southwest to Manari, a native meeting place 10 miles (16 km.) north of Anna Plains Station (Jawinja); inland about 70 miles (110 km.). Lendjarkading, a known water on D. Munro's Station block, Redjarth (two days walk farther inland), Undurmadatj, and Mount Phire, n.n. ['Paijara], are at limits of the tribal area (Tindale 1974).</p><p>Roughly, Karajarri was traditionally spoken just south of Yawuru along the coast ...(Weber, 2009:2).</p><p>Contemporary location: Bidyadanga, Broome (Dixon 2011:29).</p>"
A66,Walmajarri,-19.46737317,126.1512518,WA,"<p>The original tribal territory of the Walmatjari is the northern part of the Great Sandy Desert. The eastern Walmatjari lived along the northern part of the Canning Stock Route south-west and west of Balgo Hills Mission and the Western Walmatjari lived in the area south of Noonkenbah station. Movement out of the desert took place to the north, east and west and Walmatjari speaking people are now to be found on cattle stations along the Fitzroy River and Christmas Creek, as far as Derby in the west and Halls Creek in the east (Hudson 1978:2).</p><p>Desert plateau south of the Fitzroy and Christmas Creek valleys from Noonkanbah, n.n. ['Kunkadea], east to Cummins Range; south on the line of the Canning Stock Route to Well 47, n.n. ['Kardalapuru], west from there to about 124°50'E; southwesternmost water used is Ngokanitjardu (unidentified but near 124°50'E x 20°30'S; see reference to this term also under Mangala tribe). In the south by traveling along tribal boundaries they met the Wanman at Munggakulu (perhaps the Adverse Well on maps). Their western boundary ran due north to Mount Fenton (Tindale 1974).</p><p>Contemporary location: In towns and communities from Mulan (Lake Gregory) in the east along the Fitzroy River valley and as far west as Bidyadanga (La Grange) on the coast (Richards & Hudson 1990:7).</p>"
A71,Nhugarn,-25.80499882,115.4762242,WA,<p>... in the area around the Wooramel river and in particular on Curbur and Byro Stations (Marmion 1996:6).</p>
A77,Mijaranypa,-22.99968937,118.1452752,WA,<p>... was spoken in the lower areas of the Hamersley Range (Dench 1991:126).</p>
A83,Njangadjadjara,-30.68216031,131.4921161,WA,"<p>Ooldea, SA (Brown, 1979).</p>"
A88,Juwaliny,-20.64372967,124.6987972,WA,"<p>Great Sandy Desert, inland from La Grange and south-west of Fitzroy Crossing (Sally Dixon, Wangka Maya, 2007 p.c.). La Grange Mission (Hudson 1978:2). Walmajarri: The original tribal territory of the Walmatjari is the northern part of the Great Sandy Desert. The eastern Walmatjari lived along the northern part of the Canning Stock Route south-west and west of Balgo Hills Mission and the Western Walmatjari lived in the area south of Noonkenbah station. Movement out of the desert took place to the north, east and west and Walmatjari speaking people are now to be found on cattle stations along the Fitzroy River and Christmas Creek, as far as Derby in the west and Halls Creek in the east (Hudson 1978:2). Contemporary location: Bidyadanga, Broome and some Kimberley communities (Dixon 2011:46).</p>"
C12,Antekerrepenhe,-22.75390814,137.6206039,"NT,QLD","<p>Tarlton Range east to Toko Range; headwaters of Field River; down the Hay River but southwestern range uncertain, probably to about Lake Caroline but limits depend at different times on flow of stream in flood (Tindale 1974).</p>"
C15,Warlpiri,-20.43359561,131.0524093,NT,"<p>The principal Warlpiri-speaking communities are Yuendumu (Yurntumu), Lajamanu, Nyirrpi and Willowra (Wirliyajarrayi) (Laughren 1996:1) Lander Creek below Mount Leichhardt; sand plain north of Mounts Turner, Saxby, and Doreen; northwest to beyond the Granites and Mount Frederick; northern boundary along 19° latitude and Winnecke Creek. Western boundaries are with the Ngardi and Djaru tribes close to the Western Australia border (Tindale 1974) spoken in the Tanami Desert region of the Northern Territory (Swartz 2011) Contemporary location Yuendumu, Lajamanu, Willowra, Ali Curung, Alice Springs, Katerine and Darwin. (Swartz 2011)</p>"
C22,Jingulu,-17.35076527,133.7015129,NT,"<p>... the area immediately east of Lake Woods and along Newcastle Creek, and now at the town of Elliott, in the western Barkly Tablelands of the Northern Territory (Pensalfini 2001).</p><p>The area of Daly Waters in the north to just wouth of Powell Creek in the south, from west of Lake Woods to almost as far east as Anthony's Lagoon station and the sources of Newcastle Creek (Pensalfini 2003).</p><p>Jingulu and Mudburra have mingled in the vicinity of Newcastle Waters and the area of overlap is generally west of the Stuart Highway. The Daly Waters area is in Jingulu country (Avery in Sutton 1995:104). Beginning at the southern end of this 80 km stretch of country, all ten precisely mapped sites west of the Stuart Highway and south of Elliott were identified as Jingili places. As we proceeded north from there, also keeping west of the Stuart Highway, we mapped seven named places along the main Newcastle Waters waterbody, locally known as Longreach Waterhole. North of there, continuing along the western side of the Stuart Highway, nine more places were identified as Jingili, but as we moved north they were increasingly missed with sites of dual Mudburra/Jingili identity, particularly along Newcastle Creek and Bucket Creek (Sutton 1995:106).</p><p>Eastward limit: Ucharonidge homestead was associated with Jingulu. Eva Downs homestead was associated with Wambaya. the area around Mundah Waterhole and Mungabroom waterhole was the changeover area from Jingulu to Ngarnka. Northward limit: Daly Waters was associated with Jingulu. Maryfield homestead was not associated with Jingulu. Westward limit: The drainages of Newcastle Creek and Daly Waters Creek. Southward limit: Powell Creek was associated with Jingulu. Renner Springs and Mt Grayling were not associated with Jingulu (Harvey AILEC 0802).</p>"
C26,Gudanji,-16.980617,135.255653,NT,"<p>Along the head of the coastal slope from Tanumbirini south-east to approximately the heads of the MacArthur River, Kilgour River, and Walhallow; to the west to the head of Newcastle Creek and to the south as far as Anthony Lagoon (Aguas 1968:10).</p><p>Head of coastal slope from Tanumbirini southeast to about head of McArthur River; at Old Wallhallow; at Mallapunyah; west to head of Newcastle Creek; south to Anthony Lagoon and Eva Downs. Before 1900 they were pressing northeastward into Binbinga territory (Tindale 1974).</p><p>There was no precise information on the limits of Gudanji associations in 2007. The following places were associated with Gudanji: McArthur River Mine, Cape Crawford, Mallapunyah Springs. It is likely that Kiana homestead was associated with Gudanji, but this was not certain (Harvey AILEC 0802).</p>"
C23,Gunindirri,-17.66922781,136.8446522,NT,"<p>Gunindirri is located to the south of Garrwa <a href=""/austlang/language/N155"">N155</a> Country, on the NT/QLD border. It is described as stretching from the headwaters of the Cresswell and Nicholson Rivers, north to Wollogorang and east to Westmoreland, QLD (Breen 2003:426).</p><p>Neighbouring languages include Garrwa <a href=""/austlang/language/N155"">N155</a> and Gudanji <a href=""/austlang/language/C26"">C26</a> to the north, Yukulta / Ganggalidda <a href=""/austlang/language/G34"">G34</a> to the east, Waanyi <a href=""/austlang/language/G23"">G23</a> to the south and Wambaya <a href=""/austlang/language/C19"">C19</a> to the west (Mushin 2012:1).</p>"
C2,Ngalia,-29.19837154,129.4800333,SA,"<p>Salt Lake districts in Western (or Great Victoria) Desert northwest of Ooldea, including Serpentine, Wanna, and Forrest Lake (Tindale 1974).</p>"
C33,Karranga,-16.21455837,131.3606302,NT,"<p>The general associations of Karranga were to the Victoria River and its eastern drainage from approximately the junction of the Victoria with the Armstrong and downstream to approximately the junction with Cow Creek. The following areas and sites were associated with Karranga: Yarralin, Victoria River Downs homestead, Moolooloo, Killarney homestead (Harvey 2009).</p>"
S30,Gulidjan,-38.22820887,143.6955975,VIC,"<p>... the country at Lake Colac, whose western boundary was probably formed by the Wardy yallock River near Cressy along its eastern bank to Lake Corangamite, along the eastern shore of Lake Corangamite, then south to the Gellibrand River (Clark 1990:232)</p>"
C38,Ngardilypa,-19.6234758,129.7355985,NT,<p>In the Granites about Tanami (Laughren 1996:2).</p>
C42,Warrmarla,-20.50942118,129.7478641,NT,<p>Western Warlpiri is sometimes called Warrmarla (Laughren 1996:2).</p>
C44,Wenamba,-23.70842468,128.7492416,NT,"<p>North of Lakes Neale and Hopkins, ranging north to Lake Macdonald and Garden Hills; west to Kurultu ('Kur-ultja) identified as probably near the Baron Range. In this area mapped positions of such features as Baron Range may vary by as much as 30 miles (50 km.) (Tindale 1974).</p>"
C6,Pitjantjatjara,-25.66411506,130.0655038,"NT,SA,WA","<p>... at Wingellina in the Tomkinson Ranges, and in areas to the east and north-east (Glass, Hackett & Newberry 2003:1). Mann and Tomkinson Ranges northwest to the eastern end of the Rawlinson Range, W. Aust.; west to the east side of Mount Hinckley and Wingelina; southwest to Mount Blyth, Birksgate Range, and near the north side of Lake Wright; east to Mounts Kintore and Caroline, Butler Dome, and Stevenson Peak; north to Lakes Amadeus, Neale, and Hopkins; in the western Musgrave Ranges east only to Oparinna. Kalaiapiti in the Mount Sir Thomas Range was their ultimate refuge prior to the 1914-1916 period of major drought during which they were driven to usurp the eastern Musgrave Ranges from the Jangkundjara, who were in turn by 1917 forced to shift southward, making the Everard Ranges their principal home; some then shifted south toward Ooldea and are now (1971) living at Yalata (Tindale 1974).</p><p>Pitjantjatjara is a dialect of the Western Desert language <a href=""/austlang/language/A80"">A80</a>, from the far north west corner of South Australia and neighbouring regions in the Northern Territory and Western Australia. Pitjantjatjara are associated with the east – west ranges of Western Musgraves, Mann and Tomkinson Ranges. In modern times many people live with Yankunytjatjara at Amata, Ernabella, Fregon, Kenmore Park, Mimili and Indulkana (Eckert & Hudson, 1988).</p>"
D12,Paakantyi / Paakantji / Barkindji,-31.63317508,142.7779861,NSW,"<p>Plains southwest of Broken Hill from near Tandou Lake, southwestward to Mount Bryan and Burra Creek, northwest of Morgan, So. Aust., chiefly in the more arid country extending generally eastward to within a few miles of the Darling River (Tindale 1974).</p>"
Y218,Cleveland Bay,-19.29346841,146.8647646,QLD,<p>Cleveland Bay (Sutton 1973).</p>
Y219,Alodja,-15.67874206,144.8255754,QLD,"<p>I suspect that this is one of the groups heavily impacted by the gold rush, i.e. located along the route from Cooktown to the Palmer fields. Caesar spoke Ikarrangaal, a Central Paman dialect somewhat south of this (Sommer 2007 p.c.)</p>"
D27,Yuwaalaraay,-29.31314852,148.2755346,"NSW,QLD","<p>Yuwaalaraay is located on the Narran River at the NSW/QLD border. It extends north &#39;over 100 kilometres&#39; into southern QLD (Giacon 2017:1), towards the basin of the Moonie River (Williams 1980:3) and the Balonne River (Yuwaalaraay Euahlayi Aboriginal Corporation 2025). Its eastern boundary is &#39;almost to Collarenebri&#39; (1980:3), and the western boundary between the Culgoa and Birrie Rivers (Tindale 1974:199). To the southwest is Brewarrina, and to the southeast is Walgett (Tindale 1974:199; Williams 1980:3).</p><p>Neighbouring languages include Wirraay-Wirraay <a href=""/austlang/language/D66"" rel=""noopener noreferrer"">D66</a> to the north, Gamilaraay / Gamilaroi / Kamilaroi <a href=""/austlang/language/D23"" rel=""noopener noreferrer"">D23</a>, Guyinbaraay <a href=""/austlang/language/D15"" rel=""noopener noreferrer"">D15</a>, and Gawambaraay <a href=""/austlang/language/D39"" rel=""noopener noreferrer"">D39</a> to the east. It is unclear what the boundaries are between Yuwaalaraay and Yuwaalayaay <a href=""/austlang/language/D54"" rel=""noopener noreferrer"">D54</a>, although Williams (1980:3) suggests that Yuwaalayaay <a href=""/austlang/language/D54"" rel=""noopener noreferrer"">D54</a> was predominantly to the north of Yuwaalaraay.</p>"
D21,Wanyuparlku,-31.90096414,142.3424848,NSW,<p>From near Milparinka to White Cliffs; west nearly to Mount Arrowsmith; east to near Tongo Lake; at Yancannia and east of Lake Bancannia (Tindale 1974).</p>
D32,Muruwari,-29.06817925,145.7980905,"NSW,QLD","<p>Guloga River, Birrie and Bokhara Rivers, Nebine and the Barwon, Weilmoringle, Brewarrina, Enngonia, Mulga Downs, Weela,as far east as Goodooga, to north Bourke, and northwards into Queensland about twenty-five kilometeres east of Cunnamulla, as far west as the Paroo River, to the south, from North Bourke to about twenty kilometeres north of the Darling River,and to Barwon at Brewarrina (Oates 1988:1).</p><p>Barringun, N.S.W., and Enngonia on Warrego River; Brenda, and Weilmoringle on Culgoa River; at Milroy; south to near Collerina. Extensively in New South Wales extending north to Mulga Downs and Weela (Wee-lamurra) in Queensland (Tindale 1974).</p>"
D2,Yorta Yorta,-36.09392971,145.2635799,"NSW,VIC","<p>Yorta Yorta is located on the Murray River, NSW/VIC. It extends from Deniliquin, NSW, in the north to Shepparton, VIC, in the south, to Cobram, Tocumwal and Albury / Wodonga in the east and Cohuna in the west (Hercus 1986: 162; Blake &amp; Reid 1998:3; Bowe &amp; Morey 1999:1; YYNAC 2026). This area includes Echuca, Benalla, Corowa and Wangaratta (YYNAC 2026).</p><p>Neighbouring languages include Wiradjuri <a href=""D10"" rel=""noopener noreferrer"">D10</a> to the north, Bangerang <a href=""S40"" rel=""noopener noreferrer"">S40</a> to the east, Taungurung <a href=""S37"" rel=""noopener noreferrer"">S37</a> to the south and Barababaraba <a href=""D5"" rel=""noopener noreferrer"">D5</a> to the west.</p>"
D38,Kogai,-27.42337859,147.9422236,QLD,"<p>... west of the Balonne, on the Maranoa and the Cogoon (Ridley 1875).</p><p>... southern Queensland, in the area watered by the Balonne, Maranoa and Coogoon Rivers and extending westerly towards Wallam Creek (Mathews 1904).</p><p>Mandandanji: Maranoa and Balonne rivers north of St. George; west to Bollon and Wallam Creek; north to Donnybrook, Orallo, Yuleba, and the Dividing Range; east to Alton and Glenmorgan; at Mitchell, Roma, and Surat (Tindale 1974).</p><p>Kunggari: Upper Nebine and Mungallala creeks from Bonna Vonna and Ballon north to Morven and Mungallala. Extended eastward and partly absorbed the Mandandanji in early historic times (Tindale 1974).</p><p>Koamu: South of St. George on the Balonne River to Angledool, Hebel, and Brenda; west to Bollon and Nebine Creek; at Dirranbandi (Tindale 1974).</p>"
N22,Malak Malak,-13.54877304,130.5524143,NT,"<p>The general association was to the Daly and adjacent plains from about 10kms upstream of the mouth to Browns Creek. The following places were associated with Malak-Malak: Litchfield outstation, Mt Litchfield, Elizabeth Downs homestead, Billawock Hill, Woolbannah Hill. In the east, affiliations changed to Kamu at Marion Hill, and upstream of Browns Creek (Harvey AILEC 0802).</p><p>MalakMalak ... the area of land centred around the middle parts of the Daly River. In the southeast portion it includes the Nauiyu community, Wooliana, Din'girriyet (Browns Creek), the main Daly River Crossing and areas south to about the junction of Daly River and Hayward Creek. In the northwest MalakMalak country extends to Mount Litchfield north of the Daly and Mount Searcy south of the Daly. An arm of MalakMalak country extends to the west, skirting around Matngala country, to include the Dilke Range (Yingguy et al, 2001:7).</p><p>MalakMalak country straddles the Daly River, running westward for some 50km or so from just below the Daly River crossing. MalakMalak is one of the two recognised ‘Northern Daly’ dialects, with its sister dialect Tyerraty (also known as ‘Kuwema’, ‘Dek Tyerraty’ and ‘PunguPungu’) on the river to its immediate west and extending up through the hinterland on the north-west. Gungarakany is to the north, and Wagiman to the east. On its southern boundaries are Southern Daly, Eastern Daly & Western Daly languages (Green & Nordlinger, viewed November 2020).</p>"
D45,Wadjalang / Dharawala,-25.63531758,145.2718665,QLD,"<p>Headwaters of Bulloo and Langlo rivers from Quilpie north to Northampton Downs, near and east of Blackall, and to Tambo; east to Cheepie, Burrandilla, and Nive Downs; at Ambathalla and Minnie Downs (Tindale 1974).</p>"
D48,Parrintyi,-32.81793804,143.5271058,NSW,"<p>... to the east of the Darling in the dry country between the River and the Willandra (Hercus 1993:9). In mallee, mulga, swamp, and sand country parallel to and east of Darling River from Moira to within 30 miles (48 km.) of Euston; eastward to near Ivanhoe; at Manara Range, Albermarle, Carowra, Kilfera, and Manfred (Tindale 1974).</p>"
D53,Kuntakuri,-29.29726957,146.9078775,"NSW,QLD",<p>... the northern Culgoa people (Oates 1988:6).</p>
D61,Southern Paakantyi,-32.72158778,142.5650997,NSW,<p>... on the Darling River from Wilcannia to Avoca (Hercus 1993:12). Darling River from Wilcannia downstream nearly to Avoca and extending 20 to 30 miles (30 to 50 km.) on each side of the river (Tindale 1974).</p>
D68,Burabura,,,,"<p>Burabura may be located in the Murray-Mallee region, NSW / VIC (Beveridge 1883:19).</p><p>PuRa-PuRa may be located along the Murray River, east of Swan Hill, VIC, and north to Poon Boon near Koraleigh, NSW (Blake et. al. 2011:4). </p><p>Other languages in this region include Yorta Yorta <a href=""D2"" rel=""noopener noreferrer"">D2</a>, Wemba Wemba <a href=""D1"" rel=""noopener noreferrer"">D1</a>, Barababaraba <a href=""D5"" rel=""noopener noreferrer"">D5</a>, Nari Nari <a href=""D9"" rel=""noopener noreferrer"">D9</a> and Wadi Wadi <a href=""D4"" rel=""noopener noreferrer"">D4</a>.</p>"
E75,Nyangbal,-28.92150486,153.4217926,NSW,<p>Ballina (Crowley 1978 )</p>
D8,Mutti Mutti / Muthi Muthi,-33.75315605,142.7217453,NSW,"<p>Mutti Mutti / Muthi Muthi is located around Balranald, NSW. It extends across the Murray-Murrumbidgee River junction, west to Lake Benaneee, north to Lake Mungo, and east to the Lower Murrumbidgee and Lachlan River junction (Tindale 1974:197; Hercus 1986:101; Tati Tati Kaiejin 2022).</p><p>Neighbouring languages include Yitha Yitha <a href=""D7"" rel=""noopener noreferrer"">D7</a> to the north, Nari Nari <a href=""D9"" rel=""noopener noreferrer"">D9</a> to the east, Wadi Wadi <a href=""D4"" rel=""noopener noreferrer"">D4</a> and Wadi Wadi (Piangil) <a href=""D67"" rel=""noopener noreferrer"">D67</a> to the south, and Dadi Dadi <a href=""S28"" rel=""noopener noreferrer"">S28</a> to the west.</p>"
E10,Yaygirr,-29.68672297,153.1878436,NSW,"<p>... coastal strip from Coffs Harbour to Evans Head, extended no further inland than Cowper on the Clarence River (Crowley 1979).</p><p>On the map by Muurrbay Aboriginal Language and Culture Co-operative, Yaygir doesn't stretch as south as Coffs Harbour. ... around the mouth of the Clarence River (ALRRC).</p><p>Lower Clarence River from Grafton to the sea; northern boundary not clearly established (Tindale 1974). Contemporary location : Yamba, McLean, Red Rock</p>"
E12,Bundjalung,-29.25126135,153.0751537,NSW,"<p>Coraki and Bungawalbin Creek (Crowley 1978).</p><p>... dialect the north coast of NSW from north of Grafton and the Clarence River in the coastal area to the Logan River in southeast Queensland, inland to Drake (east of Tenterfield), out to Warwick and Allora in Queensland, and along the upper Clarence River and its tributaries (ALRRC).</p>"
E23,Yuggera,-27.70854514,152.5468407,QLD,"<p>Yuggera is located in the Brisbane and Ipswich areas of Queensland. The traditional location of Yuggera has been debated.</p><p>Researchers that consider Yuggera to be the name of a language group locate it in an area extending from Toogoolawah or Esk in the north (Capell 1963:11; Tindale 1974:169), to Stradbroke Island in the east, into the Fassifern Valley in the south, and to the Great Dividing Range in the west (Bell 1934:13; Harper 1894:410; Sullivan &amp; Harward-Nalder 2024:2). This area includes both the City of Brisbane and Ipswich.</p><p>Yuggera has also been placed further southwest, encompassing the Ipswich area but not the City of Brisbane. This proposed area extends from Ipswich to Cunninghams Gap in Fassifern to the southwest, and Murphys Creek near Lockyer to the west (Steele 1984:85).</p><p>Yerongpan people, speakers of Yuggera, are described as being located in the &#39;sandy country&#39; between Brisbane and Ipswich (Lauterer 1895:619).</p><p>Neighbouring languages include Wakka Wakka <a href=""/austlang/language/E28"" rel=""noopener noreferrer"">E28</a> varieties to the north, Turrbal <a href=""/austlang/language/E86"" rel=""noopener noreferrer"">E86</a> to the east in Brisbane, Moondjan <a href=""/austlang/language/E21"" rel=""noopener noreferrer"">E21</a> and Jandai <a href=""/austlang/language/E19"" rel=""noopener noreferrer"">E19</a> on North Stradbroke Island to the east, Yugambeh <a href=""/austlang/language/E17"" rel=""noopener noreferrer"">E17</a> and Bundjalung <a href=""/austlang/language/E12"" rel=""noopener noreferrer"">E12</a> varieties to the south, and Giabal <a href=""/austlang/language/D41"" rel=""noopener noreferrer"">D41</a> to the west.</p>"
N174,Gurrigurri,,,NT,
Y237,Athina,,,QLD,
S41,Brayakaulung,-37.87250838,146.579627,VIC,"<p>Providence Ponds, Avon and Latrobe rivers; west of Lake Wellington to Mounts Baw Baw and Howitt (Tindale 1974).</p>"
E32,Gooreng Gooreng,-24.90480069,151.790315,QLD,"<p>Gooreng-Gooreng is located in Central Queensland. It extends from Gladstone in the north, south past Bundaberg to the Maryborough district. Inland, the area includes Mundubbera and Hawkwood in the southwest, Dawson River in the west, and Biloela in the northwest (Capell 1963:10; Brasch 1975:1A; Holmer 1983:2)</p><p>Neighbouring languages include Goeng Goeng <a href=""/austlang/language/E36"">E36</a> and Tulua <a href=""/austlang/language/E41"">E41</a> to the north, Taribelang <a href=""/austlang/language/E33"">E33</a> to the east, Gubbi Gubbi <a href=""/austlang/language/E29"">E29</a> and Butchulla <a href=""/austlang/language/E30"">E30</a> to the southeast, Wakka Wakka <a href=""/austlang/language/E28"">E28</a> to the southwest, and Wuli Wuli <a href=""/austlang/language/E89"">E89</a> to the west.</p>"
E36,Goeng Goeng,-24.26688582,151.6816877,QLD,"<p>Goeng Goeng is located in Central Queensland. It extends to Port Curtis in the north, to Maryborough in the south, inland to Gayndah, Mount Perry, and Eidsvold (Palmer 1884:278; Holmer 1983:2). </p><p>Neighbouring languages include Baiali <a href=""/austlang/language/E42"">E42</a> to the north, Gooreng Gooreng <a href=""/austlang/language/E32"">E32</a> and Taribelang <a href=""/austlang/language/E33"">E33</a> to the south, and Biri <a href=""/austlang/language/E56"">E56</a> varieties to the west.</p>"
E40,Gangulu,-24.18606975,150.151432,QLD,"<p>... from Clermont south to the Dawson River' as a more accurate location (Terrill 1998:78). Holmer (in Breen 2009) identifies Gangulu A (Springsure and Nebo areas) and Gangulu B (Woorabinda and vicinity). The latter is just west of the northern part of Tindale's location of Kanolu (<a href=""/austlang/language/E40"">E40</a>). Breen says that country described by Mathews (1899:108) and Howitt (1904:111) are not inconsistent with that given by Tindale. Dawson River south to Banana and Theodore; northwest to Mackenzie River and near Duaringa and Coomooboolaroo. East to Biloela, Mount Morgan, Gogango Range, and the upper Don River; southeast to Thangool and the headwaters of Grevillea Creek (Tindale 1974). The mapping of the location of Gangulu in this database is based on Tindale's location and the location of Ganuglu B in Holmer.</p>"
E46,Darumbal,-22.71568351,150.0600456,QLD,"<p>Darumbal is located in Rockhampton, QLD. It extends from the Styx River and Shoalwater Bay in the north, south along the coast to Keppel Bay, Raglan Creek and the mouth of the Fitzroy River, and west to the Boomer Range (Capell 1963:5; Memmott 1993:21 in Terrill 2002:12; Darumbal People Aboriginal Corporation RNTBC 2025). This includes Marlborough, Yeppoon, Yaamba, Rockhampton and Gracemere.</p><p>Neighbouring languages include Biri <a href=""/austlang/language/E56"">E56</a> varieties to the north and west, and Baiali <a href=""/austlang/language/E42"">E42</a> to the south.</p>"
E53,Baranha,-22.080577,148.198529,QLD,"<p>Headwaters of Isaac River, west to Denham Range; south to Cotherstone; at Grosvenor Downs (Tindale 1974:165).</p>"
E57,Wiri,-21.29857522,148.7037816,QLD,"<p>Tindale's given area is probably accurate as far as it goes, but it should be extended south down to Clermont (Terrill 1998:71).</p><p>On Coast Range behind Mackay; inland to Nebo and heads of Suttor and Bowen rivers; on Connor and Denham ranges (Tindale 1974).</p>"
E64,Ganulu,-23.65544718,149.0109623,QLD,<p>Eastern headwaters of the Comet River from Rolle-ston north to Blackwater and upper Mackenzie River; east to about Dingo and vicinity of Duaringa (Tindale 1974).</p><p>Terrill (1988:94) seems to agree with the location given by Tindale (1974).</p>
E6,Dhanggati / Dunghutti,-30.90641545,152.4169227,NSW,"<p>The Macleay Valley forms the heartland of Dhanggati country, which extends as far as the Tablelands in the west and to the Macksville region in the north, where Dhanggati shares a language border with Gumbaynggirr; the most northerly known place name is Garra Gayayi (Kozekai Road) in the Mistake State Forest. To the south the language border between Dhanggati and Birrpay is around the Wilson River. The western neighbours on the Northern Tablelands include Anaiwan and Baanbay, a Gumbaynggirr dialect (Lissarrague, 2020:3).</p>"
E66,Yugarabul,-27.27760979,153.0252578,QLD,"<p>Yugarabul is located near Brisbane, QLD. It extends across the basins of the Brisbane and Caboolture Rivers, from Esk in the north, south to Teviot Range and possibly Boonah, east towards Ipswitch and west towards Toowoomba (Watson PMS 5344; Yuggera Ugarapul People (QC2017/005)).</p><p>Neighbouring languages include Wakka Wakka <a href=""E28"" rel=""noopener noreferrer"">E28</a> varieties to the north, Turrbal <a href=""E86"" rel=""noopener noreferrer"">E86</a> and Yuggera <a href=""E23"" rel=""noopener noreferrer"">E23</a> to the east, Yugambeh <a href=""E17"" rel=""noopener noreferrer"">E17</a> and Bundjalung <a href=""E12"" rel=""noopener noreferrer"">E12</a> varieties to the south, and Giabal <a href=""D41"" rel=""noopener noreferrer"">D41</a> to the west.</p>"
E79,Ngarahgwal,-27.88614455,153.327907,NSW,<p>On coast from a little south of Tweed Heads north to mouth of Logan River (Oates 1975:211).</p><p>Gold Coast area (Geytenbeek 1971:1 quoted in Sharpe 2005:3).</p><p>North east extremity of group; on coast from a little south of Tweed Heads north to mouth of Logan River (BG map) (Oates 1975: 211).</p>
E85,Gambalamam,-30.37844644,152.6714792,NSW,<p>... on the top of the Dorrigo Plateau (about 80 km north west of Nambucca Heads) (Eades 1979:248). ... the eastern extremity of the New England Tableland in the Dorrigo Plateau area (Crowley 1976:19).</p>
E95,Guringay,-32.51345793,151.699335,NSW,"<p>... the part of the country lying about Dungog (Howitt 1904:570 in Wafer & Lissarrague 2008:170).</p><p>... a sub-branch of numerous native people that once inhabited the lower portions of the Hunter and Karuah River Valleys (Scott 1929:1 in Wafer & Lissarrague 2008:170).</p><p>... the district about Paterson (Enright 1901:80 in Wafer & Lissarrague 2008:170).</p><p>... an area extending from the Dungog district, extending to parts of Paterson and Gresford districts, and that section of Port Stephens called Carrington' (Haslam et al. 1984:65 in Lissarrague 2010:10).</p>"
E88,Garumngar,-27.35303324,152.6951351,QLD,"<p>Garumngar is located on the D'Aguilar Range, QLD. It extends from Moggill in the south to as far north as the Stanley-Brisbane River junction to Caboolture, west from the Brisbane River to Samford and Dayboro in the east (Steele 1983:247).</p><p>Neighbouring languages include Duungidjawu <a href=""/austlang/language/E20"">E20</a> to the north, Turrbal <a href=""/austlang/language/E86"">E86</a> to the east, Giabal <a href=""/austlang/language/D41"">D41</a> and Yuggera <a href=""/austlang/language/E23"">E23</a> to the south and Wakka Wakka <a href=""/austlang/language/E28"">E28</a> to the west.</p>"
G14,Indjilandji,-19.32705207,137.4623768,"NT,QLD","<p>Barkly Tableland about Buchanan Creek and Ranken River; west toward Dalmore and Alroy Downs; east toward headwaters of Gregory River and Lawn Hill Creek (Tindale 1974).</p><p>The general territorial associations were to the upper Gregory drainage and thence westward to Alexandria Station. North-eastward limit of associations - Lawn Hill Creek upstream from the Constance Range and Century Mine was associated with Yinjilanji. Musselbrook Creek and Lawn Hill Creek downstream from Constance Range was associated with Wanyi. Eastward limit of associations - The Gregory drainage from Riversleigh upstream was associated with Yinjilanji. The Gregory drainage below Riversleigh, including Century Mine and Mellish Park was associated with Nguburindi. Southward limit of associations - one point was where the road from Alexandria Station to Avon Downs crossed the Rankin River. South of this crossing was associated with Wakaya. North of the crossing with Yinjilanji (Harvey AILEC 0802).</p>"
G1,Wangkamanha / Wankamadla,-24.33080067,137.4244147,"NT,QLD","<p>Traditionally on Mulligan and lower Georgina Rivers (SCAL).</p><p>... at Carlo and on the upper Mulligan River (Roth 1897 in Blake and Breen 1971:11).</p><p>Lanima: Mulligan River north of Kaliduwarry Waterhole; boundaries not well documented (Tindale 1974). Julaolinja: At Carlo Springs on upper Mulligan River. They shifted east to Marion Downs in postcontact times. (Tindale 1974). Wongkamala: Northwest of Annandale, at Kalidawarry, lower portion of Field and Hay rivers; north along the lower Plenty River and in eastern segment of Arunta (sometimes called Simpson) Desert, includes areas carrying ['pitjuri] (Duboisia hopwoodii) shrubs the leaves of which they exploited in trade (Tindale 1974).</p>"
G17,Ngawun,-19.80268514,141.9628637,QLD,"<p>At Iffley (in later postcontact times only), at Taldora and Millungera; east to Gregory Range and Saxby Downs; southwest to Julia Creek (Tindale 1974).</p>"
G21,Mbara,-19.84989287,143.3951331,QLD,<p>On Woolgar and Stawell rivers; north to Gregory Range and Gledswood; west to near Saxby Downs; east to Chudleigh Park; south to Cambridge Downs (Tindale 1974).</p>
G25,Mayi-Kulan,-18.78035758,141.8124153,QLD,"<p>Middle Norman, Yappar, and Clara rivers; north to Milgarra; east to Gregory Range; west to Iffley and Canobie Stations (Tindale 1974).</p>"
G23,Waanyi,-18.31324164,137.6208706,"NT,QLD","<p>Waanyi is located on the Gulf of Carpentaria, crossing the boundary between NT and QLD. It extends from Lawn Hill Creek and south of Nicholson River to the QLD boundary, west to Alexandria Station (Osborne 1966), east to the Barkly Tableland and southwest to Mt Morgan (Tindale 1974:237).</p><p>Neighbouring languages include Gunindirri <a href=""/austlang/language/C23"">C23</a> to the north and northwest, Yukulta / Ganggalidda <a href=""/austlang/language/G34"">G34</a> to the northeast, Nguburinji <a href=""/austlang/language/G19"">G19</a> to the east, Wambaya <a href=""/austlang/language/C19"">C19</a> to the west and Wakaya <a href=""/austlang/language/C16"">C16</a> to the south.</p>"
G29,Gundara,-16.05243479,141.8155884,QLD,"<p>... on the Staaten River, in the south-western part of the Cape York Peninsula. Galbraith Station and northern bank of the lower Staaten River inland to Old Koolatah, north to Inkerman and middle Nassau River (Tindale 1974)</p><p>West bank of Norman River, close to its mouth (Oates 1975:296)</p><p>Guandhar - Oates' information (West bank of Norman River, close to its mouth (Oates 1975:296) is grossly wrong: I'd put it roughly in the 'Inkerman Station area, between and a bit beyond the Nassau and Staaten Rivers', and probably extending to the coast (Black 2007 p.c.)</p>"
G32,Garandi,,,QLD,"<p>Mouth of Norman River; at Karumba (the proper n.n. Kurumba); from Normanton west to Flinders River; north to the Swinburne River; inland to Milgarra, Maggieville, and Stirling (Tindale 1974).</p>"
G35,Kayardild,-17.03057864,139.4892236,QLD,"<p>The Kaiadilt's traditional lands comprised the South Wellesley Island: Bentinck Island, Sweeers Island, several smaller islands, and sometimes Allen Island (Evans 1995:9).</p><p>The South Wellesley Islands extending west to Allen Island which was shared with Yangkaal (Harvey ASEDA 802). Bentinck Island and surrounding reefs; west to Allen Island (Tindale 1974).</p>"
G41,Parnkarra,-21.26027755,138.8104555,QLD,<p>... at Rochedale and west towards Headingly (Breen 1970).</p>
G52,Indjiladji,,,,<p>Camooweal - Yelvertoft (Breen 1988:[1]).</p>
G46,Bundjil,,,QLD,<p>Cloncurry or the Flinders and Saxby rivers area (Holmer 1988:105).</p>
G7,Ringu Ringu,-22.87928251,140.2647726,QLD,<p>Marion Downs (Roth 1897 as quoted in Blake and Breen 1971:9). On Hamilton River south of Hamilton and Wa-renda; west to Boulia; on Burke River southwest to Marion Downs; east to near Lucknow (Tindale 1974).</p>
G8,Yalarnnga,-21.8218442,139.7132708,QLD,"<p>On Wills Creek from south of Duchess to Fort William; on Burke River and Mort River to north of Chatsworth; at Noranside and Buckingham Downs (Tindale 1974).</p><p>Tindale's location leaves a sustantial gap between Yalarnnga and its western neighbour Warluwarra and it seems likely that Yalarnnga country extended further west, perhaps to Ardmore and certainly including Dajarra. Warluwarra speakers consulted by Breen did not know names of places in that area and seemed to regard it as Yalarnnga or Kalkutungu; the latter is unlikely because it is too far south (Breen & Blake 2007:2).</p>"
K11,Walki,-17.84614056,127.0630252,WA,"<p>Kimberley gold-fields, being bounded by the desert on the south, the Margaret River on the west, the Yamandil tribe (near the boundary of Western Australia) on the east, and the Ord River (where it crosses the Wyndham road) on the north, there touching the Munmulla or Curramulla tribe (Rigby, in Ray 1897:347).</p><p>Between upper Margaret and Ord rivers (Capell 1963).</p>"
K15,Bardi,-16.66816392,122.9022574,WA,"<p>Cape Leveque peninsula from Cape Borda in west to Cygnet Bay and Cunningham Point on east coast (Tindale 1974). One Arm Point and Lombadina (Stokes 1984:9).</p><p>Bardi traditional country is the area at the tip of the Dampier Peninsula, a two hundrend and fifty kilometre long peninsula north of Broome. The peninsula is roughly triangular and narrows from its base to a flat point at Cape Leveque, and a further arm just off the peninsula to the east of Cape Leveque for about twenty kilometeres. From the point begins a chain of islands (including Sunday Island), which crosses the entrance of King Sound. Bardi people inhabited the mainland area north of a line drawn between Pender Bay and Cunningham Point, and the islands closest to the tip of the Dampier Peninsula (the two largest being Jayirri and Jalan), while Jawi was spoken on Sunday Island and the islands further east and north (Bowern 2008:60).</p><p>The general territorial association was to the tip of Dampier Land Peninsula. South-eastward limit: The peninsula going out to Cunningham Point. South-westward limit: The southern shore of Pender Bay appears to have been associated with Bardi rather than Nyulnyul. ""Embalgun"" (Imbalgoon) is a Bardi name, not Nyulnyul (Harvey AILEC 802).</p>"
K19,Guwij,-15.28945962,127.0496627,WA,"<p>About Mt Barnett began the dialect known as Guwidj, which extends to Gibb River and Gorandji. (Coate & Oates 1970).</p>"
K29,Miriwoong / Miriuwung,-15.88629735,128.867674,WA,"<p>Carlton Hill homestead to the north, Newry station to the east, Rosewood to the south-east, Lissadell to the south and a line approximately that of the Hall's Creek road to the west. Where the Ord River becomes salty at Carlton Crossing is said to be the end of the Miriwung country and the beginning of the Wuladja country. The country takes in a large part of the Ord and the Dunham rivers and the Carr Boyd ranges (Kofod 1978:1).</p><p>Valley of Ord River north to Carlton; upstream to Ivanhoe Station and east to Newry Station. On the Keep River to near the coastal swamps (Tindale 1974).</p><p>Eastward limit: Rosewood and Newry homesteads were associated with Miriwoong. Northward limit: Drainages flowing into the Ord River associated with Miriwoong. Drainages flowing into the Victoria or directly into the sea associated with Gajirrabeng. Westward limit: Carlton Hill homestead was associated with Miriwoong. House Roof Hill was a western limit of Miriwoong associations. Molly Spring Creek Yard also a western limit of Miriwoong associations. The drainage of the Ord River downstream from Lissadell homestead. Southward limit: There was no precise information on the southward limit in 2007. It was somewhere not far to the south of Lissadell homestead (Harvey AILEC 0802).</p>"
K27,Bemba,,,,"<p>... spoken near the Forrest River and Cambridge Gulf, the estuary of the Ord River (McGregor 2006:42)</p>"
K34,Jiyil,-17.21705221,130.5393968,"NT,WA",<p>... the location given by Tindale is Malngin country. Jiyil lies to the east. They are the people of the Wattie Creek or 'Seale River' area (McConvell in Sutton 1995:109).</p>
K36,Gunin,-14.62684779,127.6671493,WA,"<p>... on the western side of the Joseph Bonaparte Gulf, in the region between the Forrest River and Drysdale River (McGregor 1993:5).</p>"
K37,Arnga,,,,"<p>South of the Forrest River; on King and Pentecost rivers, extending along the western side of Wyndham Gulf to the Durack River, but going no farther inland than the lower ends of the river gorges (Tindale 1974).</p>"
N178,Ngorrkgowo,-13.45184228,131.6779507,NT,"<p>My consultants did not know where the country of the Ngorrkogowo language was. However, the country on the east towards Pine Creek is the only possibility (Harvey 2003:298).</p>"
N177,Ngarlahmi,-14.08836479,132.3599592,NT,"<p>while the area around the upper Ferguson river was apparently associated with the Ngarlahmi dialect of Jawoyn, the area immediately to the south of Pine Creek on the Cullen and mid-Ferguson was associated with the Dagoman-speaking Gayn-jiwortbort clan. Wulwulam appears to have bordered diecretly onto Jawoyn in the west. The upper Mary River above Moine appears to be associated with the Jawoyn language (Harvey 2003:297 - information provided by Merlan).</p>"
K4,Ngumbarl,-17.51518092,122.4915047,WA,<p>Vicinity of Barred Creek; south from Coulomb Point to Willie Creek; inland for about 30 miles (50 km.); at Cape Boileau (Tindale 1974).</p><p>Willie Creek to Price's Point (Stokes 1984:9).</p>
K62,Bayimbarr,-15.63267112,127.9739165,NT,"<p>cf. Kimberleys map in Harvey (2008). Harvey gives the following description: The eastern, western and southern limits of Bayimbarr associations are negatively determined, on the basis of information on the limits of Gajirrabeng, Miriwoong, Ngarinyin and Wurla. However, it should be noted that these boundaries match reasonably well to Tindale's description of the eastern and southern affiliations of Arngga. The western part of the northern boundary follows from Tindale's description of Arngga and its neighbours. The eastern part of the northern boundary follows from the description given by Gajirrabeng and Miriwoong people of the associations of Dulngarri.</p>"
K53,Yawijibaya,-16.03065673,124.1487546,WA,"<p>On the Montgomery Islands, n.n. ['Jawutjap] (this name applies probably only to the main island), including those in the southern part of Collier Bay (Tindale 1974).</p><p>Yawijibaya was associated with the Montgomery Islands and probably also with the Wood Islands (Harvey AILEC 0802).</p>"
K59,Gulunggulu,,,,
Y28,Ungawangadi,-12.64910858,142.0623192,QLD,<p>Lower Mission River (Tindale 1974).</p>
L17,Dieri,-28.22809102,139.0584151,SA,"<p>... eastern SA - bounded approximately by a line drawn through the present day township of Marree, Mt. Freeling (in the northern Flinders Ranges) and Lakes Blanche, Gregory, Hope, Perigundi, Howitt, Kitta-kittaooloo and Killalpaninna (Austin 1981:2-3).</p><p>Cooper Creek between Killalapaninna and near Coongie; at Cowarie, Mulka, Lake Howitt, and Lake Hope; south to Lake Gregory and Clayton River and low country north of Mount Freeling (Tindale 1974).</p><p>Their country is about 600 miles north of Adelaide ... and is bounded at the most southerly point by Mount Freeling, at the most northerly point by Pirigundi Lake (on the Cooper River), at the most easterly point by Lake Hope, and at the most westerly point at a part yest unnamed, but about eighty miles from Lake Hope. This country is traversed by Cooper's Creek ... (Gason, 1874: 11).</p>"
L23,Yawarrawarrka,-26.53440658,140.4391338,SA,
L25,Wangkumara,-27.57048538,141.8854184,QLD,"<p>Northwest of Annandale, at Kalidawarry, lower portion of Field and Cooper Creek east of Nappa Merrie and Orientos to the Wilson River at Nockatunga. In postcontact times at Chastleton and NCarcowlah where they mixed with uncircumcised Kalali. Mathews (1905) used the tribal term as a general name for several tribes with similar languages along Cooper Creek (Tindale 1974:190).</p><p>... inhabits the Bulloo within a radius of twenty miles around Thargominda (Myles, in Curr 1886-87:36).</p>"
L27,Wangkangurru,-25.88626857,137.1817585,SA,"<p>... the area to the west and north of Lake Eyre (for Arabana and Wangkanguru) (Hercus 1994:6). On Mount Dare; at Blood Creek; east on Macumba Creek; on lower Finke River; in southern portion of Arunta (Simpson) Desert; southeast to Kallakoopah Creek and the Warburton; at Atna Hill (Tindale 1974). (On Bowern's map (2001), it extends further to the north.)</p>"
N18,Jaminjung,-15.15402829,130.3903023,NT,"<p>... formerly between the Fitzmaurice and Victoria Rivers (Cleverly 1968:1).</p><p>... it was said that Djamindjung went to Bradshaws Run and the north side of the Vicotria River to its mouth (Akerman in Sutton 1995:112).</p><p>There was no precise information on the limits of Jaminjung associations in 2007. The general association was to the plain country between the East Baines and the Fitzmaurice. The most certain general association was to the drainage of the Angalarri. The most reliable information, gathered in 1996, indicated that the upper Fitzmaurice, including Wombungi homestead was associated with Jaminjung. Bradshaw homestead was associated with Jaminjung. There was no clear evidence as to the status of Yabby Creek drainage, to the west of Bradshaw homestead. This area is an ecological zone change, and these are commonly associated with language zone changes. This general consideration suggests that the Yabby Creek drainage was associated with Murriny-Patha rather than Jaminjung. However, a Jaminjung association is possible. The southern bank of the Victoria between Big Horse Creek and the Pinkertons was associated with Jaminjung. There was no precise evidence on how far south Jaminjung associations extended. However, Jaminjung and Ngaliwurru are extremely close dialects linguistically. Every other known case of close dialects in Australia involves a common boundary. The only possible common boundary is if Jaminjung extended south to the Newcastle Ranges. There is no clear evidence as to whether the East Baines, downstream from the Newcastle Ranges was associated with Jaminjung. It could have been associated with Jiyilawoong (Harvey AILEC 0802).</p>"
L44,Yandjibara,-24.65633353,145.6108717,QLD,
N198,Dhuwal,-12.71246521,136.0098575,NT,"<p>A grouping of clans (mala) of the Dua moiety living intermingled with Duwala of the Jiritja moiety between Castlereagh Bay, Buckingham River, and the east coast of Arnhem Land, and extending along that coast from Koolatong River to about Port Bradshaw (Tindale 1974).</p>"
L4,Nukunu,-32.8178302,138.0694391,SA,"<p>Eastern side of Spencer Gulf from a little north of the mouth of the Broughton River and vicinity of Crystal Brook northward to Port Augusta; east to Melrose, Mount Remarkable, Gladstone, and Quorn; at Baroota (Tindale 1974).</p>"
Y32,Alngith,-12.64363253,141.926719,QLD,<p>Weipa and east (Tindale 1974).</p>
N218,Mininggiri,,,NT,<p>(Ritharrngu)</p>
Y45,Umpila,-13.64420087,143.4314357,QLD,"<p>... south of Cape Sidmounth to north of Massy Creek and hinterland (Thompson 1988:2).</p><p>... a narrow strip of coastline extending from Breakfast Creek, at the north of Princess Charlotte Bay, to cape Sidmouth (Thomson 1972:3).</p><p>... the Umpila dialect area occupies about 55 kilometers of narrow coastal plain and low hills from the Massey River to as far north as Cape Sidmouth (Chase & Sutton 1987:73). Contemporary location: Nowadays most Umpila people reside in Lockhart River Aboriginal Community (Hill 2011:58).</p>"
Y39,Ntra'ngith,-12.50209993,142.1093217,QLD,<p>North side of Mission River (Tindale 1974:189).</p><p>... in the Mission River area (Crowley 1981:149).</p>
N102,Marri Ngarr,-14.21069418,129.8507263,NT,"<p>... around the Moyle River near Port Keats (Tryon 1974). The general association was to the swamp and adjacent higher country on the southern side of the Moyle from about 10kms upstream of the mouth to the junction with Tom Turner's Creek. A smaller area on the northern side of the Moyle was also associated with Marringarr (Harvey AILEC 802).</p><p>Marri Ngarr country is located on the floodplains of the Moyle River and small coastal areas, including the communities of Nama, Wudipuli, Kubiyirr, Mardingarr and Kulinmerr. (Nambatu 2009:2-3). Contemporary location : Most speakers live in Wadeye community; some live in Nauiyu, 20km north-east of Wadeye on the Daly River. (Nambatu 2009:3).</p>"
L7,Yadliawara,-31.09778577,139.8040762,"NSW,SA",<p>Yardliyawara (Jadliaura): Eastern side of northern Flinders Ranges from Wertaloona south to Carrieton and Cradock; east to Frome Downs; at Holowilena Station on Siccus River; west to Arkaba and Hawker (Tindale 1974) Ngurunta:Area from west of Barrier and Coko ranges to eastern shore of Lake Frome; south to about midwaters of Eurinilla Creek; north to about Boolka Lake and vicinity of Yandama Creek (Tindale 1974)</p>
N100,Gamalangga,,,NT,<p>(Yan-nhangu)</p>
N108,Liyagalawumirr,,,NT,<p>(Dhuwal)</p>
N113.1,Ngaladharr,,,NT,<p>(Dhuwal)</p>
N27,Wagiman,-14.01217225,131.1693589,NT,"<p>According to Warray and Wagiman people Hayes Creek and Butterfly/Dougas Gorge are in traditional Wagiman country (Harvey 2003:297). The general associations were to the Daly River drainage between its junction with Jinduckin Creek and its junction with Hayward Creek. There was little precise information on the limits of Wagiman associations in 2007. In the south-east, Ejong Billabong was associated with Dagoman, though this is close to the north-western limit of Dagoman associations. In the north, Hayes Creek was associated with Wagiman. Mt Osborne was not associated with Wagiman. Mt Shoebridge does not appear to have been associated with Wagiman. Plateau Point was associated with Wagiman. It is unclear how far upstream on the Douglas, Wagiman associations extended. In the west, limits have been extrapolated from drainage basin boundaries. Wagiman associations did not extend west of the Hayward Range. Fletcher's Gully Mine was associated with Ngan'gityemerri. In the south, limits have been extrapolated from drainage basin boundaries (Harvey ASEDA 802). About Dorisvale; southwest of Daly River; west of Ooloo; on Bamboo Creek; north to Douglas Homestead (Tindale 1974).</p>"
N116.A,Bilin,,,,
N116.H,Djamundja,,,,
Y49,Wik Elken,-13.71738214,141.5995202,QLD,<p>Wik-Ngatharr: From the Knox River to Love River along coast and inland to Kencherang (Sutton 1995:iii).</p>
N116,Dhuwaya,-12.2661061,136.8700978,NT,<p>it is associated with the Yirrkala settlement in a non-traditional way (Amery MS 2823:2).</p>
N121,Ngarnka,-16.45167137,134.8262768,NT,"<p>O.T. Downs and Beetaloo, N.W. Barkly Tablelands and forest country north of the Tablelands (Chadwick) (Oates 1975:27).</p><p>On upper Limmen Bight River (i.e., upper Spillen Creek south of the Four Archers); southeast to Old Bauhinia Downs (Tindale 1974).</p><p>There was little precise information on the limits of Ngarnka country in 2007. In the southwest, the area around Mundah Waterhole and Mungabroom waterhole was the changeover area from Ngarnka to Jingulu. OT Downs homestead was affiliated with Ngarnka, and Tanumbirini homestead appears also to have been affiliated to Ngarnka. There was no precise information in 2007 as to whether Old Tanumbirini homestead was associated with Ngarnka or Alawa (Harvey AILEC 0802).</p>"
N123,Bunanatjini,,,NT,<p>(Ritharrngu)</p>
N124,Dhämalamirr,,,NT,
N230,Yolngu Matha,,,NT,"<p>North-east Arnhem Land, Northern Territory.</p>"
N140,Rirratjingu,,,NT,<p>(Dhangu)</p>
N227,Karaman,,,,<p>Between Willeroo and Katherine on the headwaters of streams flowing into the Daly River; east to near Mataranka and western border of Elsey; on the King River (Tindale 1974).</p>
Y50,Umpithamu,-14.03556835,143.4488543,QLD,"<p>Goose Swamp, inland and south of Running Creek but also inland and coastal countries to the north (Rigsby 1992:357.). Breakfast Creek region (Thompson PMS 1825). Nesbit River to Port Stewart (Oates 1975:261). Umpithamu belongs to estates around goose Creek and Goose Swamp in the south of Princess Charlotte Bay, as well as estates further north around the Stewart River (see Rigsby 1999 on this discontinuous distribution) (Verstraete 2008: 332).</p>"
N148,Gobadeindamirr,,,,
N42.1,Bugurnidja,-12.76591097,132.7021295,NT,<p>Lower Nourlangie Creek (Top End Handbook).</p><p>The general association was to the drainage of Nourlangie Creek from its junction with the South Alligator to about Mt Cahill (Harvey AILEC 0802).</p>
N15,Emmi,-13.51678358,130.1162368,NT,"<p>Traditional territory: Between Banagaya (red Cliff) and Mabulhuk (Cape Ford) (Ford 1998:8). Current speakers are in Belyuen, a Government settlement on the Cox Peninsula, Bagal, an outstation on the coast of Anson Bay and Wadeye (Ford 1998). from Cape Ford to a point about 18 1/2 miles north of Point Pearce (Basedow 1907:2). Stanner (1970 MS) maps them as on the coast south of the mouth of Daly River, extending south to about Red Cliff (Tindale 1974).</p><p>Emmi occupies a coastal strip to the south of the mouth of the Daly River, extending from the Cliff Head region down towards Red Cliff... The Emmi community is today based primarily at Belyuen .. (Green & Nordlinger viewed November 2020).</p>"
Y56,Wik Ngathanya,,,,<p>Coast at mouths of Kendall River (Tindale 1974).</p>
N155,Garrwa,-16.85677792,137.2737774,NT,"<p>Garrwa is located the Gulf of Carpentaria, NT, and crosses the Queensland border. It extends from the Macarthur River in Borroloola east to the ex-mission at Doomadgee and the Nicholson River (Mushin 2012:1). This territory also reaches as far south as the ends of the rivers originating from the Gulf (Mushin 2012:1).</p><p>Today, Garawa People associate with the coast near the mouths of the Robinson, Wearyan and Folsche Rivers, despite the traditional country not reaching the coast (Breen 2003:425; Mushin 2012:1).</p><p>Neighbouring languages include Yanyuwa <a href=""/austlang/language/N153"" rel=""noopener noreferrer"">N153</a> to the north, Yukulta / Ganggalidda <a href=""/austlang/language/G34"" rel=""noopener noreferrer"">G34</a> to the east, Gunindirri <a href=""/austlang/language/C23"" rel=""noopener noreferrer"">C23</a> to the south and Gudanji <a href=""/austlang/language/C26"" rel=""noopener noreferrer"">C26</a> and Binbinka <a href=""/austlang/language/N138"" rel=""noopener noreferrer"">N138</a> to the west (Mushin 2012:1).</p>"
N168,Djimbilirri,,,NT,
N179,Ngardawuli,-11.28981651,131.932295,NT,<p>Tip of Cobourg Peninsula (Harvey PMS 5822).</p>
Y64,Pakanh,-14.59143707,142.3477301,QLD,<p>Headwaters of Holroyd & Edward Rivers (Oates 1975:277). Upper Edward River (Tindale 1974).</p>
N186,Bininj Kunwok,-12.57799587,133.5566359,NT,"<p>The area roughly bounded by the Stuart Highway to the west, the Arafura Sea to the north, the Goyder River to the east and the Roper River to the south (Evans 2003:6).</p><p>Eastern limit: The Cadell River drainage, excluding the mouth area which was associated with Burarra, and the headwaters in the plateau which appear to have been associated with Dalabon. Northern limit: This is negatively defined in terms of the known and estimated extents of the coastal languages. Essentially from the Cadell River to Angularli Creek, but not approaching closer than 10-20km to the coast. Western limit: Tor Rock was associated with Amurdak. The upper Cooper Creek drainage from about 20km upstream of Mt Borrodaile was associated with Bininj Gunwok. Downstream of this point was associated with Amurdak. Nimbabirr Hill was associated with Bininj Gunwok. Upper Tin Camp Creek drainage. Myra Falls was associated with Bininj Gunwok. Mudginberri, Jabiru, Mt Brockman, Koongara, Deaf Adder Creek were all associated wtih Bininj Gunwok. There was no precise information in 2007 on the southern limits of Bininj Gunwok associations. The limits have been extrapolated from drainage basins. The East Alligator and Liverpool appear to have been associated with Bininj Gunwok. It is however possible that the headwaters of the East Alligator were in fact associated with Jawoyn. There is no definitive information on the plateau section of the Mann River. Tindale states that the Dalabon were associated with ""East of headwaters of Liverpool River; on headwaters of Cadell and Mann rivers."" This argues against associating Bininj Gunwok with the plateau section of the Mann River (Harvey AILEC 0802).</p>"
N189,Mukngirru,-12.92760996,130.5374669,NT,"<p>I have one reasonably good piece of information on the Gungarakany proper dialect which places it at Litchfield station. Consequently I assume that Gungarakany proper was associated with basically the lower-middle Reynolds. By elimination that leaves the Lower Finniss as a location for Mukngirru following the general principle that within ecologically similar zones, drainage basins are likely to be a boundary. (Harvey 2007 p.c.)</p>"
N17,Ngen'giwumirri,-14.24563928,130.4613106,NT,"<p>... south of the central Daly River, along the Flora River to its junction with the Daly River (Tryon 1974). The eastern-most [boundary] runs the length of the Fish river, from Kuluy (Collah Spring) northwards to its junction with the Daly river. The northern boundary [...] roughly follows the Daly-Peppimenarti road (which in turn follows the old Daly-Port Keats walking track) [...] East to west then, Ngen'giwumirri country extends just over one hundred kilometres, from the Fish river to the muyil swamp near Wudipuli. (Reid & McTaggart 2008:359). Contemporary location: Nauiyu and Peppimenarti (Reid & McTaggart 2008:359).</p>"
Y66,Wurangung,-14.59994042,143.5668774,QLD,"<p>Saltwater Creek in the southwest corner of Princess Charlotte Bay; inland toward Musgrave (Tindale 1974) (This covers Guluy <a href=""/austlang/language/Y160"">Y160</a> as well.)</p>"
N183,Manangkarri,-11.55548091,133.1725261,NT,"<p>... the two Goulburn islands, possibly mainly on North Goulburn Island (Weyirra) (Singer 2006. p.c.).</p><p>The general associations were to North Goulbourn Island and the coast from west of Angularli Creek and including Gningarg Point area, and inland about 10kms (Harvey AILEC 0802).</p>"
N5,Alura,,,,"<p>Northern bank of lower Victoria River from mouth eastward nearly to Bradshaw (Tindale 1974, Capell 1963).</p>"
N206,Djadiwitjibi,,,NT,<p>Their country is around Ramingining (Keen 2007 p.c.). (Djinang)</p>
N20,Tiwi,-11.56336122,130.7597491,NT,<p>Melville and Bathurst islands (Tindale 1974).</p>
N192,Dhangu,-12.4269844,136.6073256,NT,"<p>Yirrkala Mission area and generally around Cape Arnhem, Melville Bay, and Port Bradshaw (Tindale 1974).</p>"
N190,Gun-narda,-12.12789527,134.6619213,NT,<p>...at the 'base' (mouth of the Blyth River ... Martay on the eastern side of the Blyth River (Glasgow 1994:7).</p>
N224,Gonbudj,-12.45343626,132.1564989,NT,"<p>West of the South Alligator River between Ga'baarlgu and Mt Hooper (Top End Handbook).</p><p>The general associations were to the coast west from the mouth of the South Alligator to and including Carmor Plain. Thrings Creek was associated with Limilngan. Barron Island appears to have been associated with Gonbudj. Field Island was associated with Ngaduk. There was no precise information on the inland limits of Gonbudj in 2007. The most reliable information on Gonbudj is the information provided by Fred Wardiirdi to Berndt & Berndt in 1949. As recorded in Berndt & Berndt (1989), Fred associated Carmor Plain (pp25-26), Marrabibi Hill (p34). Other statements about Gonbudj are recorded at p62-63, p104 (Harvey AILEC 0802).</p>"
Y6,Djagaraga,-10.81626591,142.5203416,QLD,<p>Cape York south to Escape River on eastern coast of Peninsula; on Mount Adolphus Islands and Albany Island (Tindale 1974).</p>
N196,Nyekuymirri,,,NT,<p>(Dhuwal)</p>
N26,Yunggor,-13.59730024,130.4134057,NT,<p>... area between Hermit Hill and the Daly River (Stanner 1933 as quoted by Tryon 1974). Areas of swampland west of Hermit Hill and south of the Daly River (Tindale 1974).</p>
N201,Gumadir,-12.4811261,133.5636061,NT,<p>Gumadir River NT.</p>
N36,Bilinarra,-16.96685957,130.7449655,NT,"<p>The Bilinara community live at Pidgeon Hole Station, an outstation of the larger Victoria River Downs Station (Nordlinger 1990:3).</p><p>The general affiliation was to the western drainage of the Victoria. Pigeon Hole, Gregory's Remarkable Pillar, and Mount Sanford were all affiliated with Bilinarra. Bilinarra affiliations extended west to Midnight Yard (Harvey AILEC 802).</p>"
N37,Wurrugu,-11.36143458,132.0931236,NT,"<p>Wurrugu is one of four language varieties once spoken around the eastern end of the Cobourg Peninsula in NT, in the area stretching from Popham Bay west to Cape Don (Evans 1996:91). This language is now spoken chiefly at the settlement on Croker Island. However it is historically associated with the mainland opposite Croker - the neck of Cobourg Peninsula and the area around Murganella. The language associated with Croker is Marrgu (Harvey PMS 5822). Cobourg Peninsula from the drainages leading into Port Victoria on the northern side and from about Wangarlu Bay on the southern side (Harvey AILEC 802). Western end of Cobourg Peninsula (Tindale 1974).</p>"
N208,Munggurrpi,,,NT,<p>(Djinang)</p>
N43,Mbukarla,-12.98300656,132.3665819,NT,"<p>Middle reaches of the South Alligator, including lower Jim Jim Creek (Top End Handbook) ...</p><p>on lower Jim Jim Creek and on the South Alligator south from the junction with Jim Jim Creek (Harvey PMS 5822)</p><p>The general association was to the South Alligator valley south from the Arnhem Highway crossing to around the area of Long Billabong. Fred Wardiirdi (Berndt & Berndt 1989:324-325) associated the area immediately to the west of the Arnhem Highway crossing with Umbugarla (Harvey AILEC 802)</p><p>South-west of Oenpelli near Bamboo Creek were the Ambugula (or Numbugala) while at the top of the Alligator River the Banidja (or Buneidja) language was spoken; between these groups and further south-west were the Wada, Widjilg, Bugo?idja, ?umbu, Gundudj, Bugula and south Djauun, who do not come under consideration here (Elkin, Berndt & Berndt 1951:255).</p>"
N217,Buwarrpuwarr,,,NT,<p>(Ritharrngu)</p>
N51,Wada,-12.46989857,132.5636539,NT,"<p>South-west of Oenpelli near Bamboo Creek were the Ambugula (or Numbugala), while at the top of the Alligator River the Banidja (or Buneidja) language was spoken; between these groups and further south-west were the Wada  ... ' (Elkin, Berndt & Berndt, 1951:255)</p>"
N68,Yangman,-15.41429146,132.4994828,NT,"<p>Yangman country lies to the east and north (of Wardaman), on the Dry River and running back north along major waterways to present Mataranka (Merlan 1994:7).</p><p>South and east of Mataranka (Top End Handbook).</p><p>The general associations of Yangman were to the drainage of Dry River, Western Creek, Elsey Creek, and the Roper River from its junction with Salt Creek to approximately its junction with Maranboy Creek. The name of Easter Billabong at the junction of the Roper River and Maranboy Creek is Biruhmi (h = glottal stop). The glottal stop is found only in Jawoyn, and as such this is a Jawoyn name. It appears to be the southern limit of Jawoyn associations, and the northern limit of Yangman associations (Harvey AILEC 0802).</p>"
N221,Muralidban,-12.24119972,134.1824059,QLD,"<p>West side of Liverpool River, from mouth to junction with the Mann River (Oates 1975:12).</p>"
N220,Giimbiyu,-12.48082402,133.0564117,NT,"<p>Cahills crossing - Mikkinj Valley (Top End Handbook). The general association was to the mid East Alligator drainage. Cannon Hill and Oenpelli were associated with Giimbiyu. Nimbabirr Hill was associated with Bininj Gunwok. Lower Tin Camp Creek was associated with Giimbiyu. Upper Tin Camp Creek, including Myra Falls, was associated with Bininj Gunwok (Harvey 2008 AILEC 0802).</p>"
N115,Djambarrpuyngu,,,NT,<p>... lands surrounding Buckingham Bay to the west of Galiwin'ku (Wilkinson 1991:3).</p>
N114,Budalpudal,,,NT,
N116.D,Dholpuyngu,,,,<p>Matamata (Oates 1975:388).</p>
N138,Binbinka,-16.36136512,136.0457131,NT,"<p>... the McArthur River district for forty miles south of Borrollola (Basedow 1907:3)</p><p>Southeast from Old Bauhinia Downs; on McArthur River Station; around Campbell Camp; on upper reaches of McArthur and Glyde Rivers (Tindale 1974).</p><p>There was no precise information on the limits of Binbinka affiliations in 2007. The following places were associated with Binbinka: Borroloola, Goose Lagoon, Billengarrah homestead, Bauhinia Downs homestead (Harvey AILEC 0802).</p>"
N141,Gumatj,,,NT,<p>(Dhuwala)</p>
Y78,Kuku Yalanji,-16.49744785,144.6293752,QLD,"<p>Speakers of the Kuku Yalanji language traditionally inhabited an area of over 2000 sq km extending from the Mossman River in the south to the Annan River in the north, bordered by the Pacific Ocean in the east and extending inland to presumably just west of Mt Mulgrave (Patz 2002:6).</p><p>Head of Palmer River, cast from Palmerville to Mount Lukin; south and west of the Dividing Range to upper Mitchell River; at Maytown; east to Byerstown (Tindale 1974).</p>"
N152,Walu,-15.72119237,137.0276688,NT,<p>Vanderlin Island (Tindale 1974).</p>
Y81,Kuku Walandja,,,,<p>Head of east Normanby River; west to Dividing Range (Tindale 1974:177).</p>
N160,Ngan'gimerri,-14.00459251,130.6119063,NT,"<p>Dialect of Ngan'giwumirri spoken by northern-most clan (Reid 1990). spoken at Peppimenarti, Daly River, Nganmarriyanga and Wudipuli. (Blythe 2009:31)</p>"
N164,Mariyedi,-13.72102164,130.0513079,NT,<p>Westward of Mount Greenwood on a system of swamplands extending northward toward Cape Scott; 11 on NW map. (Tindale 1974).</p>
N165,Marrabanggu,,,NT,
N169,Kerniyn'mi,-13.6537488,133.5850506,NT,<p>... seems to have been associated with the area of Gimbat and onto the Arnhem escarpment (Merlan & Jacq 2005:2).</p>
N79,Walamangu,,,NT,<p>(Yan-nhangu)</p>
N176,Letpurrirt,-14.15531425,132.2538075,NT,"<p>seems to have been spoken on the lower Katherine River (and some say, on the Ferguson River and down to its junction with the Edith) (Merlan & Jacq 2005:2).</p>"
N85,Yugul,-14.74623675,134.8307438,NT,"<p>Roper River, around Ngukurr (Top End Handbook).</p><p>Vicinity of Leichhardt Bar (Urapunga) and on the south bank of Roper River at mouth of Hodgson River; north to Mount Favenc (Tindale 1974).</p><p>The following places were associated with Yukul: Ngukurr, St Vidgeon homestead, Nawaparr Gorge, Namiliwirri Lagoon. The most certain general association of Yukul was to the lower Roper, other than the mouth which was associated with Warndarrang. Given the linguistic connection to Marra, it would appear that there was a common boundary with Marra. Given the known territorial affiliations of Alawa, Marra, and Warndarrang, this common boundary was most plausibly between the middle Towns River the Limmen Bight River. As such, it appears that the middle Towns was associated with Yukul. There was no precise information in 2007 on the affiliations of the drainages originating in the southern side of Downers Range. However, names such as Namiliwirri suggest that some at least of this was associated with Yukul (Harvey AILEC 0802).</p><p>The Yugul Mangi Development Aboriginal Corporation represents the seven clans of South East Arnhem land. On the Northern side of the Roper, these lands extend from Blue Mud Bay across toward Bullman, down the Wilton River Valley to Roper River and out to the Gulf. On the Southern side of the river the lands extend from west of Buddawka to the Hodgson River and includes the Towns River and Limmen River systems and coastal areas between. This area includes the newly declared Limmen National Park and the Mara Land Trust.</p>"
N8,Ngan'gikurunggurr,-14.18557096,130.1037173,NT,<p>... somewhere south-east of Port Keates (Capell 1963 as quoted by Tryon 1974).</p>
N185,Burdinmanduwij,-11.3102845,131.9291184,NT,
N87,Manyarring,,,NT,
N19,Ngaliwurru,-16.07262772,130.5423272,NT,"<p>Murranginy (One Mile), Myatt (Five Mile), Gilwi (Eleven Mile) and Fitzroy Station (Shultze-Berndt 2000).</p><p>The general associations were to the upland country on the southern side of the Victoria from Stokes Range to Newcastle Range and south to the boundary with the Humbert River drainage. The Humbert River drainage was associated with Ngarinyman. The following areas and sites were associated with Ngaliwurru: Kidman Springs, Jasper Gorge, Stokes Range, Bardia Yard, Dodger Spring Yard, Bullita, the drainage of the East Baines upstream from the Newcastle Range (Harvey AILEC 0802).</p>"
N193,Golumala,,,NT,<p>(Dhangu)</p>
N197,Wutjara,,,NT,<p>(Dhuwal)</p>
N199,Dhuwala,-12.65404515,135.9581203,NT,"<p>Their country extends northeast of a line running between Castlereagh Bay and the east coast of Arnhem Land at Port Bradshaw, Cape Shield, and as far south as Koolatong River (Tindale 1974).</p>"
N210,Walmapuy,,,NT,<p>(Djinba)</p>
S5,Peramangk,-34.86256714,138.8922004,SA,"<p>In Mount Lofty Ranges from Myponga north to Gawler and Angaston; east to Wright Hill, Strathalbyn, Kanmantoo, and along the eastern scarp of the range to near Towitta (Tindale 1974).</p>"
N207,Wora,,,NT,"<p>Woolen River, Northern Territory (Keen 2007 p.c.).</p>"
N209,Däbi,,,NT,<p>(Djinba)</p>
N216,Ngurruwula,,,NT,<p>(Yan-nhangu)</p>
N219,Manggurra,,,NT,"<p>Lower Dhrabudboi River near Blue Mud Bay, Dhuwa moiety (Oates 1975:317).</p>"
Y92,Kuku Yanyu,,,,<p>South of Bloomfield River from Mt. Peter Botte to Stukcup Gap (Oates 1975:257).</p>
N225,Meritjamui,,,,
N228,Bararrpararr,,,NT,<p>The Wessel Island clan is called today Bararrpararr (Schebeck 2001:44).</p>
Y93,Koko Dhawa,-16.05090054,141.8061533,QLD,"<p>Kwantari: Galbraith Station and northern bank of the lower Staaten River inland to Old Koolatah, north to Inkerman and middle Nassau River (Tindale 1974).</p>"
N30,Djowei,,,,"<p>East of Adelaide River (Spencer); an inland tribe, between Awarai and Djerimanga and extending to South Alligator River. Probably originally did not come west of the Mary River; they now range west to the Adelaide River (Tindale 1974:224).</p>"
N35,Wardaman,-15.35692806,131.5269975,NT,"<p>Scott creek (Wugimadgun) as an approximate northern boundary, the junction of Scott Creek and the Katherin River (Mululeyn) as the north-western extent, Romula Knob as an approximate south-easterly extent, the road crossing of the Victoria River (Langgay) a south-westerly one, and the rough country rising to to the Dry River plateau an approxmiate eastern side. Most Wardaman now live in and around Katherine (Merlan 1994:7-8).</p><p>The general associations were to the drainages of Aroona Creek, Hayward Creek, Delamere Creek, and the headwaters of Scott Creek. Eastward limit: The drainage of Dry River was largely associated with Yangman. Drainages to the west of the Dry River drainage were associated with Wardaman. Northward limit: The crossing of the Victoria Highway on Scott Creek marks the northern limit of Wardaman associations. Westward limit: There was no precise information on the westward limit in 2007. Innesvale homestead was associated with Wardaman. Southward limit: Romola Knob marked the southern limit of Wardaman associations (Harvey AILEC 0802).</p>"
Y95,Kutjal,-17.31200751,143.2209542,QLD,"<p>Middle Staaten River, Q (Oates & Oates 1970:204, Capell 1963). Upper Staaten and middle Einasleigh rivers; north to about Lynd River; south to about Lane Creek and the northern vicinity of Georgetown. Not to be confused with the Kutjala (Tindale 1974).</p>"
N39,Iwaidja,-11.61294718,132.6962202,NT,"<p>The north coast from the De Courcy Head area to and including the southern half of Bowen Strait. The neck of Cobourg Peninsula east from about Wongarlu Bay. Murganellam. There was no precise information in 2007 on the southern limits of Iwaidja affiliations (Harvey ASEDA 802). The Iwaidja language is spoken on Croker Island and the Cobourg Peninsula in Western Arnhemland, Northern Territory. (Pym & Larrimore 1979).</p>"
N40,Ngaduk,-12.21167799,132.5960301,NT,"<p>Along coast from Mt Hooper to the mouth of the East Alligator (Top End Handbook). ... on either side of the mouth of the South Alligator, on the east to about Pt Farewell and in the west including Mt Hooper (Harvey PMS 5822). The coast between the mouths of the East and South Alligator Rivers, and inland about 10-15km. Field Island was associated with Ngaduk. Barron Island was associated with Gonbudj (Harvey ASEDA 802).</p>"
N45,Marrku,-11.15766329,132.56024,NT,<p>This is the language historically associated with Croker Island (Harvey PMS 5822).</p><p>Croker Island apart from a small pocket on the northern end of Bowen Strait which was associated with Garig (Harvey AILEC 802).</p>
N50,Gaagudju,-12.43407733,132.6716085,NT,<p>Floodplains north of Cannon Hill and the Arnhem Highway (Top End Handbook). The general association was to the plain country between the South and East Alligator Rivers. Eastward limit: Jabiru and Mudginberri were associated with Bininj Gunwok. Ja-Ja and Jabiluka were associated with Gaagudju. Cannon Hill was associated with Giimbiyu. North-eastern limit: The East Alligator. Northern limit: To within about 10-15km of the coast. Western limit: The South Alligator. Southern limit: The Arnhem Highway is a reasonable approximation to the southern limit (Harvey ASEDA 802).</p>
N55,Erre,-12.42608346,133.0652285,NT,"<p>Red Lily Billabong - Cahill's Crossing - Cannon Hill (Top End Handbook).</p><p>... in the Cahill's Crossing, Cannon Hill, Ubirr area (Harvey PMS 5822).</p><p>... the country to the southwest of Mengerrdji, centering on the area between Oenpelli and Cahill's Crossing, and incorporating Woerrk (Red Lily Lagoon) (Birch 2006:3).</p>"
N56,Gundudj,,,,<p>S.W. of Alligator River (Capell 1963).</p>
S68,Kurnai,-37.97511,146.9726247,VIC,<p>... almost all of Gippsland from Inverloch to Cann River (Gardner 1996:5).</p>
N65,Kunwinjku,-12.1735063,133.4827345,NT,"<p>Approximately twenty miles from the coast at its closest point. from the upper reaches of the Coopers Creek, north of Oenpelli, to the Liverpool River, south-west of Maningrida. Gunbalanya (formerly Oenpelli) (Evans 2003:13).</p>"
N69,Kunbarlang,-11.93224616,133.8938911,NT,<p>The country in which Gunbarlang is traditionally spoken extends westwards along the coast from the mouth of the Liverpool River (across the estuary from Marningrida Settement) to the mouth of the Goomadeer River (Coleman 1982: Introduction). The general associations were to the coast from the western side of the Liverpool River estuary to Iliwan Swamp and inland for about 20km (Harvey AILEC 0802).</p>
N70,Kune,-12.3980068,134.3865989,NT,"<p>Cadell River region south of Maningrida, centred around the outstations of Korlobidahdah (Kune Narayek) and Bolkdjam and Buluhkaduru (Kune Dulerayek) (Evans 2003:16).</p>"
N72,Yan-nhangu,-12.00767836,135.2364169,NT,"<p>... from the Crocodile Islands in the west to the Wessel Island in the east... Many Yan-nhangu people now live at the ex-mission settlements on their homelands at Milingimbi and Galiwin'ku, although some also live at Maningrida (the next community to the west) and surrounding outstations.... There is also a Yan-nhangu outstation settlement on the largest of the outer Crocodile Islands of Murrungga, some 50 kilometres from the northern Australian coast (Bowern & James, 2010: 361-362).</p>"
N74,Ndjébbana,-12.1555482,134.2743826,NT,"<p>Ndjébbana speakers traditionally owned lands on the eastern side of the mouth of the Liverpool River in central Arnhem Land (upstream almost as far as Bat Island), the two islands in the mouth of the river, lands stretching along the coast of the Arafura Sea eastwards from the Liverpool River and some adjacent inland territories in the vicinity of Gudjerama Creek (Karddjirráma), Tomkinson River and Cadell River (McKay 2000:157). Currently speakers live in and around Maningrida (McKay, 2000:167).</p>"
N75,Gurr-goni,-12.22841313,134.2867064,NT,"<p>Eastern side of Tonkinson River (Glasgow 1994 Burarra-Gun-nartpa dictionary ) traditional territory - inland from and south of the settlement of Maningrida. Its western border lies along the Tomkinson River. To the north, bordered by Ndjebbana country and Nakkara. In the east, it meets Burarra country just short of the Bitjuwu/Binyjawa swamp, and the Gurr-goni/Burarra border runs south roughly in line with the Cadell River. To the south lie the lands of the Kuninjku speaking Kardbam clan (Green 1995:3-4). The general association was to the floodplain of the Tomkinson River from just behind the coast, but not as far south as the road to Oenpelli, and to the higher country eastwards to the western side of the Cadell River (Harvey ASEDA 802).</p>"
N80,Nakkara,-12.08445713,134.3642204,NT,"<p>The traditional tribal area of the Nakkara is a shallow coastal pocket in the Boucat Bay area extending from near the mouth of Garddjarrama (Gudjarama) Creek along the coast, east of Namayerra (Anameyerra) Creek to the mouth of the Blyth River, and inland about sixteen kilometres. The majority of Nakkara people now live in the government settlement of Maningrida (Eather 1990:4). The general associations were a shallow coastal pocket on Boucat Bay extending about 16km inland from Anamayirra Creek west to Garddjarrama Creek (Harvey ASEDA 802).</p>"
Y59,Kugu Nganhcara,-14.48978103,141.7921889,QLD,"<p>... between Kendall River and Moonkan Creek. Today, it is spoken chiefly at Edward River and Aurukun (Smith & Johnson 2000).</p><p>Between mouths of the Holroyd River (Tindale 1974).</p>"
N84,Djarawala,,,,
N92,Alawa,-15.52367382,134.4795864,NT,"<p>Hodgson Downs, Nutwood Downs, Tanumbirini stations, south of the Roper River and the east of the Stuart Highway (Sharpe 1972/Top End Handbook). west of the Binbinga, in the Limmen River district (Basedow 1907:3). Southern tributaries of Roper River upstream from the mouth of the Hodgson River west to Roper valley; south to Mason Bluff (Mount Mueller) and Hodgson Downs; east to the headwaters of Mountain Creek where in the year 1922 they had a refuge cave with buried stores of water lily seeds, examined by this author (Tindale 1974). The general territorial associations were to the Hodgson River drainage, the upper Towns River drainage, and the Cox River drainage. The Cox River was associated with Alawa until the point where it turns to flow east-west close to the junction with the Limmen Bight River. The east-west running reach of the Cox was associated with Marra. The headwaters fo the Arnold River appear to have been associated with Ngarnka. The following places were associated with Alawa: Cox River homestead, Nutwood Downs homestead, Hodgson River homestead, Minyerri, Old St Vidgeon homestead (on Mountain Creek). There was no precise information in 2007 as to whether Old Tanumbirini homestead was associated with Alawa or Ngarnka (Harvey ASEDA 802).</p>"
N94,Balmbi,,,NT,<p>(Djinang)</p>
N96,Dhaygurrgurr,,,NT,<p>(Dhuwala)</p>
S14,Meintangk,,,,"<p>Lacepede Bay; north to the Granite Rocks 12 miles (19 km.) north of Kingston; south to Cape Jaffa; east to Lucindale, Blackford, Keilira, and Naracoorte; inland from Lake Hawdon to Mosquito Creek. There were seven known hordes (Tindale 1974).</p>"
S70,Buibadjali,-35.71487213,142.4199042,VIC,<p>Hopetoun (Clark 2005:21)</p>
N9,Marridan,-13.99933726,130.1768236,NT,<p>A small area inland on the north side of the marshland of the middle Moyle River (Tindale 1974).</p>
N97,Djinba,-12.76185278,135.0045812,NT,"<p>An inland tribe extending south from the northern edge of the great Arafura Swamp to the upper waters of the true Goyder River at about 13°15'S lat.; west to the divide with Guyuyu Creek; east only to where eastern creeks enter the Arafura Swamp. This appears to be the northernmost tribe in eastern Arnhem Land to preserve the usual Australian tribal structure. It has both Dua and Jiritja clans. Past confusion about the territorial limits of the tribe have been accentuated by misidentifications of the Goyder River, which terminates in the Arafura Swamp. A coastal estuarine stream that flows from its northern margin is the true Glyde River. The Woolen River, which lies to the east, has been incorrectly marked as the Goyder on some anthropologists sketch maps. Thus Warner, Thomson, and Berndt are writing about different rivers when they speak of the Goyder (Tindale 1974).</p>"
S10,Ngawadj,-34.22446983,140.2256295,SA,<p>Banks of Murray River from between Boggy Flat and Penn Reach to near Loxton; on western side of Barmera Lake (Tindale 1974). the banks of the Murray River between Boggy Flan and Loxton (Radcliffe-Brown 1918:247).</p>
S11,Tanganekald,-36.08940248,139.5690972,"SA,VIC","<p>Narrow coastal strip along Coorong from Middleton south to Twelve Mile Point (north of Kingston); inland only to about inner margin of first inland swamp and dune terrace, the Woakwine or 25 foot (7.5 m.) terrace, usually no more than 5 to 10 miles (8 to 16 km.); on islands in Lake Alexandrina, except eastern and western extremities of Hindmarsh Island; around Meningie at south and of Lake Albert, at Salt Creek and Taratap (Ten Mile Point) (Tindale 1974).</p><p>on the shores of the long narrow sheet of water known as the Coorong (Radcliffe-Brown 1918:241).</p>"
S25,Keerray Woorroong,-38.0397521,142.8801266,VIC,"<p>Mount Shadwell, Spring Creek (Blake 2003:9)</p>"
Y63.1,Barrow Point,-14.47597716,144.5944398,QLD,
S20,Dhauwurd Wurrung,-38.15561291,141.5396585,VIC,
S32,Lewurung,,,,"<p>Vicinity of St. Arnaud, VIC (Oates & Oates 1970:142).</p>"
S24,Jari Jari,-34.76608104,141.7282794,"VIC,NSW",<p>Clark (2005:15) reports that Tindale (1974) got the location of Jari Jari and Latji Latji wrong.</p>
S45,Brabralung,-37.49857408,147.3284126,VIC,"<p>Mitchell, Nicholson, and Tambo rivers; south to about Bairnsdale and Bruthen (Tindale 1974). (The southern part of this is assigned to Krauatungulung on Clark's map.)</p>"
S54,Walbunja,-35.82392524,149.8854398,NSW,"<p>Walbunja is located on the South Coast, NSW. Walbunja Country is described differently across sources. Norman Tindale (1974:199) describes it as extending from Ulladulla in the north to Cape Dromedary in the south, with inland boundaries at Braidwood and Araluen. Alternatively, it may extend south from the Durras area to Wagonga Inlet (Donaldson 2006:11), or south from Batemans bay to Dry River (Donaldson 2006:87). </p><p>Neighbouring languages include Dharawal <a href=""/austlang/language/S59"">S59</a> to the north, Dyirringañ <a href=""/austlang/language/S51"">S51</a> to the south and Ngunawal / Ngunnawal <a href=""/austlang/language/D3"">D3</a> and Gundungurra / Gandangara to the west.</p>"
S75,Koornkopanoot,-38.16991503,142.3290197,VIC,<p>Nothing in AUSTLANG.</p>
S2,Ramindjeri,-35.46073476,138.7112493,SA,"<p>At Encounter Bay; west to Tunkalilla, east of Cape Jervis, Mount Hayfield and Inman valley; east to Middleton, thence across to Goolwa and Currency Creek; not along coast sandhills east of Middleton (Tindale 1974).</p><p>East of Cape Jervis; Encounter Bay (Ramong); Victor Harbor (Pultang); Port Elliot; Middleton; Goolwa and Currency Creek; Mount Hayfield and Inman Valley; Hindmarsh Valley; Tunkalilla etc (Mobile Language Team).</p>"
S62,Kuringgai,-33.4064832,151.3342223,NSW,"<p>... bounded on the south side by the Hawkesbury River, which separated them from the Sydney or Cammeray tribe (Mann 1886 as cited in Wafer & Lissarrague 2008:163).</p><p>... from Tuggerah Lakes to Brisbane Water, and perhaps extending a certain distance west along the northern side of Broken Bay (Wafer & Lissarrague 2008:164).</p>"
S81,Wulluwurrung,-37.84321112,141.634233,VIC,<p>Wannon and Glenelg area (Blake 2003:12).</p>
S37,Taungurung,-37.03159788,145.4797207,VIC,"<p>north of Woiwurrung territory separated by the Great Dividing Range. Their land embraded the headwaters of the Goulburn River and extended downstream (north) to the Broken River and to the east it took in the valley of the Campaspe (Blake 1991:48). ... the Broken, Delatite, Goulburn, Coliban, and Campaspe watersheds (Clark 1990:370) Goulburn River valley upstream from the northern vicinity of Seymour at Mitchelltown. Near Violet Town, northeast to Mansfield, south to Kilmore. At Alexandra; west to hills southeast of Heathcote (Tindale 1974).</p>"
S40,Bangerang,-36.20232703,145.6586768116188,"NSW,VIC","<p>Bangerang is located on the Murray and Goulburn rivers, VIC/NSW. It extends from Deniliquin and Finley, NSW, in the north, south to Katandra, possibly as far as Mansfield, VIC, east to Wangaratta and west to Kyabram and Echuca (Oates &amp; Oates 1970:139; Tindale 1974:207; VACL 2026). This area includes Shepparton, Violet Town and Benalla.</p><p>Neighbouring languages include Wiradjuri <a href=""D10"" rel=""noopener noreferrer"">D10</a> to the north, Kwat Kwat <a href=""S97"" rel=""noopener noreferrer"">S97</a> to the east, Taungurung <a href=""S37"" rel=""noopener noreferrer"">S37</a> to the south and Barababaraba <a href=""D5"" rel=""noopener noreferrer"">D5</a> to the west.</p>"
S42,Tatungalung,-38.08757182,147.4409116,VIC,"<p>Coast along Ninety Mile Beach and about Lakes Victoria and Wellington from Lakes Entrance southwest to mouth of Merriman Creek, also on Raymond Island in Lake King. Hagenauer (1878) indicates four horde names and Howitt another (Tindale 1974).</p>"
S85,Biwadjali,-36.30586137,141.7856832,VIC,<p>Lake Hindmarsh (Clark 2005:21)</p>
S93,Ngarad,,,,
T10,South-western Tasmanian,-43.40036118,146.0712872,TAS,<p>TAS</p>
S51,Dyirringañ,-36.69382882,149.7215944,NSW,"<p>Dyirringañ is located on the South Coast, NSW, from Narooma to the area around Bega (Tindale 1974:193; Ellis et. al. 2020:7). The area between Moruya and Wallaga Lake has been described as a transitional zone between Dyirringañ and Dhurga <a href=""/austlang/language/S53"" rel=""noopener noreferrer"">S53</a> (Wafer &amp; Lissarrague 2008:104).</p><p>Neighbouring languages include Dhurga <a href=""/austlang/language/S53"" rel=""noopener noreferrer"">S53</a> to the north, Thawa <a href=""/austlang/language/S52"" rel=""noopener noreferrer"">S52</a> to the south and Ngarigu / Ngarigo <a href=""/austlang/language/S46"" rel=""noopener noreferrer"">S46</a> to the west.</p>"
T8,Big River Tasmanian,-42.42506146,146.7588803,TAS,<p>TAS</p>
W69,Marndanjingu,,,,"<p>... north of Fortescue (Oates 1975, in Thieberger 1993)</p>"
S53,Dhurga,-35.61911449,150.094706,NSW,"<p>Dhurga is located on the South Coast, NSW. It extends from the south of Nowra to Narooma, Wallaga Lake or potentially to Bermagui, inclusive of Braidwood and Araluen (Capell 1963:5; Oates &amp; Oates 1970:143; Oates 1975:198; Wafer &amp; Lissarrague 2008:104; Ellis et. al. 2020:7).</p><p>Neighbouring languages include Dharawal <a href=""/austlang/language/S59"" rel=""noopener noreferrer"">S59</a> to the north, Dyirringañ <a href=""/austlang/language/S51"" rel=""noopener noreferrer"">S51</a> to the south, and Ngunawal / Ngunnawal <a href=""/austlang/language/D3"" rel=""noopener noreferrer"">D3</a> and Gundungurra / Gandangara <strong style=""color: oklch(0.437 0.078 188.216);""><a href=""https://aiatsis.gov.au/austlang/language/S60"" rel=""noopener noreferrer"">S60</a> </strong>to the west.</p>"
W11,Yuat,-30.85744442,115.9193612,WA,"<p>At Gingin, Moora, New Norcia, Moore River, and Cape Leschenault; north to about Hill River; inland to near 243 Miling and Victoria Plains (Tindale 1974).</p>"
S55,Wandandian,,,NSW,"<p>Wandandian is located around Braidwood, Ulladulla, Moruya, and Jervis Bay, NSW. It extends from the Shoalhaven River to Ulladulla, reaching inland to the Dividing Range (Besold, 2012:4).</p><p>The Jerrinja Local Aboriginal Land Council (2025), who represent Wandandian people, extends its boundaries from Gerroa, south of Kiama, past Jervis Bay, to Narrawallee Creek near Lake Conjola.</p><p>Neighbouring languages include Dharawal <a href=""/austlang/language/S59"" rel=""noopener noreferrer"">S59</a> to the north, and Dhurga <a href=""/austlang/language/S53"" rel=""noopener noreferrer"">S53</a> to the south, and Ngunawal / Ngunnawal <a href=""/austlang/language/D3"" rel=""noopener noreferrer"">D3</a> and Gundungurra / Gandangara <strong style=""color: oklch(0.437 0.078 188.216);""><a href=""https://aiatsis.gov.au/austlang/language/S60"" rel=""noopener noreferrer"">S60</a> </strong>to the west.</p>"
S58,Southern Dharawal,,,NSW,"<p>Southern Dharawal is located in the Illawarra region, NSW. It extends from Wollongong to the Shoalhaven River, to around Nowra and Jervis Bay (Tindale 1974:201; Besold 2012:2). It reaches inland to at least Kangaroo Valley (The Valley 2026).</p><p>Neighbouring languages include Eora <a href=""/austlang/language/S61"" rel=""noopener noreferrer"">S61</a> and Dharug / Darug <a href=""/austlang/language/S64"" rel=""noopener noreferrer"">S64</a> to the north, Dhurga <a href=""/austlang/language/S53"" rel=""noopener noreferrer"">S53</a> to the south and Gundungurra / Gandangara <a href=""/austlang/language/S60"" rel=""noopener noreferrer"">S60</a> to the west.</p>"
S60,Gundungurra / Gandangara,-34.13467165,150.1068145286052,NSW,"<p>Gundungurra / Gandangara is located in the Southern Tablelands area, NSW. It extends from Camden and Picton in the north to Goulburn and Yass in the south, including the Blue Mountains and the catchments of the Wollondilly and Cox Rivers (Organ 1990; Smith 2014).</p><p>Neighbouring languages include Dharug / Darug <a href=""/austlang/language/S64"">S64</a> to the north, Dharawal <a href=""/austlang/language/S59"">S59</a> and Dhurga <a href=""/austlang/language/S53"">S53</a> to the east, Ngunawal / Ngunnawal <a href=""/austlang/language/D3"">D3</a> to the south and Wiradjuri <a href=""/austlang/language/D10"">D10</a> to the west.</p>"
W34,Pinikura,-23.03055906,116.372795,WA,"<p>On Ashburton River between Mount Price and Kooline; south to Wannery Creek; north to near Mount Amy, Urandy, and the beginning of the uplands of Duck Creek; east to lower headwaters of Hardey River on western boundary of Ashburton Downs (Tindale 1974).</p><p>Pinikura territory is roughly correct on Davis's map 1993 (Austin in Sutton 1995:97).</p><p>... on the north side of the Ashburton River about Duck Creek (Brown 1912:144, in Austin 2008:31).</p><p>Duck Creek, south to Ashburton River; north east to Hamersley Range; headwaters of Robe and Cane Rivers (Capell (following Tindale 1940) 1963, in Austin 2008:31-32).</p><p>Duck Creek, south to Ashburton River, north-east to Hammersley Range, headwaters of the Robe and Cane Rivers; Austin (1983) situates the language south of the Ashburton River (Thieberger 1993:131, in Austin 2008:32).</p><p>... upper Ashburton from the Henry River junction upstream to about Hardey junction and Mount McGrath (Austin 2008:32).</p>"
W38,Ngarluma,-20.98223936,117.5563976,WA,"<p>Port Walcott, Roebourne and vicinity; at Sherlock River; inland to the foot of the uplands from 40 to 70 miles (65 to 110 km.); east to Depuch Island and Balla Balla; they visited islands off Nickol Bay but not those off Hampton Harbour which belonged to the Jaburara; west almost to Maitland River. Note that Curr's 'Markand' River is a misreading of Maitland (Tindale 1974).</p><p>Ngarluma were at Roebourne and south to the ranges (Palmer in Sutton 1995:99).</p><p>Contemporary location: Roebourne and surrounding towns (Dixon 2011:38).</p>"
W18,Malgana,-26.08578,113.7957619,WA,"<p>Nhanda people in the Northampton area certainly refer to all of (Malgana, Buluguda and Daguda) as Malgana, and this classification is consistent with Playford (1996:212), where the Malgana-Nhanda boundary is situated close to Gee Gie, about halfway between the Murchison River and Tamala Station (Blevins 2001:2).</p><p>... in and around the Shark Bay (Gathaagudu) peninsula, at Carrarang, Tamala (Thaamarli) and Nanga Stations, and possibly even as far south as Gie Gie Outcamp (Blevins 2001:5).</p><p>... to the Murchison River area near Ajana, and from Wooramel River south to Hamelin Pool (Gargett 2011:2).</p>"
W50,Jindijind,,,,
S74,Gaiwurrung,-38.02406387,142.3483051,VIC,<p>Nothing in AUSTLANG.</p>
W22,Warriyangga,-24.62970191,115.7719536,WA,"<p>Upper Lyons River, also Gifford and Minnie creeks; on Minnie Creek Station, at Edmund and the eastern side of Maroonah (Tindale 1974). Malgaru: East of Kennedy Range and in the hills east of Lyons River from Gascoyne Junction north to near Minnie Creek; at Eudamullah; south to near Fossil Hill (Tindale 1974). Warriyangka country was from Edmund south along the Lyons River, not nearly as far north as Davis (1993) indicates (Austin in Sutton 1995:97).</p>"
S7,Ngayawang,-34.40329243,139.501603,SA,"<p>... along Murray River Between Murray Bridge and Blanchetown (According to map in Horgen 2004). Along Murray River from Herman Landing to Penn Reach; west to scarp of Mount Lofty Ranges. Devon Downs Rock-shelter, Ngautngaut, was at their southern boundary (Tindale 1974). ... the banks of the Murray River about the North-West bend (Radcliffe-Brown 1918:246).</p>"
S80,Wirngilgnad dhalinanong,-38.4881774,143.021138,VIC,<p>Yarro weetch 'Forest country' between Cape Otway and the Hopkins River (Blake 2003:9).</p>
S83,Ngurai-illamwurrung,-36.47280966,145.0816926,VIC,"<p>... the lower Campaspe and Goulburn rivers between the Daung wurrung, with whom they shared a common language, and the unrelated Bangarang clans about Murray junction (Barwick 1984:125 in Clark 1990:376).</p>"
S92,Wathurung,,,,
Y118,Waribarra Mamu,-17.50478111,145.7717764,QLD,
S94,Jupagalk,,,,"<p>Along the Avoca River and Tyrrell Creek; north to Sea Lake; south to Charlton; east to Gonn, west of Kerang; southwest to Lake Buloke; north to beyond Towaninnie ... (Tindale 1974).</p>"
Y123,Dyirbal / Jirrbal,-17.74022656,145.661334,QLD,<p>Clump Point and vicinity; north to Murdering Point; south to mouth of Tully River (Tindale 1974).</p>
S9,Ngarkat,-35.36113555,140.3522447,SA,"<p>Mallee scrub belt east of Murray River; Alawoona south to Pinnaroo, Taunta, Keith, Tintinara, and Coonal-pyn; east to Tatiara and about Murrayville, Vic (Tindale 1974).</p>"
T11,Robbins Island Tasmanian,-40.66698251,144.9557269,TAS,<p>TAS</p>
T4,North Midlands Tasmanian,-41.66769926,147.1881334,TAS,<p>TAS</p>
T5,South-eastern Tasmanian,-43.2255444,146.9977361,TAS,<p>TAS</p>
Y159,Gugu Dyilin,,,,
Y171,Ogh Igadj,-16.4025509,142.1574209,QLD,"<p>... about Bloodwood Yard further south, a dialect south of Ogh Undjan, as I mentioned, centred around Bloodwood Yard (Sommer 2007 p.c.).</p>"
T9,Cape Portland Tasmanian,-41.08251068,148.0593228,TAS,<p>TAS</p>
Y168,Waguurrga,-15.11327397,144.9245631,QLD,
W16,Damala,,,,"<p>Edel Land Peninsula, Tahmahlee Well, WA. (Oates & Oates 1970:58).</p>"
W28,Jiwarli,-23.49730603,115.900919,WA,"<p>Ashburton River region, south-east from Exmouth and Onslow (Sally Dixon, Wangka Maya, 2007 p.c.).</p><p>The places which mark the limits of Jiwarli territory are: north: mirni Minnie Springs. Here the Jiwarli met the Thalanyji north east: kajriwari Mount Florrie on the border with the Pinikura south east: yaalha pool on Henry River East Branch is the south east limit south west: karlapaya High Range borders on Tharrkari country south: japarntipirri Edmund River borders on Warriyangka country and the Barlee Range borders on the Thiin. (http://www.linguistics.unimelb.edu.au/research/jiwarli/region.geog.html).</p><p>... the eastern neighbours of the Purduna were the Jiwarli, who owned territory along the Henry River south to Edmund Station (Austin in Sutton 1995:97)</p><p>... traditionally spoken along the upper reachers of the Henry River, a tributary of the Ashburton River (Austin 2006, vol 6:125). ... the area at the top end of the Yannarie River down to the Lyons River where it divides and up to the Henry River (Burgman & Austin 2007:iii).</p>"
Y179,Wantjika,,,QLD,
Y89,Kuku Tungay,-16.01665993,145.3479216,QLD,"<p>Speakers of the Kuku Yalanji language traditionally inhabited an area of over 2000 sq km extending from the Mossman River in the south to the Annan River in the north, bordered by the Pacific Ocean in the east and extending inland to presumably just west of Mt Mulgrave (Patz 2002:6).</p>"
W2,Mirnang / Mineng,-34.72182444,117.564632,WA,"<p>King George Sound; north to Stirling Range, Tenterden, Lake Muir, Cowerup, and Shannon River. On coast from West Cliff Point to Boat Harbour; at Pallinup (Salt) River; at Mount Barker, Nornalup, Wilson Inlet, and Porongurup Range (Tindale 1974).</p>"
W37,Yindjibarndi,-21.73766145,117.8681774,WA,"<p>On the lower Hamersley Range plateau south of the Peak Hill Range; in the valley of the Hamersley River from Pialin at the junction of Portland Creek with the Fortescue River, east along a line formed by the edge of the scarp facing the eastern headwaters of Yule River; east along the Fortescue River to Marana Pool, about 10 miles (16 km.) west of Kudaidari (Goodiadarrie Hills on maps). South to the clifflike north-facing scarp of the higher Hamersley Range plateau roughly along a line from Mount Elvire east-southeast to Mount George (Tindale 1974).</p><p>Indjibarndi occupied a central slab south of the Ngarluma and east almost to the Yule River (Palmer in Sutton 1995:99).</p><p>Speakers originally came from an area around the Fortescue River near Mount Pyrton, north to the upper Yule River and east to Mungaroona Range (Wangka Maya PALC 2003:i).</p><p>Contemporary location; Roebourne and surrounding towns (Dixon 2011:43).</p>"
W33,Jurruru,-23.23202179,116.9072218,WA,"<p>Lat, 22'50-23'30 and long 116'10 - 117'10 covering the area of the Upper Ashburton and hardey Rivers valley from Ashburton Down Station to Kooline Station. (Brandenstein Tjururu) On Ashburton River southeast from Kooline to Ashburton Downs and Turee Creek junction; north and south only to the headwaters of local creeks on Kenneth and Capricorn Ranges north only to the beginning of the higher land overlooking Hardey River (Tindale 1974).</p>"
W40,Ngarla,-20.26323035,119.7052335,WA,"<p>On the coast west of Solitary Island to mouth of the de Grey River; at Pardoo; inland to Mulyie; formerly inland as far as Yarrie but contracting at time of early white contacts (Tindale 1974).</p><p>... along the coast of Western Australia, in the Pilbara region, north of the modern city of Port Hedland (von Brandenstein 1967: map 5) (Westerlund 2007:8).</p>"
W51,Malygaru,,,WA,<p>East of Kennedy Range and in the hills east of Lyons River from Gascoyne Junction north to near Minnie Creek; at Eudamullah; south to near Fossil Hill (Tindale 1974).</p>
Y202,Ndrangith,,,QLD,
W3,Wardandi,-33.85692942,115.4378526,WA,"<p>From Bunbury to Cape Leeuwin, chiefly along the coast; at Geographe Bay, the vicinity of Nannup and Busselton. (Tindale 1974).</p><p>The Wardandi People are the traditional custodians of the land bounded by Capel to the Northeast, Augusta in the South and including the regions now known as Busselton, Yallingup and Margaret River (http://www.wardan.com.au/home.htm, viewed on 31/10/2014).</p>"
W43,Pulinya,,,WA,
W59,Ngarluma Padupadu,,,,
W68,Purnukundi,,,,"<p>... source of Yule and Fortescue rivers (Oates 1975, in Thieberger 1993).</p>"
W49,Jadira,-21.84552987,116.1884783,WA,<p>Middle waters of Cane and Robe rivers from south of Mount Minnie north to the Fortescue River; they did not go east of the western scarp of the higher plateau of the Hamersley Ranges. In post-European times some moved east to Ashburton Downs Station and others to the mouth of the Fortescue River and were absorbed into the Mardudunera. They once used to have access to the sea between the Cane and Robe rivers through Noala territory (Tindale 1974).</p>
Y21,Nyuwathayi,-12.40891,142.3131682,QLD,<p>Middle Wenlock (Batavia) River (Tindale 1974).</p>
Y220,Biyay,-18.57749809,146.2353049,QLD,<p>... around the mouth of the Herbert River (including the present towns of Halifax and Bemerside) (Dixon 1981:3).</p>
W52,Nokaan,-27.24344484,115.1680319,WA,"<p>From Curbur south on the plateau country west of the Murchison to Yallalong and Coolcalaya; south to the inland vicinity of Northampton; they only extended to the coast in earliest contact times (Tindale 1974).</p><p>Middle Murchison River, latest centre Yallalong, NW as far as Hamelin Pool (von Brandenstein in WA Handbook).</p>"
W9,Wajuk,-31.98148943,116.1239043,WA,"<p>Swan River and northern and eastern tributaries inland to beyond Mount Helena; at Kalamunda, Armadale, Victoria Plains, south of Toodyay, and western vicinity of York; at Perth; south along coast to near Pinjarra (Tindale 1974).</p>"
Y232,Yatay,-10.68308939,142.6240919,QLD,<p>Albany Island and Mt. Adolphus Island (Crowley 1983:311).</p>
W70,Jaurnmalu,,,,"<p>... westernmost dialect (Oates 1975, in Thieberger 1993).</p>"
Y102,Tjapatja,,,,"<p>Headwaters of Mitchell River, Q (Oates & Oates 1970:205, Capell 1963).</p>"
Y106,Djabugay / Tjapukai,-16.73716849,145.5084543,QLD,"<p>The group speaking Djabugay dialects inhabited a triangle from just south of Cairns to just north of Atherton, then northward along the Barron River and on to Mount Molloy, then meeting the coast again between Port Douglas and Mossman (Patz 1991: 246-47).</p>"
Y238,Injinoo Ikya,,,,
Y37,Trotj,-12.75093777,142.4058507,QLD,<p>Upper Mission River and Cox Creek (middle Batavia River); at York Downs; south to near Merluna (Tindale 1974).</p>
Y3,Meriam Mir,-9.683089798,143.7754251,TSI,"<p>Meriam Mir is located on Erub (Darnley Island), Ugar (Stephen Island) and Mer (Murray Island) in Zenadth Kes (Torres Strait), QLD.</p><p>Neighbouring languages include Torres Strait Creole <a href=""P2"" rel=""noopener noreferrer"">P2</a> and Kala Lagaw Ya <a href=""Y1"" rel=""noopener noreferrer"">Y1</a>, Mabuyag <a href=""Y239"" rel=""noopener noreferrer"">Y239</a>, Kalaw Kawaw Ya <a href=""Y2"" rel=""noopener noreferrer"">Y2</a>, Kulkalgaw Ya <a href=""Y4"" rel=""noopener noreferrer"">Y4</a> and Kawalgaw Ya <a href=""Y5"" rel=""noopener noreferrer"">Y5</a> to the west.</p>"
W7,Wiilman,-33.14304707,117.1282318,WA,"<p>At Wagin and Narrogin; on Collie, Hotham, and Williams rivers west to Collie; Wuraming north to Gnowing, Dattening, and Pingelly; east to Wickepin, Dudinin, and Lake Grace; south to Nyabing (Nampup), Katanning, Woodanilling, and Duranilling (Tindale 1974).</p>"
Y48,Wik Ompom,-13.34418919,142.0863252,QLD,"<p>As in Tindale, Watson River area (Sutton 1978:37).</p><p>Middle Archer River; north to Watson River (Tindale 1974).</p>"
Y100,Koko Kai-kai,-16.2473143,145.4505726,QLD,"<p>On coast north of Mossman, Q (Oates & Oates 1970:204, Capell 1963).</p>"
Y128,Gugu Badhun,-18.69034079,145.2329872,QLD,"<p>The Gugu-Badhun inhabited the upper Burdekin (on both sides of the river), north to Meadowbank, Glenharding and Wairuna Stations, where they had their border with the Warungu. Their southern border was the Clark River, about where it joins the Burdekin. There they met the Gudjal (also known as Gur(i)djal). These three tribes, running north to south, formed something of a unity. On the west the Gugu-Badhun met the Agwamin (north-west), the Wamin (due west) and possibly the Mbara (south-west), along the Great Diving Range... On the east they met the Njawaygi, probably just west of the mountain range that separates the dry country of the inland from the wet forests of the coast (the Seaview Range). They may have met the Wulguru or Bindal in the south east about the Star River, but it is likely their territory did not go further than Ewan in that direction, where they probably met the Gudjal (Sutton 1973:14-15).</p>"
Y101,Uw Oykangand,-15.59967224,142.0212186,QLD,"<p>... the lower reaches of the Mitchell River and its surrounds down to a little below the limit of salt water at the junction of the Alice River. Eastwards, they occupied the River up to about Dunbar Station. This is close to where Roth (1910, map) placed them as the 'Koko Wangar'; Parry-Okeden's 1897 Report has 'Koka Wangar' (Sommer 2006:6).</p>"
Y129,Nywaigi,-19.14735632,146.3919534,QLD,"<p>Cassady (1886:424 in Curr) described the territory: 'the Halifax Bay tribe occupies a tract of country fronting the shore of the bay for about fifty miles, and extending fifteen miles inland'.</p><p>'The northern limit appears to have been the Herbert River at Halifax and Ingham where Nyawaygi joined Biyaygiri; the southern limits are reported to have been near the modern township of Rollingstone. At its northern end, the western boundary ran between Toobanna, Frances Creek and Waterview Creek (which were in Nyawaygi territory) and the Stone River (which was Warungu country). To the south the Nyawaygi tract may have tapered off, effectively delimited by the Seaview Range (Mount spec was said to fall outside the Nyawaygi boundaries) (Dixon 1983:432).</p><p>Southwest of Herbert River; principally on the high Sea View Range as far southeast as Harveyside and the Reid River; they were rain forest dwellers; they differed from the Warakamai who lived chiefly in coastal schlerophyll forest country; according to Dixon they went to the seashore near Ingham (Tindale 1974:182)</p>"
Y10,Wuthathi,-12.02213466,143.0671171,QLD,"<p>... the area around Margaret Bay, from Olive River in the south to Wulongon Point on the mainland opposite Cairncross Island in the north (Thomson 1972:24). North from the Olive river mouth to 'wuntjnngun' which is a river mouth in Shelbourne Bay (Thompson 1976:232). ... the Cape Grenville, Margaret Bay and MacMillan River area (Crowley 1983:310).</p>"
Y135,Wulgurukaba,-18.86501399,146.6433943,QLD,"<p>On Palm Islands and Magnetic Island; on Ross River; east nearly to Cape Cleveland; west for about 20 miles (30 km.) beyond Townsville ['wulguru] = man. Great Palm Island is called ['Burugu'man]; the last survivor of the island horde died in 1962. A large settlement of mainland people is there now (Tindale 1974: 190). Palm Island, Magnetic Island, Townsville, as far east as Cape Cleveland, and inland for about 30 kilometeres. To the north it was probably spoken as far as the southern limits of Nyawaygi territory, near Rollingstone (Donohue 2007).</p>"
Y76,Gwandera,,,,
Y110,Bulway,-17.00446183,145.5623524,QLD,<p>East of Tolga on crest of Coast Range; north to Kuranda (Tindale 1974).</p>
Y116,Djandjandji,,,,"<p>Upper Barron River, Q (Oates & Oates 1970:207, Capell 1963).</p>"
Y83,Kunjen,-15.72381603,142.654334,QLD,<p>... on the west of the Peninsula just inland from Kowanyama (Rigsby 2007 p.c.)</p><p>... inland from the western coast of the Peninsula (Sommer 2006:7).</p><p>Mitchell River south of the junction of the Palmer River; at Dunbar; an inland tribe extending south to Emu Creek and the Red River (Tindale 1974).</p>
Y121,Ngadjon,-17.36377694,145.7047546,QLD,
Y85,Koko Bera,-15.6349181,141.6206186,QLD,"<p>Koko-Bera is actually only one of three named dialects formally spoken throughout much of an area lying within some 30 km of the Gulf of Carpentaria coast between the South Mitchell and Nassau River; (Koko-Bera was a relatively central dialect spoken along Topsy Creek. The other two dialects were Kok-Wap, to the northeast, and Kok-Peponk, to the south (Black 1978:19).</p><p>About the mouth of the Nassau River; a coastal tribe ranging inland for about thirty miles (50 km.); north to Mitchell River, south in the present day along the coast to Delta Station but formerly no farther than near Inkerman, north of the Staaten River (Tindale 1974).</p>"
P6,Gurindji Kriol,,,NT,"<p>Most Gurindji people now live on their traditional lands at Kalkaringi and Daguragu, remote Aboriginal communities situated on the Victoria Rver west of Wave Hill Station (Meakins et al. 2013: 1). See also Gurindji <a href=""/austlang/language/C20"">C20</a>.</p>"
Y122,Mamu,-17.63998402,145.7485185,QLD,
Y153,Buluguyban,-18.70838064,146.5624231,QLD,<p>Palm Island (Sutton 1995).</p>
N38,Dagoman,-14.44100004,131.877598,NT,"<p>The area north of the junction of Scott Creek and the Katherine River, east to the King River, and north towards the Ferguson River and Pine Creek, is identified by Katherine Aborigines as Dagoman tribal territory. The northern extent of Dagoman country is now difficult to establish (Merlan 1994:7).</p><p>Pine Creek to Adelaide River (Top End Handbook). Northeast of the middle Daly River; south to the junction of the Flora and Katherine rivers; at Jindare (Tindale 1974).</p><p>The general association was to the Daly-Katherine Basin from the junction of the Daly with Stray Creek to and including the first gorge on the Katherine. There was little precise information on the limits of Dagoman in 2007. In the east Leech Lagoon marked the eastern limit of Dagoman associations. Durrinyan Creek was associated with Dagoman. Lake Duggan on Durrinyan Creek was associated with Dagoman. The drainage of King River, save for the headwaters, was associated with Dagoman. The headwaters, however, including King River homestead were apparently associated with Jawoyn. In the north, Copperfield Creek was associated with Dagoman. The Ferguson below its junction with the Cullen was associated with Dagoman. Stray Creek drainage was associated with Dagoman. In the west, Ejong billabong was associated with Dagoman, and appears to have been close to the western limit of Dagoman. It appears that Jinduckin Creek was associated with Wagiman. In the south, the Flora River was associated with Dagoman. Its southern tributaries were associated with Wardaman. Lower Scott Creek, below the Victoria Highway crossing and Limestone Creek were associated with Dagoman (Harvey AILEC 0802). </p>"
N34,Garama,,,,"<p>Daly River, south-west of Katherine, NT (Oates & Oates 1970:21)</p>"
N40.1,Ngombur,-12.79362392,132.129585,NT,"<p>West of the South Alligator River between the Ga'baarlgu and the South Alligator (Baker, 1993).</p><p>... around Flying Fox Creek and the headwaters of the West Alligator and south towards the South Alligator (Harvey 1992). There was no precise information available on the affiliations of Ngombur in 2007. People in the period 1970 - 1990 associated it with the drainage of the upper Wildman and upper West Alligator. They did not associate any other languages with this area. People also associated Ngombur with areas further to the south on the South Alligator. However, the evidence argues that this area was associated with Umbugarla (Harvey AILEC 0802).</p><p>Between West and South Alligator Rivers, N.T. (Oates & Oates 1970:29).</p>"
N64,Mawng,-11.81389825,133.3640077,NT,"<p>Speakers today identify Mawng as the language of Warruwi (South Goulburn Island), Weyirra (North Goulburn Island) and an area on the mainland coast opposite the islands. Most Mawng speakers live at Warruwi Community, but others live at nearby communities such as Minjilang (Croker Island), Gunbalanya, Maningrida and in Darwin (<a href=""https://www.mawngngaralk.org.au/language/"">https://www.mawngngaralk.org.au/language/</a>).</p><p>Maung is the language of the Goulburn Islands, off the north coast of Arnhem Land (Capell & Hinch 1979:15). This language is associated with South Goulbourn Island and the mainland opposite (Harvey PMS 5822). The general associations were to South Goulbourn Island and the coast from Iliwan Swamp west to the western side of Angularli Creek, and about 10-20km inland (Harvey AILEC 0802).</p>"
N77,Ngalakgan,-14.28399246,134.2707529,NT,"<p>Bulman, Roper Valley Station, and Ngukurr (Merlan 1983: v). North of the Roper River from the Wilton to Mainoru (Top End Handbook).</p><p>The general associations were to the Wilton River south from Mt Catt, to lower Flying Fox Creek, lower Maiwok Creek, and the section of the Roper between Maiwok Creek and the Wilton River. There was little precise information on the limits of Ngalakgan in 2007. In the south-west, Urapunga and Roper Bar were associated with Ngalakgan. Ngukurr was associated with Yukul. In the north, Mt Catt was associated with Ngalakgan. Bulman was associated with Dalabon (Harvey AILEC 0802).</p><p>Roper River region of the Northern Territory (Baker 2008:2).</p>"
N83,Ganhalpuyngu,,,NT,<p>(Djinba)</p>
N93,Wulkara,,,,
P1,Kriol,,,NT,"<p>Barunga, Minyerri, Ngukurr, Gunbalanya (Living Archive of Aboriginal Languages)</p><p>QLD, WA, NT Stretches across northern Australia, and is especially spoken in the communities of south-western Arnhem land (Ponsonnet 2010:371).</p>"
S23,Latji Latji,,,"VIC,NSW","<p>Latji Latji is located in the Mallee region, VIC. It extends from the Murray River near Mildura, south to Chalka Creek and Lake Tyrrell, west to the Hattah-Kulkyne Lakes and east to Robinvale, possibly as far as Narcooyia Creek (Clark &amp; Ryan 2009:87; Tati Tati Kaiejin 2022).</p><p>Neighbouring languages include Paakantyi / Paakantji / Barkindji <a href=""D12"" rel=""noopener noreferrer"">D12</a> to the north, Dadi Dadi <a href=""S28"" rel=""noopener noreferrer"">S28</a> to the east, Wergaia<a href="" S17"" rel=""noopener noreferrer""> S17</a> to the south and Jari Jari <a href=""S24"" rel=""noopener noreferrer"">S24</a> to the west.</p><p>Previously, the locations of Latji Latji, Dadi Dadi <a href=""S28"" rel=""noopener noreferrer"">S28</a> and Jari Jari <a href=""S24"" rel=""noopener noreferrer"">S24</a> have been described differently. Ian Clark and Edward Ryan (2009) identified errors in Smyth (1878) and Tindale (1974) which swapped the position of these languages along the Murray River.</p>"
S13,Bungandidj,-37.22525172,140.5117485,"SA,VIC","<p>A single language appears to have been spoken in a triangle that stretched from somewhere north of Lacepede Bay on the coast of South Australia across to Bordertown on the Victorian border and south to the coast where the mouth of the Glenelg in far western Victoria formed the south-eastern corner (Taplin 1879:59 as quoted by Blake 2003:1).</p><p>tract of country extending from the mouth of the Glenelg River to Rivoli Bay North (Beachport), for about thirty miles inland (Smith 1880:ix).</p>"
S26,Djab Wurrung,-37.77421504,142.3366299,VIC,"<p>... bounded on the east at the Hopkins River near Hexham (inclusive) along Salt Creek to Lake Bolac, and the west bank of the Fiery Creek to a point north of Beaufort in the Dividing Range; along the western scarp of the Pyrenee Range some distance, then west or north west to Stawell (inclusive); west to the Grampians; along the western scarp of the Serra Range to a point north west of Hamilton (inclusive); then southeast to Mt. Napier (inclusive) then to Caramut and along Burchett's Creek to the Hopkins River (Clark 1990:105).</p>"
S3,Portaulun,-35.35171999,139.2042652,SA,<p>Western bank of Murray River from Wood Hill to Wellington and Pomanda Point; west to Grote Hill (Tindale 1974).</p><p>... the lower part of the Murray River where it enters Lake Alexandrina (Radcliffe-Brown 1918:243).</p>
S61,Eora,-33.77772455,151.1754973,NSW,"<p>Eora is located between the southern shores of Port Jackson to Botany Bay, NSW (McCarthy 1943:1; Capell 1963:9). This area is also described as Dharug / Darug <a href=""/austlang/language/S64"">S64</a> Country.</p><p>Neighbouring languages include Kuringgai <a href=""/austlang/language/S62"">S62</a> to the north, Dharawal <a href=""/austlang/language/S59"">S59</a> to the south and Dharug / Darug <a href=""/austlang/language/S64"">S64</a> to the west (Capell 1970:20).</p>"
S59,Dharawal,-34.56576533,150.6794074,NSW,"<p>Dharawal is located in an area extending from the south of Botany Bay and the La Perouse area, around Sydney Harbour, to the north side of the Shoalhaven River and around Nowra and Jervis Bay (Eades 1976:5; Gujaga Foundation 2025). The Gujaga Foundation and Norman Tindale (1974:198) describe the language as being located inland to Campbelltown, Camden, Appin and the Homebush areas of Sydney.</p><p>Neighbouring languages include Eora <a href=""/austlang/language/S61"">S61</a> and Dharug / Darug <a href=""/austlang/language/S64"">S64</a> to the north, Dhurga <a href=""/austlang/language/S53"">S53</a> to the south and Gundungurra / Gandangara <a href=""/austlang/language/S60"">S60</a> to the west.</p>"
S63,Wanarruwa,-32.23955799,150.9248291,NSW,"<p>... in the upper Hunter Valley Hunter River/Hunter Valley (Lissarrague 2006:12). ... in the upper Hunter Valley region, in the areas including the towns of Singleton, Muswellbrook and Scone (ALRRC). Upper Hunter River from a few miles above Maitland west to Dividing Range. The southern boundary with the Darkinjang is on the divide north of Wollombi (Tindale 1974). ... along the middle reaches of the Hunter River (Wafer & Lissarrague 2008).</p>"
S84,Jagwadjali,-36.32162554,142.6846621,VIC,<p>... in the northeast about Lake Buloke (Clark 2005)</p>
S91,Nulit,,,,
W14,Nhanda,-27.14758378,114.1690525208759,WA,"<p>Nhanda was spoken in and around the mouth of the Murchison River, north to Gee Gie Outcamp and inland along the Murchison ... possibly from as far south as the Hill River, through Champion Bay, and up to the sandplains north of the Murchison River ... extends north towards Tamala Statioin, and East along the Murchison to the bend at Coolcalalya (Blevins 2001:3, 5).</p>"
T2,Oyster Bay Tasmanian,-42.50356683,147.7687148,TAS,<p>TAS</p>
W19,Yingkarta,-24.94564878,114.5358185,WA,"<p>Dench (1979) and O'Grady, Voegelin and Voegelin (1966) say the language has a northern and southern dialect; Austin identifies the dialects as Manthi and Thirrily.</p><p>Tindale locates Mandi (Manthi) at Carnarvon, on the lower Gascoyne River from Doorawarrah to the sea, south to near Grey Point, north only to the southern part of Boolathanna. Tindale locates Tedei (Thirrily) at the eastern coast of Shark Bay and valley of the Wooramal River from the coast north of Yarringa, north only to Pimbie, Carey Downs, and the south of Towrana (WA Handbook).</p><p>... the Yingkarta (Inggarda) territory is far too large and extends east of where it should be - the limit was Gascoyne Junction and the Lyons River (Austin in Sutton 1995:97).</p><p>The territory occupied by the Yingakarta people extended from the coast at the northern end of Shark Bay between the Gascoyne and Wooramel rivers, along the rivers inland to Red Hill and Gascoyne Junction (Dench 1998:5).</p>"
W23,Bayungu,-23.2094939,113.9520999,WA,"<p>On Lower Lyndon and Minilya rivers. Southwest of the salt marshes to Quobba; east to Winning Pool; north to Giralia and Bullara but not to the seacoast and Exmouth peninsula (Tindale 1974).</p><p>Payungu location on Davis' map is about right (Austin in Sutton 1995:97).</p><p>Originally Payungu country stretched from Middalya station in the east, north to Winning station, west to the Indian Ocean at Cardabia (Station) (Gunjayindiya), Warroora (Station) (Warrura), Gnaraloo (Station) (Ngarralhu), Quobba, Lake McLeod and east to Minilya and Manberry stations. (Austin 1992: Introduction, in Wangka Maya PALC 2008:8). The country on which the Bayungu people traditionally lived is located along much of the Ningaloo Marine Park. (Walgar 2007, in Wangka Maya PALC 2008:8). Bayungu country is most notably located along the coastal region south of Exmouth, from Point Cloates [...] and Coral Bay to Carnarvon in Western Australia. (Wangka Maya PALC 2008:8). Bayungu country also includes Point Quobba, Lake McLeod, Manberry, Wandagee, Middalya, Minilya, Winning Pool Station, Cardabia Station, Warroora Station and Gnaraloo Station. Much of the Ningaloo Marine park is also part of Bayungu country. (Wangka Maya PALC 2008:14). Contemporary location: Predominantly Carnarvon or Port Hedland, a few people live at Cardabia Station. (Wangka Maya PALC 2008:8).</p>"
W26,Thalanyji,-22.52288555,114.940864,WA,"<p>Talanji: Along the Ashburton River from the coast to Nanutarra, Boolaloo, and the lower Henry River. They neither circumcise nor subincise. Their extension to the coast at Exmouth Gulf is probably all due to late migration, the postcontact position was shown on the first edition of my map (Tindale 1974). Jinigudira: North West Cape and its peninsula to a line between the bottom of Exmouth Gulf and Whaleback Hills. At Point Cloates (Tindale 1974).</p><p>Thalanyji country covered most of the area ascribed to Purduna on Davis's map (1993), plus the North West Cape (Austin in Sutton 1995:97). Onslow, Bindi Bindi, Carnarvon, Tom Price, Port Hedland (Dixon 2011:23).</p><p>... along the coast south of Onslow to Tubridji Point, and southwest across to Yannarie River. It follows the river upstream to Emu Creek on Nyang Station, then east to Bangoola Pool on the Henry River, it crosses the Ashburton River and continues a short distance up the Hardey River, then extends northwest along the Cane River to the ocean. (Wangka Maya 2008:iv). Thalanyji country is located in the southern Ashburton region of the Pilbara in Western Australia. The country includes Onslow, Cane River, to the east of Onslow, Nanutarra and Emu Creek (formerly Nyang) Stations to the south-east of Onslow and Yanrey Station to the south. The coastal part of the Ashburton River is a significant feature of Thalanyjji country. Contemporary location: Today, Thalanyji people, some of whom are able to use the Bayungu language, live predominantly in Carnarvon or Port Hedland. A few people live at Cardabia Station full-time and make it available for others to visit regularly. (Wangka Maya PALC 2008:11).</p>"
W35,Martuthunira,-21.40548435,116.4508797,WA,"<p>Radcliffe-Brown (1913:175) describes the Martuthunira as occupying ""the coast of Western Australia from a point somewhere between the Cane and Rob Rivers as far as the Maitland River"". His map shows the territory extending as far to the south-east as the Hamersley Range.</p><p>Dench supports this. The north-eastern boundary between the Martuthunira, Ngarluma and Yapurarra/Pijurru is marked by a group of three hills - Mount Leopold, Moondle Hill and Mount McLeod - just to the south of the Maitland River. On the Fortescue River, the Martuthunira extended as far inland as Booloomba Pool, though much of the gorge country was shared with the Kurrama and Yindjibarndi. The ancient river valley linking the Robe and Fortescue Rivers, in the shadow of Mount Elvire, effectively represents the south-eastern boundary with the Kurrama. The Robe River (Jajiwurra), Jimmawurrada Creek and the Buckland Hills were also Martuthunira. Warluru Pool, where the Robe River leaves the Mamersley Range, marks the eastern extent of Martuthunira country. Warluru also marks the eastern boundary between Kurrama and Pinikura, whose country borders the Maruthunira in the Buckland Hills from Warluru to Chalyarn Pool on the Robe. The Nhuwala and Pinikura meet nearby at Darnell Hill. Ono the west coast, the grass plaiins and mudflats between the Robe River and the Cane River were shared with the Nhuwala. Warramboo Creek (Wartampu) is described as the boundary althought the Nhuwala foraged as far to the north-east as the Robe River (Dench 1995:2).</p><p>Contemporary location: Onslow, Karratha and surrounding towns, Tom Price, Port Hedland</p>"
W36,Kurrama,-22.3454093,117.1252561,WA,"<p>Mutalkura (Top End Kurrama)- Hammersley Ranges, around Marandoo and Tom Price as far as Palm Spring; Punukunti (Bottom End Kurrama) - Duck Creek, around Boolgeeda Creek, the western arm of the Beasley River down to Cajuput Spring; Nhamarrnhamarra (Robe River Kurrama) - around Red HIll. This group joined with the Punukunti (Brehaut & Vitenbergs 2001 quoted in Wangka Maya 2001).</p><p>Plateau tops of Hamersley Range, north to cliff wall looking down on valley of Fortescue River; east to Mount McCrae at western boundary of Hamersley Station; south to headwaters of Duck Creek and upper Hardey River at Rocklea (Tindale 1974).</p><p>Contemporary location Onslow, Tom Price (Dixon 2011:35).</p>"
W41,Noongar / Nyoongar,-32.92213484,117.8400129,WA,"<p>The map in Rooney represents 'major towns and rivers connected with the distribution of regional language stles in Nyoongar territory'. This map includes Jurien in the north west, with an arc travelling south east including Moora. New Norcia, Merredin and Esperance on the southern coast (2011:15).</p>"
W46,Southern Yingkarta,-25.70595009,114.9368643,WA,"<p>Eastern coast of Shark Bay and valley of the Wooramel River from the coast north of Yaringa, inland to the headwaters, north only to Pimbie, Carey Downs, and the southern vicinity of Towrana (Tindale 1974).</p>"
W8,Wudjari,-33.66707988,120.5919096,WA,"<p>Gwedjman: Ravensthorpe area and to the east of it. Maybe alternative name for Goreng or another dialect (Oates 1975:90).</p><p>From near Gairdner River east to Point Malcolm; inland to edge of coastal slope, approximately 30 miles (50 km.); at Kent, Ravensthorpe, Fanny Cove, Esperance, and Cape Arid; western members were moving toward Bremer Bay in earliest historical time (Tindale 1974).</p>"
Y107,Areba,-17.00962719,142.2228132,QLD,"<p>At Retreat, Miranda Downs, and Vanrook; south to Gilbert River; north to Pelican Creek and beyond; not farther east than head of Emu Creek (Tindale 1974).</p>"
Y173,Wik-Keyangan,-14.18951373,141.9054416,QLD,<p>Kendall River (Oates 1975:279). </p><p>South of Kendall River (map in Sutton 1979).</p>
Y117,Yidinj,-17.08708535,145.7656033,QLD,<p>from Cairns down to Gordonvale and Aloomba and up onto the tableland as far as Kairi (Dixon 1991:1).</p>
Y115,Mbabaram,-17.26495596,145.0777395,QLD,"<p>... around the upper Walsh River, in north-east Queensland, just to the west of the Great Dividing Range. Its territory included the present settlements of Irvinebank, Petford and Lappa (but did not extend as far as Almaden, Mount Garnet or Mareeba) (Dixon 1991:350).</p>"
Y119,Madjay,-17.26297599,145.8569904,QLD,<p>... around Babinda (Dixon 1991:1).</p>
Y133,Warrungu,-18.03403673,145.2397321,QLD,"<p>The locations for the Warungu dialects which Tindale gives are wrong; Warungu is the northernmost dialect, and Gugu Badhun is actually the dialect that borders on the Biri language, with Gudyal slightly to the west of Gugu Badhun (Terrill 1998:96). used to be spoken in the upper Herbert River area (north of Townsville and southwest of Cairns (Tsunoda 2003: V). According to Dixon (1970) and my own sources, the area from Mt. Garnet south-east along the Herbert River was Warungu. The Gugu-Badhun inhabited the upper Burdekin (on both sides of the river), north to Meadowbank, Glenharding and Wairuna Stations, where they had their border with the Warungu (Sutton 1973:14). (i) Mount Garnet, Innot Hot Springs, and close to - but excluding - Ravenshoe on the north, (ii) close to Kirrama Homestead, down the Herbert River Gorge close to Abergowrie, and the Stone River on the east, (iii) Wairuna, Glenharding, and Meadowbank Stations on the south, and (iv) the Great Dividing Range on the west. Warrongo territory seems to have an oblong shape (Tsunoda 2011:5) Contemporary location : Mount Garnet, Palm Island, Townsville, Ingham, Cardwell, Cairns</p>"
Y127,Girramay,-18.11003035,145.7326329,QLD,
Y12,Luthigh,-11.92849576,142.1165035,QLD,<p>In the middle and upper Ducie River area (Hale 1964) Middle Dulcie River. (for Tepiti); Upper Dulhunty River and McDonnell (Tindale 1974).</p>
Y149,Jabunbarra Jirrbal,-17.80428699,145.8399655,QLD,
Y17,Itinadyana,-12.12634002,142.6539036,QLD,<p>On upper Dulcie River; south to upper Batavia River (Tindale 1974).</p>
Y136,Mbarrumbathama,-14.88162386,143.8342833,QLD,<p>... from the Normanby River mouth around the margin of the lower bay to where the mangroves open up into sand beach west of the North Kennedy River mouth. Some of clans own countries somewhat futher inland too (Rigsby 1992:356).</p>
Y14,Yangathimri,-12.01992611,141.871148,QLD,"<p>Cullen Point; west of mouth of Batavia River; south for about 15 miles (24 km.) (Tindale 1974:186). (Batavia River is now known as Wenlock River). Between Cullen Point and Janie Creek (Crowley 1981:149). Tjungundji which possesses a small territory from Cullen Point to a creek about 12 miles to the south, known locally as Janie Creek (Thomson 1934: 218).</p>"
Y154,Mulgu,-18.73410217,146.6225013,QLD,<p>Palm Island (Sutton 1995).</p>
Y15,Teppathiggi,-12.07668662,142.0727087,QLD,<p>Middle Dulcie River (Tindale 1974).</p><p>On the east bank of the Lower Batavia River a very large territory was occupied by the Teppathiggi or T'yeppathiggi (Thomson 1934: 219). Ducie River near Mapoon (1963).</p>
Y167,Dhalundhirr,-15.25382758,145.2801035,QLD,
Y175,Kugu Ugbanh,-14.50799035,141.6346644,QLD,"<p>Kugu Nganhcara: between Kendall River and Moonkan Creek. Today, it is spoken chiefly at Edward River and Aurukun (Smith & Johnson 2000).</p>"
Y187,Mutyanthi,-11.91654153,142.7867337,QLD,<p>... in the area known locally as 'White Sands' (i.e. Double Point and nearby areas of Shelbourne Bay) (Crowley 1983:310).</p>
Y188,Kokiny,-16.47566056,141.5859365,QLD,"<p>Kokiny was spoken on the Staaten River and Wyaaba Creek, inland from Kuku-Nar (Breen 1967). Staaten River & Wyaaba Creek inland from Gugu-Nar territory (Oates 1975:291).</p>"
Y190,Yumukuntyi,-10.91494119,142.4647584,QLD,<p>... the actual Cape area and also the Jacky Jacky Creek and Cowal Creek drainage areas (Crowley 1983:311).</p>
Y191,Gudang,-10.8672763,142.5878907,QLD,<p>Occupied the littoral from Cliff Head (north of Newcastle Bay) to Cape York (Shanahan 1897:44). The Gudang people possess the immediate vicinity of the Cape (MacGillivray 1852).</p>
Y19,Yuputhimri,-12.15351046,141.7946221,QLD,"<p>Between Janie Creek and the Pennefather River (Crowley 1981). the Yupungatti between Janie Creek and the Pennefather River (Thomson, 1934:218)</p><p>... along the coastline from extending from Cullen Point (Batavia River) to the northern side of Duyfhen Point, a distance of about 50 miles (Hey in Roth, 1903:3)</p>"
Y208,Uw Olem,,,QLD,
Y199,Ogh Alungul,-14.68081463,144.0763313,QLD,<p>... on the eastern slopes of the Great Dividing Range around the Morehead and Hann Rivers (Sommer 2007 p.c.).</p>
Y204,Koko Beberam,,,QLD,
Y214,Yirrk-Thangalkl,-15.30127415,141.6169403,QLD,"<p>Yirrk-Thangalkl ... around the mouths of the South and Main Mitchell Rivers; Yirrk-Mel ... to the south, around 10 km north of Kowanyama. The boundary of Kok-Kaper and Yirrk-Thangalkl/Mel runs south of the South Mitchell River ? but the people of that area were always ""mixed"" Kok-Kaper/Yirrk-Thangalkl, and nowadays their language identity is Kok-Kaper (Alpher 2007 p.c.).</p>"
Y215,Kuuk Thaayunth,-14.95261902,141.6461667,QLD,"<p>Near Chapman River,'South side of river' (it is not clear whether the river here refers to Chapman River or another river (Hall MS 544).</p>"
Y228,Ithu,,,,
Y236,Yintyingka,,,QLD,"<p>in the plains and savannahs ... as well as the coastal areas and waters at the northern end of Princess Charlotte Bay, a large sheltered bay along the middle section of the east coast of Cape York Peninsula. (Verstraete & Rigsby 2015:1).</p>"
Y239,Mabuyag,,,TSI,"<p>Mabuyag is located on the islands of Mabuiag, Badu and Moa in Zenadth Kes (Torres Strait)(Round &amp; Stirling 2015:253; Torres Strait Traditional Language Centre 2026).</p><p>Neighbouring languages include Torres Strait Creole <a href=""P2"" rel=""noopener noreferrer"">P2</a>, Waru lag <a href=""Y227"" rel=""noopener noreferrer"">Y227</a> to the northeast, Kalaw Kawaw Ya <a href=""Y2"" rel=""noopener noreferrer"">Y2</a> to the north, Kulkalgaw Ya <a href=""Y4"" rel=""noopener noreferrer"">Y4</a> and Meriam Mir <a href=""Y3"" rel=""noopener noreferrer"">Y3</a> to the east, and Kawalgaw Ya <a href=""Y5"" rel=""noopener noreferrer"">Y5</a> to the south.</p>"
Y216,Ngaygungu,-17.38531233,145.3758549,QLD,"<p>Dixon (1991) locates Ngaygungu east of Mbabaram while Dixon (1982) locates it southwest of Mbabaram. In this database, the location from the former source was used for mapping.</p>"
Y229,Adithinngithigh,-12.92422851,141.7113879,QLD,
Y44,Kaanju / Kaantju,-13.39809629,142.9719833,QLD,"<p>... from the present town of Coen to north of the old Moreton Post office (about 200 km) (Thompson 1988:2).</p><p>Headwaters of Archer River; on tableland from between Ebagoola and Coen north to heads of Lockhart, Pascoe, and Batavia rivers; east to coastward slope of McIlwraith Range; west to Geikie Range and edge of plateau (Tindale 1974).</p>"
Y33,Gudjandju,,,,"<p>... in Knight Island N. to mouth of Claudie R ., including the entire Lockhardt R. valley, but excluding the coastal strip from the Mission site around Cape Direction to Orchild Point (LMW) (Oates 1975: 282).</p>"
Y53,Wik Me'anh,-14.0117755,141.9278174,QLD,<p>It [Wik Me'anh] was traditionally spoken a little way inland north of Kendall River (Smith and Johnson 2000: 363).</p>
Y60,Ayapathu,-14.41851388,143.2399247,QLD,"<p>The inland, centering around Ebagoola and extending north towards Coen along the range, also along the coast from Running Creek to the Stewart River (Rigsby 1992:357). It is the language whose speakers are said to have lived mainly from Coen south to around Ebagoola and on the upper Holroyd River (Rigsby 2005:footnote). Port Stewart is situated in the estate of the coastal Ayapthu-speaking clan and the neighbouring coastal estates to the north and south were owned by other coastal Ayapathu-speaking clans (Rigsby 2005:footnote 27). The indigenous language with the widest use at Port Stewart in 1928 seems to have been Impila (Rigsby 2005:135).</p><p>From north of Ebagoola south to Musgrave; west to headwaters of Coleman and Holroyd rivers; east to Dividing Range and Violet Vale (Tindale 1974).</p>"
Y73,Uw Olkola,-15.34793754,142.6986428,QLD,"<p>Olgol (sometimes, Olkol) was and is spoken to the south of Olkola proper, say, from the Alice River southward (Rigsby 2007 p.c.).</p><p>Middle Coleman River; south to Crosbie River. Despite similarities in name and contiguity, it seems that the Kokangol are a separate tribe higher up on the Alice River watershed (Tindale 1974).</p>"
Y74,Gugu Yawa,-15.38018988,144.0313789,QLD,<p>Southeast of Morehead River to Laura; south to North Palmer River and the Great Dividing Range; upper Mosman and Kennedy rivers (Tindale 1974).</p><p>East of Morehead River to Laura; south to Great Dividing Range; Upper Hann and Kennedy Rivers. (Capell 1963).</p>
Y71,Gugu Rarmul,-14.76750144,144.1096839,QLD,<p>Mid Morehead and Kennedy Rivers (Oates 1975:287).</p>
Y82,Guugu Yimithirr,-15.08521754,144.9427946,QLD,"<p>from the Annan River and Cooktown north to the mouth of the Jeannie River. From there the territory extended west to somewhere around the mouth of the Jack River, and from there south to the area of the Normanby River called Battle camp. Several islands including Lizard Island (Haviland 1979:31). From Endeavour River (Cooktown) north to the southern vicinity of Cape Flattery; inland to vicinity of Battle Camp and to near Welcome; at Cape Bedford (Tindale 1974).</p>"
C48,Arandic,,,"NT,SA",<p>See each Arandic language variety.</p>
Y98,Kuku Waldja / Wulpura,-16.22631865,145.0767116,QLD,<p>None in AUSTLANG</p>
